2026-07-17 20:24:35 - root - INFO - Health check called
2026-07-17 20:25:05 - root - INFO - Health check called
2026-07-17 20:25:35 - root - INFO - Health check called
2026-07-17 20:25:40 - root - INFO - TELEGRAM_WEBHOOK_URL not set — skipping webhook registration
2026-07-17 20:26:05 - root - INFO - Health check called
2026-07-17 20:26:35 - root - INFO - Health check called
2026-07-17 20:27:05 - root - INFO - Health check called
2026-07-17 20:27:36 - root - INFO - Health check called
2026-07-17 20:28:06 - root - INFO - Health check called
r/api/v1/admin/dashboard "HTTP/1.1 200 OK"
2026-07-17 20:25:45 - root - INFO - TELEGRAM_WEBHOOK_URL not set — skipping webhook registration
2026-07-17 20:25:46 - httpx - INFO - HTTP Request: POST http://testserver/api/v1/auth/login "HTTP/1.1 200 OK"
2026-07-17 20:25:46 - httpx - INFO - HTTP Request: GET http://testserver/api/v1/admin/users "HTTP/1.1 200 OK"
2026-07-17 20:25:46 - root - INFO - TELEGRAM_WEBHOOK_URL not set — skipping webhook registration
2026-07-17 20:25:46 - httpx - INFO - HTTP Request: POST http://testserver/api/v1/auth/login "HTTP/1.1 200 OK"
2026-07-17 20:25:46 - httpx - INFO - HTTP Request: GET http://testserver/api/v1/admin/brands "HTTP/1.1 200 OK"
2026-07-17 20:25:46 - root - INFO - TELEGRAM_WEBHOOK_URL not set — skipping webhook registration
2026-07-17 20:25:46 - httpx - INFO - HTTP Request: POST http://testserver/api/v1/auth/login "HTTP/1.1 200 OK"
2026-07-17 20:25:46 - httpx - INFO - HTTP Request: GET http://testserver/api/v1/admin/products?page=1&page_size=10 "HTTP/1.1 200 OK"
2026-07-17 20:25:46 - root - INFO - TELEGRAM_WEBHOOK_URL not set — skipping webhook registration
2026-07-17 20:25:47 - httpx - INFO - HTTP Request: POST http://testserver/api/v1/auth/login "HTTP/1.1 200 OK"
2026-07-17 20:25:47 - httpx - INFO - HTTP Request: GET http://testserver/api/v1/admin/orders "HTTP/1.1 200 OK"
2026-07-17 20:25:47 - root - INFO - TELEGRAM_WEBHOOK_URL not set — skipping webhook registration
2026-07-17 20:25:47 - httpx - INFO - HTTP Request: POST http://testserver/api/v1/auth/login "HTTP/1.1 200 OK"
2026-07-17 20:25:47 - httpx - INFO - HTTP Request: GET http://testserver/api/v1/admin/dashboard "HTTP/1.1 200 OK"
2026-07-17 20:25:47 - root - INFO - TELEGRAM_WEBHOOK_URL not set — skipping webhook registration
2026-07-17 20:25:48 - httpx - INFO - HTTP Request: POST http://testserver/api/v1/auth/login "HTTP/1.1 200 OK"
2026-07-17 20:25:48 - httpx - INFO - HTTP Request: GET http://testserver/api/v1/admin/catalog/types "HTTP/1.1 401 Unauthorized"
2026-07-17 20:25:48 - root - INFO - TELEGRAM_WEBHOOK_URL not set — skipping webhook registration
2026-07-17 20:25:48 - httpx - INFO - HTTP Request: POST http://testserver/api/v1/auth/login "HTTP/1.1 200 OK"
2026-07-17 20:25:48 - httpx - INFO - HTTP Request: GET http://testserver/api/v1/admin/catalog/years?type=passenger "HTTP/1.1 401 Unauthorized"
2026-07-17 20:25:48 - root - INFO - TELEGRAM_WEBHOOK_URL not set — skipping webhook registration
2026-07-17 20:25:49 - httpx - INFO - HTTP Request: POST http://testserver/api/v1/auth/login "HTTP/1.1 200 OK"
2026-07-17 20:25:49 - httpx - INFO - HTTP Request: GET http://testserver/api/v1/admin/catalog/makes?type=passenger&year=2020 "HTTP/1.1 401 Unauthorized"
2026-07-17 20:25:49 - root - INFO - TELEGRAM_WEBHOOK_URL not set — skipping webhook registration
2026-07-17 20:25:50 - httpx - INFO - HTTP Request: POST http://testserver/api/v1/auth/login "HTTP/1.1 200 OK"
2026-07-17 20:25:50 - httpx - INFO - HTTP Request: GET http://testserver/api/v1/admin/categories "HTTP/1.1 200 OK"
2026-07-17 20:25:50 - root - INFO - TELEGRAM_WEBHOOK_URL not set — skipping webhook registration
2026-07-17 20:25:50 - httpx - INFO - HTTP Request: POST http://testserver/api/v1/auth/login "HTTP/1.1 200 OK"
2026-07-17 20:25:50 - httpx - INFO - HTTP Request: GET http://testserver/api/v1/admin/categories "HTTP/1.1 200 OK"
2026-07-17 20:25:50 - root - INFO - TELEGRAM_WEBHOOK_URL not set — skipping webhook registration
2026-07-17 20:25:51 - httpx - INFO - HTTP Request: POST http://testserver/api/v1/auth/login "HTTP/1.1 200 OK"
2026-07-17 20:25:51 - httpx - INFO - HTTP Request: POST http://testserver/api/v1/admin/categories "HTTP/1.1 200 OK"
2026-07-17 20:25:51 - root - INFO - TELEGRAM_WEBHOOK_URL not set — skipping webhook registration
2026-07-17 20:25:51 - httpx - INFO - HTTP Request: POST http://testserver/api/v1/auth/login "HTTP/1.1 200 OK"
2026-07-17 20:25:51 - httpx - INFO - HTTP Request: PUT http://testserver/api/v1/admin/categories/1 "HTTP/1.1 200 OK"
2026-07-17 20:25:51 - root - INFO - TELEGRAM_WEBHOOK_URL not set — skipping webhook registration
2026-07-17 20:25:52 - httpx - INFO - HTTP Request: POST http://testserver/api/v1/auth/login "HTTP/1.1 200 OK"
2026-07-17 20:25:52 - httpx - INFO - HTTP Request: PUT http://testserver/api/v1/admin/categories/99999 "HTTP/1.1 404 Not Found"
2026-07-17 20:25:52 - root - INFO - TELEGRAM_WEBHOOK_URL not set — skipping webhook registration
2026-07-17 20:25:53 - httpx - INFO - HTTP Request: POST http://testserver/api/v1/auth/login "HTTP/1.1 200 OK"
2026-07-17 20:25:53 - httpx - INFO - HTTP Request: DELETE http://testserver/api/v1/admin/categories/1 "HTTP/1.1 200 OK"
2026-07-17 20:25:53 - root - INFO - TELEGRAM_WEBHOOK_URL not set — skipping webhook registration
2026-07-17 20:25:53 - httpx - INFO - HTTP Request: POST http://testserver/api/v1/auth/login "HTTP/1.1 200 OK"
2026-07-17 20:25:53 - httpx - INFO - HTTP Request: DELETE http://testserver/api/v1/admin/categories/99999 "HTTP/1.1 404 Not Found"
2026-07-17 20:25:53 - root - INFO - TELEGRAM_WEBHOOK_URL not set — skipping webhook registration
2026-07-17 20:25:54 - httpx - INFO - HTTP Request: POST http://testserver/api/v1/auth/login "HTTP/1.1 200 OK"
2026-07-17 20:25:54 - httpx - INFO - HTTP Request: GET http://testserver/api/v1/admin/categories "HTTP/1.1 403 Forbidden"
2026-07-17 20:25:54 - root - INFO - TELEGRAM_WEBHOOK_URL not set — skipping webhook registration
2026-07-17 20:25:54 - httpx - INFO - HTTP Request: POST http://testserver/api/v1/auth/login "HTTP/1.1 200 OK"
2026-07-17 20:25:54 - httpx - INFO - HTTP Request: GET http://testserver/api/v1/admin/imports "HTTP/1.1 200 OK"
2026-07-17 20:25:54 - root - INFO - TELEGRAM_WEBHOOK_URL not set — skipping webhook registration
2026-07-17 20:25:55 - httpx - INFO - HTTP Request: POST http://testserver/api/v1/auth/login "HTTP/1.1 200 OK"
2026-07-17 20:25:55 - httpx - INFO - HTTP Request: GET http://testserver/api/v1/admin/imports "HTTP/1.1 200 OK"
2026-07-17 20:25:55 - root - INFO - TELEGRAM_WEBHOOK_URL not set — skipping webhook registration
2026-07-17 20:25:55 - httpx - INFO - HTTP Request: POST http://testserver/api/v1/auth/login "HTTP/1.1 200 OK"
2026-07-17 20:25:55 - httpx - INFO - HTTP Request: GET http://testserver/api/v1/admin/imports?supplier=GPL "HTTP/1.1 200 OK"
2026-07-17 20:25:56 - root - INFO - TELEGRAM_WEBHOOK_URL not set — skipping webhook registration
2026-07-17 20:25:56 - httpx - INFO - HTTP Request: POST http://testserver/api/v1/auth/login "HTTP/1.1 200 OK"
2026-07-17 20:25:56 - httpx - INFO - HTTP Request: GET http://testserver/api/v1/admin/imports "HTTP/1.1 403 Forbidden"
2026-07-17 20:25:56 - root - INFO - TELEGRAM_WEBHOOK_URL not set — skipping webhook registration
2026-07-17 20:25:56 - httpx - INFO - HTTP Request: POST http://testserver/api/v1/auth/login "HTTP/1.1 200 OK"
2026-07-17 20:25:56 - httpx - INFO - HTTP Request: GET http://testserver/api/v1/admin/imports/99999/download "HTTP/1.1 404 Not Found"
2026-07-17 20:25:56 - root - INFO - TELEGRAM_WEBHOOK_URL not set — skipping webhook registration
2026-07-17 20:25:57 - httpx - INFO - HTTP Request: POST http://testserver/api/v1/auth/login "HTTP/1.1 200 OK"
2026-07-17 20:25:57 - httpx - INFO - HTTP Request: GET http://testserver/api/v1/admin/imports/1/download "HTTP/1.1 404 Not Found"
2026-07-17 20:25:57 - root - INFO - TELEGRAM_WEBHOOK_URL not set — skipping webhook registration
2026-07-17 20:25:58 - httpx - INFO - HTTP Request: POST http://testserver/api/v1/auth/login "HTTP/1.1 200 OK"
2026-07-17 20:25:58 - httpx - INFO - HTTP Request: POST http://testserver/api/v1/admin/imports/99999/promote "HTTP/1.1 404 Not Found"
2026-07-17 20:25:58 - root - INFO - TELEGRAM_WEBHOOK_URL not set — skipping webhook registration
2026-07-17 20:25:58 - httpx - INFO - HTTP Request: POST http://testserver/api/v1/auth/login "HTTP/1.1 200 OK"
2026-07-17 20:25:58 - httpx - INFO - HTTP Request: POST http://testserver/api/v1/admin/imports/1/promote "HTTP/1.1 200 OK"
2026-07-17 20:25:58 - root - INFO - TELEGRAM_WEBHOOK_URL not set — skipping webhook registration
2026-07-17 20:25:59 - httpx - INFO - HTTP Request: POST http://testserver/api/v1/auth/login "HTTP/1.1 200 OK"
2026-07-17 20:25:59 - httpx - INFO - HTTP Request: DELETE http://testserver/api/v1/admin/imports/99999 "HTTP/1.1 404 Not Found"
2026-07-17 20:25:59 - root - INFO - TELEGRAM_WEBHOOK_URL not set — skipping webhook registration
2026-07-17 20:25:59 - httpx - INFO - HTTP Request: POST http://testserver/api/v1/auth/login "HTTP/1.1 200 OK"
2026-07-17 20:25:59 - httpx - INFO - HTTP Request: DELETE http://testserver/api/v1/admin/imports/1 "HTTP/1.1 200 OK"
2026-07-17 20:25:59 - root - INFO - TELEGRAM_WEBHOOK_URL not set — skipping webhook registration
2026-07-17 20:26:00 - httpx - INFO - HTTP Request: POST http://testserver/api/v1/auth/login "HTTP/1.1 200 OK"
2026-07-17 20:26:00 - httpx - INFO - HTTP Request: GET http://testserver/api/v1/admin/orders "HTTP/1.1 200 OK"
2026-07-17 20:26:00 - root - INFO - TELEGRAM_WEBHOOK_URL not set — skipping webhook registration
2026-07-17 20:26:01 - httpx - INFO - HTTP Request: POST http://testserver/api/v1/auth/login "HTTP/1.1 200 OK"
2026-07-17 20:26:01 - httpx - INFO - HTTP Request: GET http://testserver/api/v1/admin/orders "HTTP/1.1 200 OK"
2026-07-17 20:26:01 - root - INFO - TELEGRAM_WEBHOOK_URL not set — skipping webhook registration
2026-07-17 20:26:01 - httpx - INFO - HTTP Request: POST http://testserver/api/v1/auth/login "HTTP/1.1 200 OK"
2026-07-17 20:26:01 - httpx - INFO - HTTP Request: GET http://testserver/api/v1/admin/orders?status=pending "HTTP/1.1 200 OK"
2026-07-17 20:26:01 - root - INFO - TELEGRAM_WEBHOOK_URL not set — skipping webhook registration
2026-07-17 20:26:02 - httpx - INFO - HTTP Request: POST http://testserver/api/v1/auth/login "HTTP/1.1 200 OK"
2026-07-17 20:26:02 - httpx - INFO - HTTP Request: GET http://testserver/api/v1/admin/orders?search=Petrov "HTTP/1.1 200 OK"
2026-07-17 20:26:02 - root - INFO - TELEGRAM_WEBHOOK_URL not set — skipping webhook registration
2026-07-17 20:26:03 - httpx - INFO - HTTP Request: POST http://testserver/api/v1/auth/login "HTTP/1.1 200 OK"
2026-07-17 20:26:03 - httpx - INFO - HTTP Request: GET http://testserver/api/v1/admin/orders?search=1 "HTTP/1.1 200 OK"
2026-07-17 20:26:03 - root - INFO - TELEGRAM_WEBHOOK_URL not set — skipping webhook registration
2026-07-17 20:26:03 - httpx - INFO - HTTP Request: POST http://testserver/api/v1/auth/login "HTTP/1.1 200 OK"
2026-07-17 20:26:03 - httpx - INFO - HTTP Request: GET http://testserver/api/v1/admin/orders?page=1&page_size=3 "HTTP/1.1 200 OK"
2026-07-17 20:26:03 - root - INFO - TELEGRAM_WEBHOOK_URL not set — skipping webhook registration
2026-07-17 20:26:04 - httpx - INFO - HTTP Request: POST http://testserver/api/v1/auth/login "HTTP/1.1 200 OK"
2026-07-17 20:26:04 - httpx - INFO - HTTP Request: GET http://testserver/api/v1/admin/orders/1 "HTTP/1.1 200 OK"
2026-07-17 20:26:04 - root - INFO - TELEGRAM_WEBHOOK_URL not set — skipping webhook registration
2026-07-17 20:26:04 - httpx - INFO - HTTP Request: POST http://testserver/api/v1/auth/login "HTTP/1.1 200 OK"
2026-07-17 20:26:04 - httpx - INFO - HTTP Request: GET http://testserver/api/v1/admin/orders/99999 "HTTP/1.1 404 Not Found"
2026-07-17 20:26:04 - root - INFO - TELEGRAM_WEBHOOK_URL not set — skipping webhook registration
2026-07-17 20:26:05 - httpx - INFO - HTTP Request: POST http://testserver/api/v1/auth/login "HTTP/1.1 200 OK"
2026-07-17 20:26:05 - httpx - INFO - HTTP Request: PUT http://testserver/api/v1/admin/orders/1 "HTTP/1.1 200 OK"
2026-07-17 20:26:05 - root - INFO - TELEGRAM_WEBHOOK_URL not set — skipping webhook registration
2026-07-17 20:26:06 - httpx - INFO - HTTP Request: POST http://testserver/api/v1/auth/login "HTTP/1.1 200 OK"
2026-07-17 20:26:06 - httpx - INFO - HTTP Request: PUT http://testserver/api/v1/admin/orders/99999 "HTTP/1.1 404 Not Found"
2026-07-17 20:26:06 - root - INFO - TELEGRAM_WEBHOOK_URL not set — skipping webhook registration
2026-07-17 20:26:06 - httpx - INFO - HTTP Request: POST http://testserver/api/v1/auth/login "HTTP/1.1 200 OK"
2026-07-17 20:26:06 - httpx - INFO - HTTP Request: PUT http://testserver/api/v1/admin/orders/1/status "HTTP/1.1 200 OK"
2026-07-17 20:26:06 - root - INFO - TELEGRAM_WEBHOOK_URL not set — skipping webhook registration
2026-07-17 20:26:07 - httpx - INFO - HTTP Request: POST http://testserver/api/v1/auth/login "HTTP/1.1 200 OK"
2026-07-17 20:26:07 - httpx - INFO - HTTP Request: PUT http://testserver/api/v1/admin/orders/1/status "HTTP/1.1 400 Bad Request"
2026-07-17 20:26:07 - root - INFO - TELEGRAM_WEBHOOK_URL not set — skipping webhook registration
2026-07-17 20:26:08 - httpx - INFO - HTTP Request: POST http://testserver/api/v1/auth/login "HTTP/1.1 200 OK"
2026-07-17 20:26:08 - httpx - INFO - HTTP Request: PUT http://testserver/api/v1/admin/orders/99999/status "HTTP/1.1 404 Not Found"
2026-07-17 20:26:08 - root - INFO - TELEGRAM_WEBHOOK_URL not set — skipping webhook registration
2026-07-17 20:26:08 - httpx - INFO - HTTP Request: POST http://testserver/api/v1/auth/login "HTTP/1.1 200 OK"
2026-07-17 20:26:08 - httpx - INFO - HTTP Request: GET http://testserver/api/v1/admin/orders/1/history "HTTP/1.1 200 OK"
2026-07-17 20:26:08 - root - INFO - TELEGRAM_WEBHOOK_URL not set — skipping webhook registration
2026-07-17 20:26:08 - httpx - INFO - HTTP Request: POST http://testserver/api/v1/auth/login "HTTP/1.1 200 OK"
2026-07-17 20:26:09 - httpx - INFO - HTTP Request: GET http://testserver/api/v1/admin/orders "HTTP/1.1 403 Forbidden"
2026-07-17 20:26:09 - root - INFO - TELEGRAM_WEBHOOK_URL not set — skipping webhook registration
2026-07-17 20:26:09 - httpx - INFO - HTTP Request: POST http://testserver/api/v1/auth/login "HTTP/1.1 200 OK"
2026-07-17 20:26:09 - httpx - INFO - HTTP Request: GET http://testserver/api/v1/admin/pricing/general "HTTP/1.1 200 OK"
2026-07-17 20:26:09 - root - INFO - TELEGRAM_WEBHOOK_URL not set — skipping webhook registration
2026-07-17 20:26:10 - httpx - INFO - HTTP Request: POST http://testserver/api/v1/auth/login "HTTP/1.1 200 OK"
2026-07-17 20:26:10 - httpx - INFO - HTTP Request: PUT http://testserver/api/v1/admin/pricing/general "HTTP/1.1 200 OK"
2026-07-17 20:26:10 - root - INFO - TELEGRAM_WEBHOOK_URL not set — skipping webhook registration
2026-07-17 20:26:10 - httpx - INFO - HTTP Request: POST http://testserver/api/v1/auth/login "HTTP/1.1 200 OK"
2026-07-17 20:26:10 - httpx - INFO - HTTP Request: GET http://testserver/api/v1/admin/pricing/general "HTTP/1.1 403 Forbidden"
2026-07-17 20:26:10 - root - INFO - TELEGRAM_WEBHOOK_URL not set — skipping webhook registration
2026-07-17 20:26:11 - httpx - INFO - HTTP Request: POST http://testserver/api/v1/auth/login "HTTP/1.1 200 OK"
2026-07-17 20:26:11 - httpx - INFO - HTTP Request: GET http://testserver/api/v1/admin/pricing/categories "HTTP/1.1 200 OK"
2026-07-17 20:26:11 - root - INFO - TELEGRAM_WEBHOOK_URL not set — skipping webhook registration
2026-07-17 20:26:11 - httpx - INFO - HTTP Request: POST http://testserver/api/v1/auth/login "HTTP/1.1 200 OK"
2026-07-17 20:26:11 - httpx - INFO - HTTP Request: PUT http://testserver/api/v1/admin/pricing/categories/1 "HTTP/1.1 200 OK"
2026-07-17 20:26:11 - root - INFO - TELEGRAM_WEBHOOK_URL not set — skipping webhook registration
2026-07-17 20:26:12 - httpx - INFO - HTTP Request: POST http://testserver/api/v1/auth/login "HTTP/1.1 200 OK"
2026-07-17 20:26:12 - httpx - INFO - HTTP Request: GET http://testserver/api/v1/admin/pricing/history "HTTP/1.1 200 OK"
2026-07-17 20:26:12 - root - INFO - TELEGRAM_WEBHOOK_URL not set — skipping webhook registration
2026-07-17 20:26:13 - httpx - INFO - HTTP Request: POST http://testserver/api/v1/auth/login "HTTP/1.1 200 OK"
2026-07-17 20:26:13 - httpx - INFO - HTTP Request: GET http://testserver/api/v1/admin/pricing/history?type=category&category_id=1 "HTTP/1.1 200 OK"
2026-07-17 20:26:13 - root - INFO - TELEGRAM_WEBHOOK_URL not set — skipping webhook registration
2026-07-17 20:26:13 - httpx - INFO - HTTP Request: POST http://testserver/api/v1/auth/login "HTTP/1.1 200 OK"
2026-07-17 20:26:13 - httpx - INFO - HTTP Request: GET http://testserver/api/v1/admin/pricing/applied-history "HTTP/1.1 200 OK"
2026-07-17 20:26:13 - root - INFO - TELEGRAM_WEBHOOK_URL not set — skipping webhook registration
2026-07-17 20:26:14 - httpx - INFO - HTTP Request: POST http://testserver/api/v1/auth/login "HTTP/1.1 200 OK"
2026-07-17 20:26:14 - httpx - INFO - HTTP Request: GET http://testserver/api/v1/admin/products "HTTP/1.1 200 OK"
2026-07-17 20:26:14 - root - INFO - TELEGRAM_WEBHOOK_URL not set — skipping webhook registration
2026-07-17 20:26:14 - httpx - INFO - HTTP Request: POST http://testserver/api/v1/auth/login "HTTP/1.1 200 OK"
2026-07-17 20:26:14 - httpx - INFO - HTTP Request: GET http://testserver/api/v1/admin/products "HTTP/1.1 200 OK"
2026-07-17 20:26:14 - root - INFO - TELEGRAM_WEBHOOK_URL not set — skipping webhook registration
2026-07-17 20:26:15 - httpx - INFO - HTTP Request: POST http://testserver/api/v1/auth/login "HTTP/1.1 200 OK"
2026-07-17 20:26:15 - httpx - INFO - HTTP Request: GET http://testserver/api/v1/admin/products "HTTP/1.1 403 Forbidden"
2026-07-17 20:26:15 - root - INFO - TELEGRAM_WEBHOOK_URL not set — skipping webhook registration
2026-07-17 20:26:15 - httpx - INFO - HTTP Request: POST http://testserver/api/v1/auth/login "HTTP/1.1 200 OK"
2026-07-17 20:26:15 - httpx - INFO - HTTP Request: DELETE http://testserver/api/v1/admin/products/1 "HTTP/1.1 200 OK"
2026-07-17 20:26:15 - root - INFO - TELEGRAM_WEBHOOK_URL not set — skipping webhook registration
2026-07-17 20:26:16 - httpx - INFO - HTTP Request: POST http://testserver/api/v1/auth/login "HTTP/1.1 200 OK"
2026-07-17 20:26:16 - httpx - INFO - HTTP Request: DELETE http://testserver/api/v1/admin/products/99999 "HTTP/1.1 404 Not Found"
2026-07-17 20:26:16 - root - INFO - TELEGRAM_WEBHOOK_URL not set — skipping webhook registration
2026-07-17 20:26:17 - httpx - INFO - HTTP Request: POST http://testserver/api/v1/auth/login "HTTP/1.1 200 OK"
2026-07-17 20:26:17 - httpx - INFO - HTTP Request: GET http://testserver/api/v1/admin/roles "HTTP/1.1 200 OK"
2026-07-17 20:26:17 - root - INFO - TELEGRAM_WEBHOOK_URL not set — skipping webhook registration
2026-07-17 20:26:17 - httpx - INFO - HTTP Request: POST http://testserver/api/v1/auth/login "HTTP/1.1 200 OK"
2026-07-17 20:26:17 - httpx - INFO - HTTP Request: GET http://testserver/api/v1/admin/roles "HTTP/1.1 403 Forbidden"
2026-07-17 20:26:17 - root - INFO - TELEGRAM_WEBHOOK_URL not set — skipping webhook registration
2026-07-17 20:26:18 - httpx - INFO - HTTP Request: POST http://testserver/api/v1/auth/login "HTTP/1.1 200 OK"
2026-07-17 20:26:18 - httpx - INFO - HTTP Request: POST http://testserver/api/v1/admin/roles "HTTP/1.1 200 OK"
2026-07-17 20:26:18 - root - INFO - TELEGRAM_WEBHOOK_URL not set — skipping webhook registration
2026-07-17 20:26:18 - httpx - INFO - HTTP Request: POST http://testserver/api/v1/auth/login "HTTP/1.1 200 OK"
2026-07-17 20:26:18 - httpx - INFO - HTTP Request: POST http://testserver/api/v1/admin/roles "HTTP/1.1 200 OK"
2026-07-17 20:26:18 - httpx - INFO - HTTP Request: POST http://testserver/api/v1/admin/roles "HTTP/1.1 400 Bad Request"
2026-07-17 20:26:18 - root - INFO - TELEGRAM_WEBHOOK_URL not set — skipping webhook registration
2026-07-17 20:26:19 - httpx - INFO - HTTP Request: POST http://testserver/api/v1/auth/login "HTTP/1.1 200 OK"
2026-07-17 20:26:19 - httpx - INFO - HTTP Request: POST http://testserver/api/v1/admin/roles "HTTP/1.1 200 OK"
2026-07-17 20:26:19 - httpx - INFO - HTTP Request: PUT http://testserver/api/v1/admin/roles/2 "HTTP/1.1 200 OK"
2026-07-17 20:26:19 - root - INFO - TELEGRAM_WEBHOOK_URL not set — skipping webhook registration
2026-07-17 20:26:19 - httpx - INFO - HTTP Request: POST http://testserver/api/v1/auth/login "HTTP/1.1 200 OK"
2026-07-17 20:26:19 - httpx - INFO - HTTP Request: PUT http://testserver/api/v1/admin/roles/99999 "HTTP/1.1 404 Not Found"
2026-07-17 20:26:19 - root - INFO - TELEGRAM_WEBHOOK_URL not set — skipping webhook registration
2026-07-17 20:26:20 - httpx - INFO - HTTP Request: POST http://testserver/api/v1/auth/login "HTTP/1.1 200 OK"
2026-07-17 20:26:20 - httpx - INFO - HTTP Request: POST http://testserver/api/v1/admin/roles "HTTP/1.1 200 OK"
2026-07-17 20:26:20 - httpx - INFO - HTTP Request: DELETE http://testserver/api/v1/admin/roles/2 "HTTP/1.1 200 OK"
2026-07-17 20:26:20 - root - INFO - TELEGRAM_WEBHOOK_URL not set — skipping webhook registration
2026-07-17 20:26:21 - httpx - INFO - HTTP Request: POST http://testserver/api/v1/auth/login "HTTP/1.1 200 OK"
2026-07-17 20:26:21 - httpx - INFO - HTTP Request: DELETE http://testserver/api/v1/admin/roles/99999 "HTTP/1.1 404 Not Found"
2026-07-17 20:26:21 - root - INFO - TELEGRAM_WEBHOOK_URL not set — skipping webhook registration
2026-07-17 20:26:21 - httpx - INFO - HTTP Request: POST http://testserver/api/v1/auth/login "HTTP/1.1 200 OK"
2026-07-17 20:26:21 - httpx - INFO - HTTP Request: GET http://testserver/api/v1/admin/permissions "HTTP/1.1 200 OK"
2026-07-17 20:26:21 - root - INFO - TELEGRAM_WEBHOOK_URL not set — skipping webhook registration
2026-07-17 20:26:22 - httpx - INFO - HTTP Request: POST http://testserver/api/v1/auth/login "HTTP/1.1 200 OK"
2026-07-17 20:26:22 - httpx - INFO - HTTP Request: GET http://testserver/api/v1/admin/schedules "HTTP/1.1 200 OK"
2026-07-17 20:26:22 - root - INFO - TELEGRAM_WEBHOOK_URL not set — skipping webhook registration
2026-07-17 20:26:23 - httpx - INFO - HTTP Request: POST http://testserver/api/v1/auth/login "HTTP/1.1 200 OK"
2026-07-17 20:26:23 - httpx - INFO - HTTP Request: GET http://testserver/api/v1/admin/schedules "HTTP/1.1 200 OK"
2026-07-17 20:26:23 - root - INFO - TELEGRAM_WEBHOOK_URL not set — skipping webhook registration
2026-07-17 20:26:23 - httpx - INFO - HTTP Request: POST http://testserver/api/v1/auth/login "HTTP/1.1 200 OK"
2026-07-17 20:26:23 - httpx - INFO - HTTP Request: GET http://testserver/api/v1/admin/schedules "HTTP/1.1 403 Forbidden"
2026-07-17 20:26:23 - root - INFO - TELEGRAM_WEBHOOK_URL not set — skipping webhook registration
2026-07-17 20:26:23 - httpx - INFO - HTTP Request: POST http://testserver/api/v1/auth/login "HTTP/1.1 200 OK"
2026-07-17 20:26:23 - httpx - INFO - HTTP Request: PUT http://testserver/api/v1/admin/schedules/UTR "HTTP/1.1 200 OK"
2026-07-17 20:26:24 - root - INFO - TELEGRAM_WEBHOOK_URL not set — skipping webhook registration
2026-07-17 20:26:24 - httpx - INFO - HTTP Request: POST http://testserver/api/v1/auth/login "HTTP/1.1 200 OK"
2026-07-17 20:26:24 - httpx - INFO - HTTP Request: PUT http://testserver/api/v1/admin/schedules/UNKNOWN "HTTP/1.1 404 Not Found"
2026-07-17 20:26:24 - root - INFO - TELEGRAM_WEBHOOK_URL not set — skipping webhook registration
2026-07-17 20:26:25 - httpx - INFO - HTTP Request: POST http://testserver/api/v1/auth/login "HTTP/1.1 200 OK"
2026-07-17 20:26:25 - httpx - INFO - HTTP Request: POST http://testserver/api/v1/admin/schedules/UNKNOWN/run "HTTP/1.1 404 Not Found"
2026-07-17 20:26:25 - root - INFO - TELEGRAM_WEBHOOK_URL not set — skipping webhook registration
2026-07-17 20:26:25 - httpx - INFO - HTTP Request: POST http://testserver/api/v1/auth/login "HTTP/1.1 200 OK"
2026-07-17 20:26:25 - httpx - INFO - HTTP Request: GET http://testserver/api/v1/admin/suppliers "HTTP/1.1 200 OK"
2026-07-17 20:26:25 - root - INFO - TELEGRAM_WEBHOOK_URL not set — skipping webhook registration
2026-07-17 20:26:26 - httpx - INFO - HTTP Request: POST http://testserver/api/v1/auth/login "HTTP/1.1 200 OK"
2026-07-17 20:26:26 - httpx - INFO - HTTP Request: GET http://testserver/api/v1/admin/suppliers "HTTP/1.1 200 OK"
2026-07-17 20:26:26 - root - INFO - TELEGRAM_WEBHOOK_URL not set — skipping webhook registration
2026-07-17 20:26:26 - httpx - INFO - HTTP Request: POST http://testserver/api/v1/auth/login "HTTP/1.1 200 OK"
2026-07-17 20:26:26 - httpx - INFO - HTTP Request: GET http://testserver/api/v1/admin/suppliers "HTTP/1.1 403 Forbidden"
2026-07-17 20:26:26 - root - INFO - TELEGRAM_WEBHOOK_URL not set — skipping webhook registration
2026-07-17 20:26:27 - httpx - INFO - HTTP Request: POST http://testserver/api/v1/auth/login "HTTP/1.1 200 OK"
2026-07-17 20:26:27 - httpx - INFO - HTTP Request: PUT http://testserver/api/v1/admin/suppliers/GPL "HTTP/1.1 200 OK"
2026-07-17 20:26:27 - root - INFO - TELEGRAM_WEBHOOK_URL not set — skipping webhook registration
2026-07-17 20:26:27 - httpx - INFO - HTTP Request: POST http://testserver/api/v1/auth/login "HTTP/1.1 200 OK"
2026-07-17 20:26:27 - httpx - INFO - HTTP Request: PUT http://testserver/api/v1/admin/suppliers/UNKNOWN "HTTP/1.1 404 Not Found"
2026-07-17 20:26:27 - root - INFO - TELEGRAM_WEBHOOK_URL not set — skipping webhook registration
2026-07-17 20:26:28 - httpx - INFO - HTTP Request: POST http://testserver/api/v1/auth/login "HTTP/1.1 200 OK"
2026-07-17 20:26:28 - httpx - INFO - HTTP Request: GET http://testserver/api/v1/admin/suppliers/GPL/token-status "HTTP/1.1 200 OK"
2026-07-17 20:26:28 - root - INFO - TELEGRAM_WEBHOOK_URL not set — skipping webhook registration
2026-07-17 20:26:29 - httpx - INFO - HTTP Request: POST http://testserver/api/v1/auth/login "HTTP/1.1 200 OK"
2026-07-17 20:26:29 - httpx - INFO - HTTP Request: GET http://testserver/api/v1/admin/suppliers/UNKNOWN/token-status "HTTP/1.1 404 Not Found"
2026-07-17 20:26:29 - root - INFO - TELEGRAM_WEBHOOK_URL not set — skipping webhook registration
2026-07-17 20:26:29 - httpx - INFO - HTTP Request: POST http://testserver/api/v1/auth/login "HTTP/1.1 200 OK"
2026-07-17 20:26:30 - httpx - INFO - HTTP Request: GET http://testserver/api/v1/admin/workers "HTTP/1.1 200 OK"
2026-07-17 20:26:30 - root - INFO - TELEGRAM_WEBHOOK_URL not set — skipping webhook registration
2026-07-17 20:26:31 - httpx - INFO - HTTP Request: POST http://testserver/api/v1/auth/login "HTTP/1.1 200 OK"
2026-07-17 20:26:31 - httpx - INFO - HTTP Request: GET http://testserver/api/v1/admin/workers "HTTP/1.1 403 Forbidden"
2026-07-17 20:26:31 - root - INFO - TELEGRAM_WEBHOOK_URL not set — skipping webhook registration
2026-07-17 20:26:31 - httpx - INFO - HTTP Request: POST http://testserver/api/v1/auth/login "HTTP/1.1 200 OK"
2026-07-17 20:26:31 - httpx - INFO - HTTP Request: POST http://testserver/api/v1/admin/workers/tasks/fake-task-id/revoke "HTTP/1.1 200 OK"
2026-07-17 20:26:31 - root - INFO - TELEGRAM_WEBHOOK_URL not set — skipping webhook registration
2026-07-17 20:26:32 - httpx - INFO - HTTP Request: POST http://testserver/api/v1/auth/login "HTTP/1.1 200 OK"
2026-07-17 20:26:32 - httpx - INFO - HTTP Request: POST http://testserver/api/v1/admin/workers/restart "HTTP/1.1 200 OK"
2026-07-17 20:26:33 - root - INFO - TELEGRAM_WEBHOOK_URL not set — skipping webhook registration
2026-07-17 20:26:33 - httpx - INFO - HTTP Request: POST http://testserver/api/v1/auth/register "HTTP/1.1 200 OK"
2026-07-17 20:26:33 - root - INFO - TELEGRAM_WEBHOOK_URL not set — skipping webhook registration
2026-07-17 20:26:34 - httpx - INFO - HTTP Request: POST http://testserver/api/v1/auth/login "HTTP/1.1 200 OK"
2026-07-17 20:26:34 - root - INFO - TELEGRAM_WEBHOOK_URL not set — skipping webhook registration
2026-07-17 20:26:34 - httpx - INFO - HTTP Request: POST http://testserver/api/v1/auth/login "HTTP/1.1 401 Unauthorized"
2026-07-17 20:26:34 - root - INFO - TELEGRAM_WEBHOOK_URL not set — skipping webhook registration
2026-07-17 20:26:34 - httpx - INFO - HTTP Request: POST http://testserver/api/v1/auth/register "HTTP/1.1 400 Bad Request"
2026-07-17 20:26:34 - root - INFO - TELEGRAM_WEBHOOK_URL not set — skipping webhook registration
2026-07-17 20:26:34 - httpx - INFO - HTTP Request: POST http://testserver/api/v1/auth/login "HTTP/1.1 200 OK"
2026-07-17 20:26:34 - httpx - INFO - HTTP Request: GET http://testserver/api/v1/users/me "HTTP/1.1 200 OK"
2026-07-17 20:26:34 - root - INFO - TELEGRAM_WEBHOOK_URL not set — skipping webhook registration
2026-07-17 20:26:35 - httpx - INFO - HTTP Request: POST http://testserver/api/v1/auth/login "HTTP/1.1 200 OK"
2026-07-17 20:26:35 - httpx - INFO - HTTP Request: POST http://testserver/api/v1/users/change-password "HTTP/1.1 200 OK"
2026-07-17 20:26:35 - root - INFO - TELEGRAM_WEBHOOK_URL not set — skipping webhook registration
2026-07-17 20:26:36 - httpx - INFO - HTTP Request: POST http://testserver/api/v1/auth/login "HTTP/1.1 200 OK"
2026-07-17 20:26:36 - httpx - INFO - HTTP Request: POST http://testserver/api/v1/users/change-password "HTTP/1.1 400 Bad Request"
2026-07-17 20:26:36 - root - INFO - TELEGRAM_WEBHOOK_URL not set — skipping webhook registration
2026-07-17 20:26:36 - httpx - INFO - HTTP Request: POST http://testserver/api/v1/auth/login "HTTP/1.1 200 OK"
2026-07-17 20:26:36 - httpx - INFO - HTTP Request: GET http://testserver/api/v1/cart/ "HTTP/1.1 200 OK"
2026-07-17 20:26:36 - root - INFO - TELEGRAM_WEBHOOK_URL not set — skipping webhook registration
2026-07-17 20:26:36 - httpx - INFO - HTTP Request: POST http://testserver/api/v1/auth/login "HTTP/1.1 200 OK"
2026-07-17 20:26:36 - httpx - INFO - HTTP Request: POST http://testserver/api/v1/cart/add "HTTP/1.1 200 OK"
2026-07-17 20:26:37 - root - INFO - TELEGRAM_WEBHOOK_URL not set — skipping webhook registration
2026-07-17 20:26:37 - httpx - INFO - HTTP Request: POST http://testserver/api/v1/auth/login "HTTP/1.1 200 OK"
2026-07-17 20:26:37 - httpx - INFO - HTTP Request: POST http://testserver/api/v1/cart/add "HTTP/1.1 200 OK"
2026-07-17 20:26:37 - httpx - INFO - HTTP Request: GET http://testserver/api/v1/cart/ "HTTP/1.1 200 OK"
2026-07-17 20:26:37 - httpx - INFO - HTTP Request: PUT http://testserver/api/v1/cart/1 "HTTP/1.1 200 OK"
2026-07-17 20:26:37 - root - INFO - TELEGRAM_WEBHOOK_URL not set — skipping webhook registration
2026-07-17 20:26:37 - httpx - INFO - HTTP Request: POST http://testserver/api/v1/auth/login "HTTP/1.1 200 OK"
2026-07-17 20:26:37 - httpx - INFO - HTTP Request: POST http://testserver/api/v1/cart/add "HTTP/1.1 200 OK"
2026-07-17 20:26:37 - httpx - INFO - HTTP Request: GET http://testserver/api/v1/cart/ "HTTP/1.1 200 OK"
2026-07-17 20:26:37 - httpx - INFO - HTTP Request: DELETE http://testserver/api/v1/cart/1 "HTTP/1.1 200 OK"
2026-07-17 20:26:37 - root - INFO - TELEGRAM_WEBHOOK_URL not set — skipping webhook registration
2026-07-17 20:26:37 - httpx - INFO - HTTP Request: GET http://testserver/api/v1/cart/ "HTTP/1.1 401 Unauthorized"
2026-07-17 20:26:37 - root - INFO - TELEGRAM_WEBHOOK_URL not set — skipping webhook registration
2026-07-17 20:26:37 - httpx - INFO - HTTP Request: GET http://testserver/api/v1/catalog/makes "HTTP/1.1 200 OK"
2026-07-17 20:26:37 - root - INFO - TELEGRAM_WEBHOOK_URL not set — skipping webhook registration
2026-07-17 20:26:37 - httpx - INFO - HTTP Request: GET http://testserver/api/v1/catalog/models/1 "HTTP/1.1 200 OK"
2026-07-17 20:26:37 - root - INFO - TELEGRAM_WEBHOOK_URL not set — skipping webhook registration
2026-07-17 20:26:37 - httpx - INFO - HTTP Request: GET http://testserver/api/v1/catalog/makes "HTTP/1.1 200 OK"
2026-07-17 20:26:37 - root - INFO - TELEGRAM_WEBHOOK_URL not set — skipping webhook registration
2026-07-17 20:26:37 - httpx - INFO - HTTP Request: GET http://testserver/api/v1/catalog/makes "HTTP/1.1 200 OK"
2026-07-17 20:26:37 - root - INFO - TELEGRAM_WEBHOOK_URL not set — skipping webhook registration
2026-07-17 20:26:37 - httpx - INFO - HTTP Request: GET http://testserver/api/v1/catalog/models/1 "HTTP/1.1 200 OK"
2026-07-17 20:26:38 - root - INFO - TELEGRAM_WEBHOOK_URL not set — skipping webhook registration
2026-07-17 20:26:38 - httpx - INFO - HTTP Request: GET http://testserver/api/v1/catalog/models/1 "HTTP/1.1 200 OK"
2026-07-17 20:26:38 - root - INFO - TELEGRAM_WEBHOOK_URL not set — skipping webhook registration
2026-07-17 20:26:38 - httpx - INFO - HTTP Request: GET http://testserver/api/v1/catalog/modifications/1 "HTTP/1.1 200 OK"
2026-07-17 20:26:38 - root - INFO - TELEGRAM_WEBHOOK_URL not set — skipping webhook registration
2026-07-17 20:26:38 - httpx - INFO - HTTP Request: GET http://testserver/api/v1/catalog/modifications/1 "HTTP/1.1 200 OK"
2026-07-17 20:26:38 - root - INFO - TELEGRAM_WEBHOOK_URL not set — skipping webhook registration
2026-07-17 20:26:38 - httpx - INFO - HTTP Request: GET http://testserver/api/v1/catalog/sections/1 "HTTP/1.1 200 OK"
2026-07-17 20:26:38 - root - INFO - TELEGRAM_WEBHOOK_URL not set — skipping webhook registration
2026-07-17 20:26:38 - httpx - INFO - HTTP Request: GET http://testserver/api/v1/catalog/search?q=BR001 "HTTP/1.1 200 OK"
2026-07-17 20:26:38 - root - INFO - TELEGRAM_WEBHOOK_URL not set — skipping webhook registration
2026-07-17 20:26:38 - httpx - INFO - HTTP Request: GET http://testserver/api/v1/catalog/search?q=ZZZ999 "HTTP/1.1 200 OK"
2026-07-17 20:26:38 - root - INFO - TELEGRAM_WEBHOOK_URL not set — skipping webhook registration
2026-07-17 20:26:38 - httpx - INFO - HTTP Request: GET http://testserver/api/v1/catalog/search "HTTP/1.1 422 Unprocessable Entity"
2026-07-17 20:26:38 - root - INFO - TELEGRAM_WEBHOOK_URL not set — skipping webhook registration
2026-07-17 20:26:38 - httpx - INFO - HTTP Request: GET http://testserver/api/v1/catalog/search/autocomplete?q=TEST "HTTP/1.1 200 OK"
2026-07-17 20:26:38 - root - INFO - TELEGRAM_WEBHOOK_URL not set — skipping webhook registration
2026-07-17 20:26:38 - httpx - INFO - HTTP Request: GET http://testserver/api/v1/catalog/vehicle/years?type=passenger "HTTP/1.1 200 OK"
2026-07-17 20:26:38 - root - INFO - TELEGRAM_WEBHOOK_URL not set — skipping webhook registration
2026-07-17 20:26:38 - httpx - INFO - HTTP Request: GET http://testserver/api/v1/catalog/vehicle/years?type=invalid "HTTP/1.1 200 OK"
2026-07-17 20:26:38 - root - INFO - TELEGRAM_WEBHOOK_URL not set — skipping webhook registration
2026-07-17 20:26:38 - httpx - INFO - HTTP Request: GET http://testserver/api/v1/catalog/vehicle/makes?type=passenger&year=2020 "HTTP/1.1 200 OK"
2026-07-17 20:26:38 - root - INFO - TELEGRAM_WEBHOOK_URL not set — skipping webhook registration
2026-07-17 20:26:38 - httpx - INFO - HTTP Request: GET http://testserver/api/v1/catalog/vehicle/models?type=passenger&year=2020&make_id=1 "HTTP/1.1 200 OK"
2026-07-17 20:26:38 - root - INFO - TELEGRAM_WEBHOOK_URL not set — skipping webhook registration
2026-07-17 20:26:38 - httpx - INFO - HTTP Request: GET http://testserver/api/v1/catalog/vehicle/cars?type=passenger&year=2020&model_id=1 "HTTP/1.1 200 OK"
2026-07-17 20:26:38 - root - INFO - TELEGRAM_WEBHOOK_URL not set — skipping webhook registration
2026-07-17 20:26:38 - httpx - INFO - HTTP Request: GET http://testserver/api/v1/catalog/vehicle/volumes?year=2020&model_id=1 "HTTP/1.1 200 OK"
2026-07-17 20:26:38 - root - INFO - TELEGRAM_WEBHOOK_URL not set — skipping webhook registration
2026-07-17 20:26:38 - httpx - INFO - HTTP Request: GET http://testserver/api/v1/catalog/vehicle/engines?year=2020&model_id=1 "HTTP/1.1 422 Unprocessable Entity"
2026-07-17 20:26:38 - root - INFO - TELEGRAM_WEBHOOK_URL not set — skipping webhook registration
2026-07-17 20:26:38 - httpx - INFO - HTTP Request: GET http://testserver/api/v1/categories/header "HTTP/1.1 200 OK"
2026-07-17 20:26:38 - root - INFO - TELEGRAM_WEBHOOK_URL not set — skipping webhook registration
2026-07-17 20:26:38 - httpx - INFO - HTTP Request: GET http://testserver/api/v1/categories/header?locale=en "HTTP/1.1 200 OK"
2026-07-17 20:26:38 - root - INFO - TELEGRAM_WEBHOOK_URL not set — skipping webhook registration
2026-07-17 20:26:38 - httpx - INFO - HTTP Request: GET http://testserver/api/v1/categories/header?locale=de "HTTP/1.1 422 Unprocessable Entity"
2026-07-17 20:26:38 - root - INFO - TELEGRAM_WEBHOOK_URL not set — skipping webhook registration
2026-07-17 20:26:39 - httpx - INFO - HTTP Request: POST http://testserver/api/v1/auth/login "HTTP/1.1 200 OK"
2026-07-17 20:26:39 - httpx - INFO - HTTP Request: GET http://testserver/api/v1/favorites/ "HTTP/1.1 200 OK"
2026-07-17 20:26:39 - root - INFO - TELEGRAM_WEBHOOK_URL not set — skipping webhook registration
2026-07-17 20:26:39 - httpx - INFO - HTTP Request: POST http://testserver/api/v1/auth/login "HTTP/1.1 200 OK"
2026-07-17 20:26:39 - httpx - INFO - HTTP Request: POST http://testserver/api/v1/favorites/add "HTTP/1.1 200 OK"
2026-07-17 20:26:39 - root - INFO - TELEGRAM_WEBHOOK_URL not set — skipping webhook registration
2026-07-17 20:26:39 - httpx - INFO - HTTP Request: POST http://testserver/api/v1/auth/login "HTTP/1.1 200 OK"
2026-07-17 20:26:39 - httpx - INFO - HTTP Request: POST http://testserver/api/v1/favorites/add "HTTP/1.1 200 OK"
2026-07-17 20:26:39 - httpx - INFO - HTTP Request: DELETE http://testserver/api/v1/favorites/1 "HTTP/1.1 200 OK"
2026-07-17 20:26:39 - root - INFO - TELEGRAM_WEBHOOK_URL not set — skipping webhook registration
2026-07-17 20:26:39 - httpx - INFO - HTTP Request: GET http://testserver/api/v1/favorites/ "HTTP/1.1 200 OK"
2026-07-17 20:26:39 - root - INFO - TELEGRAM_WEBHOOK_URL not set — skipping webhook registration
2026-07-17 20:26:39 - httpx - INFO - HTTP Request: GET http://testserver/api/v1/footer "HTTP/1.1 200 OK"
2026-07-17 20:26:40 - root - INFO - TELEGRAM_WEBHOOK_URL not set — skipping webhook registration
2026-07-17 20:26:40 - httpx - INFO - HTTP Request: GET http://testserver/api/v1/footer?locale=en "HTTP/1.1 200 OK"
2026-07-17 20:26:40 - root - INFO - TELEGRAM_WEBHOOK_URL not set — skipping webhook registration
2026-07-17 20:26:40 - httpx - INFO - HTTP Request: POST http://testserver/api/v1/auth/login "HTTP/1.1 200 OK"
2026-07-17 20:26:40 - httpx - INFO - HTTP Request: GET http://testserver/api/v1/admin/footer "HTTP/1.1 200 OK"
2026-07-17 20:26:40 - root - INFO - TELEGRAM_WEBHOOK_URL not set — skipping webhook registration
2026-07-17 20:26:41 - httpx - INFO - HTTP Request: POST http://testserver/api/v1/auth/login "HTTP/1.1 200 OK"
2026-07-17 20:26:41 - httpx - INFO - HTTP Request: PUT http://testserver/api/v1/admin/footer/ru "HTTP/1.1 200 OK"
2026-07-17 20:26:41 - root - INFO - TELEGRAM_WEBHOOK_URL not set — skipping webhook registration
2026-07-17 20:26:41 - httpx - INFO - HTTP Request: POST http://testserver/api/v1/auth/login "HTTP/1.1 200 OK"
2026-07-17 20:26:41 - httpx - INFO - HTTP Request: PUT http://testserver/api/v1/admin/footer/ua "HTTP/1.1 200 OK"
2026-07-17 20:26:41 - root - INFO - TELEGRAM_WEBHOOK_URL not set — skipping webhook registration
2026-07-17 20:26:42 - httpx - INFO - HTTP Request: POST http://testserver/api/v1/auth/login "HTTP/1.1 200 OK"
2026-07-17 20:26:42 - httpx - INFO - HTTP Request: PUT http://testserver/api/v1/admin/footer/de "HTTP/1.1 400 Bad Request"
2026-07-17 20:26:42 - root - INFO - TELEGRAM_WEBHOOK_URL not set — skipping webhook registration
2026-07-17 20:26:42 - httpx - INFO - HTTP Request: POST http://testserver/api/v1/auth/login "HTTP/1.1 200 OK"
2026-07-17 20:26:42 - httpx - INFO - HTTP Request: GET http://testserver/api/v1/admin/footer "HTTP/1.1 403 Forbidden"
2026-07-17 20:26:42 - root - INFO - TELEGRAM_WEBHOOK_URL not set — skipping webhook registration
2026-07-17 20:26:43 - httpx - INFO - HTTP Request: POST http://testserver/api/v1/auth/login "HTTP/1.1 200 OK"
2026-07-17 20:26:43 - httpx - INFO - HTTP Request: GET http://testserver/api/v1/orders/ "HTTP/1.1 200 OK"
2026-07-17 20:26:43 - root - INFO - TELEGRAM_WEBHOOK_URL not set — skipping webhook registration
2026-07-17 20:26:43 - httpx - INFO - HTTP Request: POST http://testserver/api/v1/auth/login "HTTP/1.1 200 OK"
2026-07-17 20:26:43 - httpx - INFO - HTTP Request: POST http://testserver/api/v1/cart/add "HTTP/1.1 200 OK"
2026-07-17 20:26:43 - httpx - INFO - HTTP Request: POST http://testserver/api/v1/orders/checkout "HTTP/1.1 200 OK"
2026-07-17 20:26:43 - root - INFO - TELEGRAM_WEBHOOK_URL not set — skipping webhook registration
2026-07-17 20:26:43 - httpx - INFO - HTTP Request: POST http://testserver/api/v1/auth/login "HTTP/1.1 200 OK"
2026-07-17 20:26:43 - httpx - INFO - HTTP Request: POST http://testserver/api/v1/cart/add "HTTP/1.1 200 OK"
2026-07-17 20:26:43 - httpx - INFO - HTTP Request: POST http://testserver/api/v1/orders/checkout "HTTP/1.1 200 OK"
2026-07-17 20:26:43 - httpx - INFO - HTTP Request: GET http://testserver/api/v1/orders/1 "HTTP/1.1 200 OK"
2026-07-17 20:26:44 - root - INFO - TELEGRAM_WEBHOOK_URL not set — skipping webhook registration
2026-07-17 20:26:44 - httpx - INFO - HTTP Request: GET http://testserver/api/v1/orders/ "HTTP/1.1 401 Unauthorized"
2026-07-17 20:26:48 - root - INFO - TELEGRAM_WEBHOOK_URL not set — skipping webhook registration
2026-07-17 20:26:48 - httpx - INFO - HTTP Request: GET http://testserver/api/v1/settings "HTTP/1.1 200 OK"
2026-07-17 20:26:48 - root - INFO - TELEGRAM_WEBHOOK_URL not set — skipping webhook registration
2026-07-17 20:26:48 - httpx - INFO - HTTP Request: GET http://testserver/api/v1/settings "HTTP/1.1 200 OK"
2026-07-17 20:26:49 - root - INFO - TELEGRAM_WEBHOOK_URL not set — skipping webhook registration
2026-07-17 20:26:49 - httpx - INFO - HTTP Request: POST http://testserver/api/v1/auth/login "HTTP/1.1 200 OK"
2026-07-17 20:26:49 - httpx - INFO - HTTP Request: GET http://testserver/api/v1/admin/settings "HTTP/1.1 200 OK"
2026-07-17 20:26:49 - root - INFO - TELEGRAM_WEBHOOK_URL not set — skipping webhook registration
2026-07-17 20:26:50 - httpx - INFO - HTTP Request: POST http://testserver/api/v1/auth/login "HTTP/1.1 200 OK"
2026-07-17 20:26:50 - httpx - INFO - HTTP Request: PUT http://testserver/api/v1/admin/settings "HTTP/1.1 200 OK"
2026-07-17 20:26:50 - root - INFO - TELEGRAM_WEBHOOK_URL not set — skipping webhook registration
2026-07-17 20:26:50 - httpx - INFO - HTTP Request: POST http://testserver/api/v1/auth/login "HTTP/1.1 200 OK"
2026-07-17 20:26:50 - httpx - INFO - HTTP Request: GET http://testserver/api/v1/admin/settings "HTTP/1.1 403 Forbidden"
2026-07-17 20:26:50 - root - INFO - TELEGRAM_WEBHOOK_URL not set — skipping webhook registration
2026-07-17 20:26:51 - httpx - INFO - HTTP Request: POST http://testserver/api/v1/auth/login "HTTP/1.1 200 OK"
2026-07-17 20:26:51 - httpx - INFO - HTTP Request: POST http://testserver/api/v1/telegram/start "HTTP/1.1 200 OK"
2026-07-17 20:26:51 - root - INFO - TELEGRAM_WEBHOOK_URL not set — skipping webhook registration
2026-07-17 20:26:51 - httpx - INFO - HTTP Request: POST http://testserver/api/v1/auth/login "HTTP/1.1 200 OK"
2026-07-17 20:26:51 - httpx - INFO - HTTP Request: GET http://testserver/api/v1/telegram/status "HTTP/1.1 200 OK"
2026-07-17 20:26:51 - root - INFO - TELEGRAM_WEBHOOK_URL not set — skipping webhook registration
2026-07-17 20:26:51 - httpx - INFO - HTTP Request: POST http://testserver/api/v1/auth/login "HTTP/1.1 200 OK"
2026-07-17 20:26:51 - httpx - INFO - HTTP Request: POST http://testserver/api/v1/telegram/disconnect "HTTP/1.1 400 Bad Request"
2026-07-17 20:26:52 - root - INFO - TELEGRAM_WEBHOOK_URL not set — skipping webhook registration
2026-07-17 20:26:52 - httpx - INFO - HTTP Request: POST http://testserver/api/v1/auth/login "HTTP/1.1 200 OK"
2026-07-17 20:26:52 - httpx - INFO - HTTP Request: GET http://testserver/api/v1/users/me "HTTP/1.1 200 OK"
2026-07-17 20:26:52 - root - INFO - TELEGRAM_WEBHOOK_URL not set — skipping webhook registration
2026-07-17 20:26:52 - httpx - INFO - HTTP Request: POST http://testserver/api/v1/auth/login "HTTP/1.1 200 OK"
2026-07-17 20:26:52 - httpx - INFO - HTTP Request: PUT http://testserver/api/v1/users/me "HTTP/1.1 200 OK"
2026-07-17 20:26:53 - root - INFO - TELEGRAM_WEBHOOK_URL not set — skipping webhook registration
2026-07-17 20:26:53 - httpx - INFO - HTTP Request: POST http://testserver/api/v1/auth/login "HTTP/1.1 200 OK"
2026-07-17 20:26:53 - httpx - INFO - HTTP Request: POST http://testserver/api/v1/users/change-password "HTTP/1.1 200 OK"
2026-07-17 20:26:53 - root - INFO - TELEGRAM_WEBHOOK_URL not set — skipping webhook registration
2026-07-17 20:26:54 - httpx - INFO - HTTP Request: POST http://testserver/api/v1/auth/login "HTTP/1.1 200 OK"
2026-07-17 20:26:54 - app.api.v1.endpoints.users - INFO - MODIFIED get_garage called, has_new_code=True
2026-07-17 20:26:54 - httpx - INFO - HTTP Request: GET http://testserver/api/v1/users/garage "HTTP/1.1 200 OK"
2026-07-17 20:28:30 - root - INFO - TELEGRAM_WEBHOOK_URL not set — skipping webhook registration
2026-07-17 20:28:36 - root - INFO - Health check called
2026-07-17 20:29:02 - root - INFO - TELEGRAM_WEBHOOK_URL not set — skipping webhook registration
2026-07-17 20:29:06 - root - INFO - Health check called
2026-07-17 20:29:36 - root - INFO - Health check called
2026-07-17 20:30:06 - root - INFO - Health check called
2026-07-17 20:30:37 - root - INFO - Health check called
2026-07-17 20:31:07 - root - INFO - Health check called
r/api/v1/admin/dashboard "HTTP/1.1 200 OK"
2026-07-17 20:29:06 - root - INFO - TELEGRAM_WEBHOOK_URL not set — skipping webhook registration
2026-07-17 20:29:06 - httpx - INFO - HTTP Request: POST http://testserver/api/v1/auth/login "HTTP/1.1 200 OK"
2026-07-17 20:29:06 - httpx - INFO - HTTP Request: GET http://testserver/api/v1/admin/users "HTTP/1.1 200 OK"
2026-07-17 20:29:06 - root - INFO - TELEGRAM_WEBHOOK_URL not set — skipping webhook registration
2026-07-17 20:29:06 - httpx - INFO - HTTP Request: POST http://testserver/api/v1/auth/login "HTTP/1.1 200 OK"
2026-07-17 20:29:06 - httpx - INFO - HTTP Request: GET http://testserver/api/v1/admin/brands "HTTP/1.1 200 OK"
2026-07-17 20:29:06 - root - INFO - TELEGRAM_WEBHOOK_URL not set — skipping webhook registration
2026-07-17 20:29:07 - httpx - INFO - HTTP Request: POST http://testserver/api/v1/auth/login "HTTP/1.1 200 OK"
2026-07-17 20:29:07 - httpx - INFO - HTTP Request: GET http://testserver/api/v1/admin/products?page=1&page_size=10 "HTTP/1.1 200 OK"
2026-07-17 20:29:07 - root - INFO - TELEGRAM_WEBHOOK_URL not set — skipping webhook registration
2026-07-17 20:29:07 - httpx - INFO - HTTP Request: POST http://testserver/api/v1/auth/login "HTTP/1.1 200 OK"
2026-07-17 20:29:07 - httpx - INFO - HTTP Request: GET http://testserver/api/v1/admin/orders "HTTP/1.1 200 OK"
2026-07-17 20:29:07 - root - INFO - TELEGRAM_WEBHOOK_URL not set — skipping webhook registration
2026-07-17 20:29:07 - httpx - INFO - HTTP Request: POST http://testserver/api/v1/auth/login "HTTP/1.1 200 OK"
2026-07-17 20:29:07 - httpx - INFO - HTTP Request: GET http://testserver/api/v1/admin/dashboard "HTTP/1.1 200 OK"
2026-07-17 20:29:07 - root - INFO - TELEGRAM_WEBHOOK_URL not set — skipping webhook registration
2026-07-17 20:29:08 - httpx - INFO - HTTP Request: POST http://testserver/api/v1/auth/login "HTTP/1.1 200 OK"
2026-07-17 20:29:08 - httpx - INFO - HTTP Request: GET http://testserver/api/v1/admin/catalog/types "HTTP/1.1 200 OK"
2026-07-17 20:29:08 - root - INFO - TELEGRAM_WEBHOOK_URL not set — skipping webhook registration
2026-07-17 20:29:09 - httpx - INFO - HTTP Request: POST http://testserver/api/v1/auth/login "HTTP/1.1 200 OK"
2026-07-17 20:29:09 - httpx - INFO - HTTP Request: GET http://testserver/api/v1/admin/catalog/years?type=passenger "HTTP/1.1 200 OK"
2026-07-17 20:29:09 - root - INFO - TELEGRAM_WEBHOOK_URL not set — skipping webhook registration
2026-07-17 20:29:09 - httpx - INFO - HTTP Request: POST http://testserver/api/v1/auth/login "HTTP/1.1 200 OK"
2026-07-17 20:29:09 - httpx - INFO - HTTP Request: GET http://testserver/api/v1/admin/catalog/makes?type=passenger&year=2020 "HTTP/1.1 200 OK"
2026-07-17 20:29:09 - root - INFO - TELEGRAM_WEBHOOK_URL not set — skipping webhook registration
2026-07-17 20:29:10 - httpx - INFO - HTTP Request: POST http://testserver/api/v1/auth/login "HTTP/1.1 200 OK"
2026-07-17 20:29:10 - httpx - INFO - HTTP Request: GET http://testserver/api/v1/admin/categories "HTTP/1.1 200 OK"
2026-07-17 20:29:10 - root - INFO - TELEGRAM_WEBHOOK_URL not set — skipping webhook registration
2026-07-17 20:29:10 - httpx - INFO - HTTP Request: POST http://testserver/api/v1/auth/login "HTTP/1.1 200 OK"
2026-07-17 20:29:10 - httpx - INFO - HTTP Request: GET http://testserver/api/v1/admin/categories "HTTP/1.1 200 OK"
2026-07-17 20:29:11 - root - INFO - TELEGRAM_WEBHOOK_URL not set — skipping webhook registration
2026-07-17 20:29:11 - httpx - INFO - HTTP Request: POST http://testserver/api/v1/auth/login "HTTP/1.1 200 OK"
2026-07-17 20:29:11 - httpx - INFO - HTTP Request: POST http://testserver/api/v1/admin/categories "HTTP/1.1 200 OK"
2026-07-17 20:29:11 - root - INFO - TELEGRAM_WEBHOOK_URL not set — skipping webhook registration
2026-07-17 20:29:12 - httpx - INFO - HTTP Request: POST http://testserver/api/v1/auth/login "HTTP/1.1 200 OK"
2026-07-17 20:29:12 - httpx - INFO - HTTP Request: PUT http://testserver/api/v1/admin/categories/1 "HTTP/1.1 200 OK"
2026-07-17 20:29:12 - root - INFO - TELEGRAM_WEBHOOK_URL not set — skipping webhook registration
2026-07-17 20:29:12 - httpx - INFO - HTTP Request: POST http://testserver/api/v1/auth/login "HTTP/1.1 200 OK"
2026-07-17 20:29:12 - httpx - INFO - HTTP Request: PUT http://testserver/api/v1/admin/categories/99999 "HTTP/1.1 404 Not Found"
2026-07-17 20:29:12 - root - INFO - TELEGRAM_WEBHOOK_URL not set — skipping webhook registration
2026-07-17 20:29:13 - httpx - INFO - HTTP Request: POST http://testserver/api/v1/auth/login "HTTP/1.1 200 OK"
2026-07-17 20:29:13 - httpx - INFO - HTTP Request: DELETE http://testserver/api/v1/admin/categories/1 "HTTP/1.1 200 OK"
2026-07-17 20:29:13 - root - INFO - TELEGRAM_WEBHOOK_URL not set — skipping webhook registration
2026-07-17 20:29:13 - httpx - INFO - HTTP Request: POST http://testserver/api/v1/auth/login "HTTP/1.1 200 OK"
2026-07-17 20:29:14 - httpx - INFO - HTTP Request: DELETE http://testserver/api/v1/admin/categories/99999 "HTTP/1.1 404 Not Found"
2026-07-17 20:29:14 - root - INFO - TELEGRAM_WEBHOOK_URL not set — skipping webhook registration
2026-07-17 20:29:14 - httpx - INFO - HTTP Request: POST http://testserver/api/v1/auth/login "HTTP/1.1 200 OK"
2026-07-17 20:29:14 - httpx - INFO - HTTP Request: GET http://testserver/api/v1/admin/categories "HTTP/1.1 403 Forbidden"
2026-07-17 20:29:14 - root - INFO - TELEGRAM_WEBHOOK_URL not set — skipping webhook registration
2026-07-17 20:29:14 - httpx - INFO - HTTP Request: POST http://testserver/api/v1/auth/login "HTTP/1.1 200 OK"
2026-07-17 20:29:14 - httpx - INFO - HTTP Request: GET http://testserver/api/v1/admin/imports "HTTP/1.1 200 OK"
2026-07-17 20:29:15 - root - INFO - TELEGRAM_WEBHOOK_URL not set — skipping webhook registration
2026-07-17 20:29:15 - httpx - INFO - HTTP Request: POST http://testserver/api/v1/auth/login "HTTP/1.1 200 OK"
2026-07-17 20:29:15 - httpx - INFO - HTTP Request: GET http://testserver/api/v1/admin/imports "HTTP/1.1 200 OK"
2026-07-17 20:29:15 - root - INFO - TELEGRAM_WEBHOOK_URL not set — skipping webhook registration
2026-07-17 20:29:16 - httpx - INFO - HTTP Request: POST http://testserver/api/v1/auth/login "HTTP/1.1 200 OK"
2026-07-17 20:29:16 - httpx - INFO - HTTP Request: GET http://testserver/api/v1/admin/imports?supplier=GPL "HTTP/1.1 200 OK"
2026-07-17 20:29:16 - root - INFO - TELEGRAM_WEBHOOK_URL not set — skipping webhook registration
2026-07-17 20:29:16 - httpx - INFO - HTTP Request: POST http://testserver/api/v1/auth/login "HTTP/1.1 200 OK"
2026-07-17 20:29:16 - httpx - INFO - HTTP Request: GET http://testserver/api/v1/admin/imports "HTTP/1.1 403 Forbidden"
2026-07-17 20:29:16 - root - INFO - TELEGRAM_WEBHOOK_URL not set — skipping webhook registration
2026-07-17 20:29:17 - httpx - INFO - HTTP Request: POST http://testserver/api/v1/auth/login "HTTP/1.1 200 OK"
2026-07-17 20:29:17 - httpx - INFO - HTTP Request: GET http://testserver/api/v1/admin/imports/99999/download "HTTP/1.1 404 Not Found"
2026-07-17 20:29:17 - root - INFO - TELEGRAM_WEBHOOK_URL not set — skipping webhook registration
2026-07-17 20:29:17 - httpx - INFO - HTTP Request: POST http://testserver/api/v1/auth/login "HTTP/1.1 200 OK"
2026-07-17 20:29:17 - httpx - INFO - HTTP Request: GET http://testserver/api/v1/admin/imports/1/download "HTTP/1.1 404 Not Found"
2026-07-17 20:29:17 - root - INFO - TELEGRAM_WEBHOOK_URL not set — skipping webhook registration
2026-07-17 20:29:18 - httpx - INFO - HTTP Request: POST http://testserver/api/v1/auth/login "HTTP/1.1 200 OK"
2026-07-17 20:29:18 - httpx - INFO - HTTP Request: POST http://testserver/api/v1/admin/imports/99999/promote "HTTP/1.1 404 Not Found"
2026-07-17 20:29:18 - root - INFO - TELEGRAM_WEBHOOK_URL not set — skipping webhook registration
2026-07-17 20:29:18 - httpx - INFO - HTTP Request: POST http://testserver/api/v1/auth/login "HTTP/1.1 200 OK"
2026-07-17 20:29:18 - httpx - INFO - HTTP Request: POST http://testserver/api/v1/admin/imports/1/promote "HTTP/1.1 200 OK"
2026-07-17 20:29:19 - root - INFO - TELEGRAM_WEBHOOK_URL not set — skipping webhook registration
2026-07-17 20:29:19 - httpx - INFO - HTTP Request: POST http://testserver/api/v1/auth/login "HTTP/1.1 200 OK"
2026-07-17 20:29:19 - httpx - INFO - HTTP Request: DELETE http://testserver/api/v1/admin/imports/99999 "HTTP/1.1 404 Not Found"
2026-07-17 20:29:19 - root - INFO - TELEGRAM_WEBHOOK_URL not set — skipping webhook registration
2026-07-17 20:29:20 - httpx - INFO - HTTP Request: POST http://testserver/api/v1/auth/login "HTTP/1.1 200 OK"
2026-07-17 20:29:20 - httpx - INFO - HTTP Request: DELETE http://testserver/api/v1/admin/imports/1 "HTTP/1.1 200 OK"
2026-07-17 20:29:20 - root - INFO - TELEGRAM_WEBHOOK_URL not set — skipping webhook registration
2026-07-17 20:29:20 - httpx - INFO - HTTP Request: POST http://testserver/api/v1/auth/login "HTTP/1.1 200 OK"
2026-07-17 20:29:20 - httpx - INFO - HTTP Request: GET http://testserver/api/v1/admin/orders "HTTP/1.1 200 OK"
2026-07-17 20:29:20 - root - INFO - TELEGRAM_WEBHOOK_URL not set — skipping webhook registration
2026-07-17 20:29:21 - httpx - INFO - HTTP Request: POST http://testserver/api/v1/auth/login "HTTP/1.1 200 OK"
2026-07-17 20:29:21 - httpx - INFO - HTTP Request: GET http://testserver/api/v1/admin/orders "HTTP/1.1 200 OK"
2026-07-17 20:29:21 - root - INFO - TELEGRAM_WEBHOOK_URL not set — skipping webhook registration
2026-07-17 20:29:22 - httpx - INFO - HTTP Request: POST http://testserver/api/v1/auth/login "HTTP/1.1 200 OK"
2026-07-17 20:29:22 - httpx - INFO - HTTP Request: GET http://testserver/api/v1/admin/orders?status=pending "HTTP/1.1 200 OK"
2026-07-17 20:29:22 - root - INFO - TELEGRAM_WEBHOOK_URL not set — skipping webhook registration
2026-07-17 20:29:22 - httpx - INFO - HTTP Request: POST http://testserver/api/v1/auth/login "HTTP/1.1 200 OK"
2026-07-17 20:29:22 - httpx - INFO - HTTP Request: GET http://testserver/api/v1/admin/orders?search=Petrov "HTTP/1.1 200 OK"
2026-07-17 20:29:22 - root - INFO - TELEGRAM_WEBHOOK_URL not set — skipping webhook registration
2026-07-17 20:29:23 - httpx - INFO - HTTP Request: POST http://testserver/api/v1/auth/login "HTTP/1.1 200 OK"
2026-07-17 20:29:23 - httpx - INFO - HTTP Request: GET http://testserver/api/v1/admin/orders?search=1 "HTTP/1.1 200 OK"
2026-07-17 20:29:23 - root - INFO - TELEGRAM_WEBHOOK_URL not set — skipping webhook registration
2026-07-17 20:29:23 - httpx - INFO - HTTP Request: POST http://testserver/api/v1/auth/login "HTTP/1.1 200 OK"
2026-07-17 20:29:23 - httpx - INFO - HTTP Request: GET http://testserver/api/v1/admin/orders?page=1&page_size=3 "HTTP/1.1 200 OK"
2026-07-17 20:29:23 - root - INFO - TELEGRAM_WEBHOOK_URL not set — skipping webhook registration
2026-07-17 20:29:24 - httpx - INFO - HTTP Request: POST http://testserver/api/v1/auth/login "HTTP/1.1 200 OK"
2026-07-17 20:29:24 - httpx - INFO - HTTP Request: GET http://testserver/api/v1/admin/orders/1 "HTTP/1.1 200 OK"
2026-07-17 20:29:24 - root - INFO - TELEGRAM_WEBHOOK_URL not set — skipping webhook registration
2026-07-17 20:29:25 - httpx - INFO - HTTP Request: POST http://testserver/api/v1/auth/login "HTTP/1.1 200 OK"
2026-07-17 20:29:25 - httpx - INFO - HTTP Request: GET http://testserver/api/v1/admin/orders/99999 "HTTP/1.1 404 Not Found"
2026-07-17 20:29:25 - root - INFO - TELEGRAM_WEBHOOK_URL not set — skipping webhook registration
2026-07-17 20:29:25 - httpx - INFO - HTTP Request: POST http://testserver/api/v1/auth/login "HTTP/1.1 200 OK"
2026-07-17 20:29:25 - httpx - INFO - HTTP Request: PUT http://testserver/api/v1/admin/orders/1 "HTTP/1.1 200 OK"
2026-07-17 20:29:25 - root - INFO - TELEGRAM_WEBHOOK_URL not set — skipping webhook registration
2026-07-17 20:29:26 - httpx - INFO - HTTP Request: POST http://testserver/api/v1/auth/login "HTTP/1.1 200 OK"
2026-07-17 20:29:26 - httpx - INFO - HTTP Request: PUT http://testserver/api/v1/admin/orders/99999 "HTTP/1.1 404 Not Found"
2026-07-17 20:29:26 - root - INFO - TELEGRAM_WEBHOOK_URL not set — skipping webhook registration
2026-07-17 20:29:27 - httpx - INFO - HTTP Request: POST http://testserver/api/v1/auth/login "HTTP/1.1 200 OK"
2026-07-17 20:29:27 - httpx - INFO - HTTP Request: PUT http://testserver/api/v1/admin/orders/1/status "HTTP/1.1 200 OK"
2026-07-17 20:29:27 - root - INFO - TELEGRAM_WEBHOOK_URL not set — skipping webhook registration
2026-07-17 20:29:27 - httpx - INFO - HTTP Request: POST http://testserver/api/v1/auth/login "HTTP/1.1 200 OK"
2026-07-17 20:29:27 - httpx - INFO - HTTP Request: PUT http://testserver/api/v1/admin/orders/1/status "HTTP/1.1 400 Bad Request"
2026-07-17 20:29:27 - root - INFO - TELEGRAM_WEBHOOK_URL not set — skipping webhook registration
2026-07-17 20:29:28 - httpx - INFO - HTTP Request: POST http://testserver/api/v1/auth/login "HTTP/1.1 200 OK"
2026-07-17 20:29:28 - httpx - INFO - HTTP Request: PUT http://testserver/api/v1/admin/orders/99999/status "HTTP/1.1 404 Not Found"
2026-07-17 20:29:28 - root - INFO - TELEGRAM_WEBHOOK_URL not set — skipping webhook registration
2026-07-17 20:29:29 - httpx - INFO - HTTP Request: POST http://testserver/api/v1/auth/login "HTTP/1.1 200 OK"
2026-07-17 20:29:29 - httpx - INFO - HTTP Request: GET http://testserver/api/v1/admin/orders/1/history "HTTP/1.1 200 OK"
2026-07-17 20:29:29 - root - INFO - TELEGRAM_WEBHOOK_URL not set — skipping webhook registration
2026-07-17 20:29:29 - httpx - INFO - HTTP Request: POST http://testserver/api/v1/auth/login "HTTP/1.1 200 OK"
2026-07-17 20:29:29 - httpx - INFO - HTTP Request: GET http://testserver/api/v1/admin/orders "HTTP/1.1 403 Forbidden"
2026-07-17 20:29:29 - root - INFO - TELEGRAM_WEBHOOK_URL not set — skipping webhook registration
2026-07-17 20:29:30 - httpx - INFO - HTTP Request: POST http://testserver/api/v1/auth/login "HTTP/1.1 200 OK"
2026-07-17 20:29:30 - httpx - INFO - HTTP Request: GET http://testserver/api/v1/admin/pricing/general "HTTP/1.1 200 OK"
2026-07-17 20:29:30 - root - INFO - TELEGRAM_WEBHOOK_URL not set — skipping webhook registration
2026-07-17 20:29:30 - httpx - INFO - HTTP Request: POST http://testserver/api/v1/auth/login "HTTP/1.1 200 OK"
2026-07-17 20:29:30 - httpx - INFO - HTTP Request: PUT http://testserver/api/v1/admin/pricing/general "HTTP/1.1 200 OK"
2026-07-17 20:29:30 - root - INFO - TELEGRAM_WEBHOOK_URL not set — skipping webhook registration
2026-07-17 20:29:31 - httpx - INFO - HTTP Request: POST http://testserver/api/v1/auth/login "HTTP/1.1 200 OK"
2026-07-17 20:29:31 - httpx - INFO - HTTP Request: GET http://testserver/api/v1/admin/pricing/general "HTTP/1.1 403 Forbidden"
2026-07-17 20:29:31 - root - INFO - TELEGRAM_WEBHOOK_URL not set — skipping webhook registration
2026-07-17 20:29:31 - httpx - INFO - HTTP Request: POST http://testserver/api/v1/auth/login "HTTP/1.1 200 OK"
2026-07-17 20:29:31 - httpx - INFO - HTTP Request: GET http://testserver/api/v1/admin/pricing/categories "HTTP/1.1 200 OK"
2026-07-17 20:29:31 - root - INFO - TELEGRAM_WEBHOOK_URL not set — skipping webhook registration
2026-07-17 20:29:32 - httpx - INFO - HTTP Request: POST http://testserver/api/v1/auth/login "HTTP/1.1 200 OK"
2026-07-17 20:29:32 - httpx - INFO - HTTP Request: PUT http://testserver/api/v1/admin/pricing/categories/1 "HTTP/1.1 200 OK"
2026-07-17 20:29:32 - root - INFO - TELEGRAM_WEBHOOK_URL not set — skipping webhook registration
2026-07-17 20:29:32 - httpx - INFO - HTTP Request: POST http://testserver/api/v1/auth/login "HTTP/1.1 200 OK"
2026-07-17 20:29:32 - httpx - INFO - HTTP Request: GET http://testserver/api/v1/admin/pricing/history "HTTP/1.1 200 OK"
2026-07-17 20:29:32 - root - INFO - TELEGRAM_WEBHOOK_URL not set — skipping webhook registration
2026-07-17 20:29:33 - httpx - INFO - HTTP Request: POST http://testserver/api/v1/auth/login "HTTP/1.1 200 OK"
2026-07-17 20:29:33 - httpx - INFO - HTTP Request: GET http://testserver/api/v1/admin/pricing/history?type=category&category_id=1 "HTTP/1.1 200 OK"
2026-07-17 20:29:33 - root - INFO - TELEGRAM_WEBHOOK_URL not set — skipping webhook registration
2026-07-17 20:29:34 - httpx - INFO - HTTP Request: POST http://testserver/api/v1/auth/login "HTTP/1.1 200 OK"
2026-07-17 20:29:34 - httpx - INFO - HTTP Request: GET http://testserver/api/v1/admin/pricing/applied-history "HTTP/1.1 200 OK"
2026-07-17 20:29:34 - root - INFO - TELEGRAM_WEBHOOK_URL not set — skipping webhook registration
2026-07-17 20:29:34 - httpx - INFO - HTTP Request: POST http://testserver/api/v1/auth/login "HTTP/1.1 200 OK"
2026-07-17 20:29:34 - httpx - INFO - HTTP Request: GET http://testserver/api/v1/admin/products "HTTP/1.1 200 OK"
2026-07-17 20:29:34 - root - INFO - TELEGRAM_WEBHOOK_URL not set — skipping webhook registration
2026-07-17 20:29:35 - httpx - INFO - HTTP Request: POST http://testserver/api/v1/auth/login "HTTP/1.1 200 OK"
2026-07-17 20:29:35 - httpx - INFO - HTTP Request: GET http://testserver/api/v1/admin/products "HTTP/1.1 200 OK"
2026-07-17 20:29:35 - root - INFO - TELEGRAM_WEBHOOK_URL not set — skipping webhook registration
2026-07-17 20:29:35 - httpx - INFO - HTTP Request: POST http://testserver/api/v1/auth/login "HTTP/1.1 200 OK"
2026-07-17 20:29:35 - httpx - INFO - HTTP Request: GET http://testserver/api/v1/admin/products "HTTP/1.1 403 Forbidden"
2026-07-17 20:29:35 - root - INFO - TELEGRAM_WEBHOOK_URL not set — skipping webhook registration
2026-07-17 20:29:36 - httpx - INFO - HTTP Request: POST http://testserver/api/v1/auth/login "HTTP/1.1 200 OK"
2026-07-17 20:29:36 - httpx - INFO - HTTP Request: DELETE http://testserver/api/v1/admin/products/1 "HTTP/1.1 200 OK"
2026-07-17 20:29:36 - root - INFO - TELEGRAM_WEBHOOK_URL not set — skipping webhook registration
2026-07-17 20:29:36 - httpx - INFO - HTTP Request: POST http://testserver/api/v1/auth/login "HTTP/1.1 200 OK"
2026-07-17 20:29:36 - httpx - INFO - HTTP Request: DELETE http://testserver/api/v1/admin/products/99999 "HTTP/1.1 404 Not Found"
2026-07-17 20:29:36 - root - INFO - TELEGRAM_WEBHOOK_URL not set — skipping webhook registration
2026-07-17 20:29:37 - httpx - INFO - HTTP Request: POST http://testserver/api/v1/auth/login "HTTP/1.1 200 OK"
2026-07-17 20:29:37 - httpx - INFO - HTTP Request: GET http://testserver/api/v1/admin/roles "HTTP/1.1 200 OK"
2026-07-17 20:29:37 - root - INFO - TELEGRAM_WEBHOOK_URL not set — skipping webhook registration
2026-07-17 20:29:37 - httpx - INFO - HTTP Request: POST http://testserver/api/v1/auth/login "HTTP/1.1 200 OK"
2026-07-17 20:29:37 - httpx - INFO - HTTP Request: GET http://testserver/api/v1/admin/roles "HTTP/1.1 403 Forbidden"
2026-07-17 20:29:37 - root - INFO - TELEGRAM_WEBHOOK_URL not set — skipping webhook registration
2026-07-17 20:29:38 - httpx - INFO - HTTP Request: POST http://testserver/api/v1/auth/login "HTTP/1.1 200 OK"
2026-07-17 20:29:38 - httpx - INFO - HTTP Request: POST http://testserver/api/v1/admin/roles "HTTP/1.1 200 OK"
2026-07-17 20:29:38 - root - INFO - TELEGRAM_WEBHOOK_URL not set — skipping webhook registration
2026-07-17 20:29:39 - httpx - INFO - HTTP Request: POST http://testserver/api/v1/auth/login "HTTP/1.1 200 OK"
2026-07-17 20:29:39 - httpx - INFO - HTTP Request: POST http://testserver/api/v1/admin/roles "HTTP/1.1 200 OK"
2026-07-17 20:29:39 - httpx - INFO - HTTP Request: POST http://testserver/api/v1/admin/roles "HTTP/1.1 400 Bad Request"
2026-07-17 20:29:39 - root - INFO - TELEGRAM_WEBHOOK_URL not set — skipping webhook registration
2026-07-17 20:29:39 - httpx - INFO - HTTP Request: POST http://testserver/api/v1/auth/login "HTTP/1.1 200 OK"
2026-07-17 20:29:39 - httpx - INFO - HTTP Request: POST http://testserver/api/v1/admin/roles "HTTP/1.1 200 OK"
2026-07-17 20:29:39 - httpx - INFO - HTTP Request: PUT http://testserver/api/v1/admin/roles/2 "HTTP/1.1 200 OK"
2026-07-17 20:29:39 - root - INFO - TELEGRAM_WEBHOOK_URL not set — skipping webhook registration
2026-07-17 20:29:40 - httpx - INFO - HTTP Request: POST http://testserver/api/v1/auth/login "HTTP/1.1 200 OK"
2026-07-17 20:29:40 - httpx - INFO - HTTP Request: PUT http://testserver/api/v1/admin/roles/99999 "HTTP/1.1 404 Not Found"
2026-07-17 20:29:40 - root - INFO - TELEGRAM_WEBHOOK_URL not set — skipping webhook registration
2026-07-17 20:29:40 - httpx - INFO - HTTP Request: POST http://testserver/api/v1/auth/login "HTTP/1.1 200 OK"
2026-07-17 20:29:40 - httpx - INFO - HTTP Request: POST http://testserver/api/v1/admin/roles "HTTP/1.1 200 OK"
2026-07-17 20:29:40 - httpx - INFO - HTTP Request: DELETE http://testserver/api/v1/admin/roles/2 "HTTP/1.1 200 OK"
2026-07-17 20:29:40 - root - INFO - TELEGRAM_WEBHOOK_URL not set — skipping webhook registration
2026-07-17 20:29:41 - httpx - INFO - HTTP Request: POST http://testserver/api/v1/auth/login "HTTP/1.1 200 OK"
2026-07-17 20:29:41 - httpx - INFO - HTTP Request: DELETE http://testserver/api/v1/admin/roles/99999 "HTTP/1.1 404 Not Found"
2026-07-17 20:29:41 - root - INFO - TELEGRAM_WEBHOOK_URL not set — skipping webhook registration
2026-07-17 20:29:42 - httpx - INFO - HTTP Request: POST http://testserver/api/v1/auth/login "HTTP/1.1 200 OK"
2026-07-17 20:29:42 - httpx - INFO - HTTP Request: GET http://testserver/api/v1/admin/permissions "HTTP/1.1 200 OK"
2026-07-17 20:29:42 - root - INFO - TELEGRAM_WEBHOOK_URL not set — skipping webhook registration
2026-07-17 20:29:42 - httpx - INFO - HTTP Request: POST http://testserver/api/v1/auth/login "HTTP/1.1 200 OK"
2026-07-17 20:29:42 - httpx - INFO - HTTP Request: GET http://testserver/api/v1/admin/schedules "HTTP/1.1 200 OK"
2026-07-17 20:29:42 - root - INFO - TELEGRAM_WEBHOOK_URL not set — skipping webhook registration
2026-07-17 20:29:43 - httpx - INFO - HTTP Request: POST http://testserver/api/v1/auth/login "HTTP/1.1 200 OK"
2026-07-17 20:29:43 - httpx - INFO - HTTP Request: GET http://testserver/api/v1/admin/schedules "HTTP/1.1 200 OK"
2026-07-17 20:29:43 - root - INFO - TELEGRAM_WEBHOOK_URL not set — skipping webhook registration
2026-07-17 20:29:43 - httpx - INFO - HTTP Request: POST http://testserver/api/v1/auth/login "HTTP/1.1 200 OK"
2026-07-17 20:29:43 - httpx - INFO - HTTP Request: GET http://testserver/api/v1/admin/schedules "HTTP/1.1 403 Forbidden"
2026-07-17 20:29:43 - root - INFO - TELEGRAM_WEBHOOK_URL not set — skipping webhook registration
2026-07-17 20:29:44 - httpx - INFO - HTTP Request: POST http://testserver/api/v1/auth/login "HTTP/1.1 200 OK"
2026-07-17 20:29:44 - httpx - INFO - HTTP Request: PUT http://testserver/api/v1/admin/schedules/UTR "HTTP/1.1 200 OK"
2026-07-17 20:29:44 - root - INFO - TELEGRAM_WEBHOOK_URL not set — skipping webhook registration
2026-07-17 20:29:44 - httpx - INFO - HTTP Request: POST http://testserver/api/v1/auth/login "HTTP/1.1 200 OK"
2026-07-17 20:29:44 - httpx - INFO - HTTP Request: PUT http://testserver/api/v1/admin/schedules/UNKNOWN "HTTP/1.1 404 Not Found"
2026-07-17 20:29:44 - root - INFO - TELEGRAM_WEBHOOK_URL not set — skipping webhook registration
2026-07-17 20:29:45 - httpx - INFO - HTTP Request: POST http://testserver/api/v1/auth/login "HTTP/1.1 200 OK"
2026-07-17 20:29:45 - httpx - INFO - HTTP Request: POST http://testserver/api/v1/admin/schedules/UNKNOWN/run "HTTP/1.1 404 Not Found"
2026-07-17 20:29:45 - root - INFO - TELEGRAM_WEBHOOK_URL not set — skipping webhook registration
2026-07-17 20:29:46 - httpx - INFO - HTTP Request: POST http://testserver/api/v1/auth/login "HTTP/1.1 200 OK"
2026-07-17 20:29:46 - httpx - INFO - HTTP Request: GET http://testserver/api/v1/admin/suppliers "HTTP/1.1 200 OK"
2026-07-17 20:29:46 - root - INFO - TELEGRAM_WEBHOOK_URL not set — skipping webhook registration
2026-07-17 20:29:46 - httpx - INFO - HTTP Request: POST http://testserver/api/v1/auth/login "HTTP/1.1 200 OK"
2026-07-17 20:29:46 - httpx - INFO - HTTP Request: GET http://testserver/api/v1/admin/suppliers "HTTP/1.1 200 OK"
2026-07-17 20:29:46 - root - INFO - TELEGRAM_WEBHOOK_URL not set — skipping webhook registration
2026-07-17 20:29:47 - httpx - INFO - HTTP Request: POST http://testserver/api/v1/auth/login "HTTP/1.1 200 OK"
2026-07-17 20:29:47 - httpx - INFO - HTTP Request: GET http://testserver/api/v1/admin/suppliers "HTTP/1.1 403 Forbidden"
2026-07-17 20:29:47 - root - INFO - TELEGRAM_WEBHOOK_URL not set — skipping webhook registration
2026-07-17 20:29:47 - httpx - INFO - HTTP Request: POST http://testserver/api/v1/auth/login "HTTP/1.1 200 OK"
2026-07-17 20:29:47 - httpx - INFO - HTTP Request: PUT http://testserver/api/v1/admin/suppliers/GPL "HTTP/1.1 200 OK"
2026-07-17 20:29:47 - root - INFO - TELEGRAM_WEBHOOK_URL not set — skipping webhook registration
2026-07-17 20:29:48 - httpx - INFO - HTTP Request: POST http://testserver/api/v1/auth/login "HTTP/1.1 200 OK"
2026-07-17 20:29:48 - httpx - INFO - HTTP Request: PUT http://testserver/api/v1/admin/suppliers/UNKNOWN "HTTP/1.1 404 Not Found"
2026-07-17 20:29:48 - root - INFO - TELEGRAM_WEBHOOK_URL not set — skipping webhook registration
2026-07-17 20:29:48 - httpx - INFO - HTTP Request: POST http://testserver/api/v1/auth/login "HTTP/1.1 200 OK"
2026-07-17 20:29:48 - httpx - INFO - HTTP Request: GET http://testserver/api/v1/admin/suppliers/GPL/token-status "HTTP/1.1 200 OK"
2026-07-17 20:29:48 - root - INFO - TELEGRAM_WEBHOOK_URL not set — skipping webhook registration
2026-07-17 20:29:49 - httpx - INFO - HTTP Request: POST http://testserver/api/v1/auth/login "HTTP/1.1 200 OK"
2026-07-17 20:29:49 - httpx - INFO - HTTP Request: GET http://testserver/api/v1/admin/suppliers/UNKNOWN/token-status "HTTP/1.1 404 Not Found"
2026-07-17 20:29:49 - root - INFO - TELEGRAM_WEBHOOK_URL not set — skipping webhook registration
2026-07-17 20:29:50 - httpx - INFO - HTTP Request: POST http://testserver/api/v1/auth/login "HTTP/1.1 200 OK"
2026-07-17 20:29:51 - httpx - INFO - HTTP Request: GET http://testserver/api/v1/admin/workers "HTTP/1.1 200 OK"
2026-07-17 20:29:51 - root - INFO - TELEGRAM_WEBHOOK_URL not set — skipping webhook registration
2026-07-17 20:29:51 - httpx - INFO - HTTP Request: POST http://testserver/api/v1/auth/login "HTTP/1.1 200 OK"
2026-07-17 20:29:51 - httpx - INFO - HTTP Request: GET http://testserver/api/v1/admin/workers "HTTP/1.1 403 Forbidden"
2026-07-17 20:29:51 - root - INFO - TELEGRAM_WEBHOOK_URL not set — skipping webhook registration
2026-07-17 20:29:52 - httpx - INFO - HTTP Request: POST http://testserver/api/v1/auth/login "HTTP/1.1 200 OK"
2026-07-17 20:29:52 - httpx - INFO - HTTP Request: POST http://testserver/api/v1/admin/workers/tasks/fake-task-id/revoke "HTTP/1.1 200 OK"
2026-07-17 20:29:52 - root - INFO - TELEGRAM_WEBHOOK_URL not set — skipping webhook registration
2026-07-17 20:29:52 - httpx - INFO - HTTP Request: POST http://testserver/api/v1/auth/login "HTTP/1.1 200 OK"
2026-07-17 20:29:52 - httpx - INFO - HTTP Request: POST http://testserver/api/v1/admin/workers/restart "HTTP/1.1 200 OK"
2026-07-17 20:29:54 - root - INFO - TELEGRAM_WEBHOOK_URL not set — skipping webhook registration
2026-07-17 20:29:54 - httpx - INFO - HTTP Request: POST http://testserver/api/v1/auth/register "HTTP/1.1 200 OK"
2026-07-17 20:29:54 - root - INFO - TELEGRAM_WEBHOOK_URL not set — skipping webhook registration
2026-07-17 20:29:54 - httpx - INFO - HTTP Request: POST http://testserver/api/v1/auth/login "HTTP/1.1 200 OK"
2026-07-17 20:29:54 - root - INFO - TELEGRAM_WEBHOOK_URL not set — skipping webhook registration
2026-07-17 20:29:54 - httpx - INFO - HTTP Request: POST http://testserver/api/v1/auth/login "HTTP/1.1 401 Unauthorized"
2026-07-17 20:29:54 - root - INFO - TELEGRAM_WEBHOOK_URL not set — skipping webhook registration
2026-07-17 20:29:54 - httpx - INFO - HTTP Request: POST http://testserver/api/v1/auth/register "HTTP/1.1 400 Bad Request"
2026-07-17 20:29:54 - root - INFO - TELEGRAM_WEBHOOK_URL not set — skipping webhook registration
2026-07-17 20:29:55 - httpx - INFO - HTTP Request: POST http://testserver/api/v1/auth/login "HTTP/1.1 200 OK"
2026-07-17 20:29:55 - httpx - INFO - HTTP Request: GET http://testserver/api/v1/users/me "HTTP/1.1 200 OK"
2026-07-17 20:29:55 - root - INFO - TELEGRAM_WEBHOOK_URL not set — skipping webhook registration
2026-07-17 20:29:55 - httpx - INFO - HTTP Request: POST http://testserver/api/v1/auth/login "HTTP/1.1 200 OK"
2026-07-17 20:29:56 - httpx - INFO - HTTP Request: POST http://testserver/api/v1/users/change-password "HTTP/1.1 200 OK"
2026-07-17 20:29:56 - root - INFO - TELEGRAM_WEBHOOK_URL not set — skipping webhook registration
2026-07-17 20:29:56 - httpx - INFO - HTTP Request: POST http://testserver/api/v1/auth/login "HTTP/1.1 200 OK"
2026-07-17 20:29:56 - httpx - INFO - HTTP Request: POST http://testserver/api/v1/users/change-password "HTTP/1.1 400 Bad Request"
2026-07-17 20:29:56 - root - INFO - TELEGRAM_WEBHOOK_URL not set — skipping webhook registration
2026-07-17 20:29:57 - httpx - INFO - HTTP Request: POST http://testserver/api/v1/auth/login "HTTP/1.1 200 OK"
2026-07-17 20:29:57 - httpx - INFO - HTTP Request: GET http://testserver/api/v1/cart/ "HTTP/1.1 200 OK"
2026-07-17 20:29:57 - root - INFO - TELEGRAM_WEBHOOK_URL not set — skipping webhook registration
2026-07-17 20:29:57 - httpx - INFO - HTTP Request: POST http://testserver/api/v1/auth/login "HTTP/1.1 200 OK"
2026-07-17 20:29:57 - httpx - INFO - HTTP Request: POST http://testserver/api/v1/cart/add "HTTP/1.1 200 OK"
2026-07-17 20:29:57 - root - INFO - TELEGRAM_WEBHOOK_URL not set — skipping webhook registration
2026-07-17 20:29:57 - httpx - INFO - HTTP Request: POST http://testserver/api/v1/auth/login "HTTP/1.1 200 OK"
2026-07-17 20:29:57 - httpx - INFO - HTTP Request: POST http://testserver/api/v1/cart/add "HTTP/1.1 200 OK"
2026-07-17 20:29:57 - httpx - INFO - HTTP Request: GET http://testserver/api/v1/cart/ "HTTP/1.1 200 OK"
2026-07-17 20:29:57 - httpx - INFO - HTTP Request: PUT http://testserver/api/v1/cart/1 "HTTP/1.1 200 OK"
2026-07-17 20:29:57 - root - INFO - TELEGRAM_WEBHOOK_URL not set — skipping webhook registration
2026-07-17 20:29:58 - httpx - INFO - HTTP Request: POST http://testserver/api/v1/auth/login "HTTP/1.1 200 OK"
2026-07-17 20:29:58 - httpx - INFO - HTTP Request: POST http://testserver/api/v1/cart/add "HTTP/1.1 200 OK"
2026-07-17 20:29:58 - httpx - INFO - HTTP Request: GET http://testserver/api/v1/cart/ "HTTP/1.1 200 OK"
2026-07-17 20:29:58 - httpx - INFO - HTTP Request: DELETE http://testserver/api/v1/cart/1 "HTTP/1.1 200 OK"
2026-07-17 20:29:58 - root - INFO - TELEGRAM_WEBHOOK_URL not set — skipping webhook registration
2026-07-17 20:29:58 - httpx - INFO - HTTP Request: GET http://testserver/api/v1/cart/ "HTTP/1.1 401 Unauthorized"
2026-07-17 20:29:58 - root - INFO - TELEGRAM_WEBHOOK_URL not set — skipping webhook registration
2026-07-17 20:29:58 - httpx - INFO - HTTP Request: GET http://testserver/api/v1/catalog/makes "HTTP/1.1 200 OK"
2026-07-17 20:29:58 - root - INFO - TELEGRAM_WEBHOOK_URL not set — skipping webhook registration
2026-07-17 20:29:58 - httpx - INFO - HTTP Request: GET http://testserver/api/v1/catalog/models/1 "HTTP/1.1 200 OK"
2026-07-17 20:29:58 - root - INFO - TELEGRAM_WEBHOOK_URL not set — skipping webhook registration
2026-07-17 20:29:58 - httpx - INFO - HTTP Request: GET http://testserver/api/v1/catalog/makes "HTTP/1.1 200 OK"
2026-07-17 20:29:58 - root - INFO - TELEGRAM_WEBHOOK_URL not set — skipping webhook registration
2026-07-17 20:29:58 - httpx - INFO - HTTP Request: GET http://testserver/api/v1/catalog/makes "HTTP/1.1 200 OK"
2026-07-17 20:29:58 - root - INFO - TELEGRAM_WEBHOOK_URL not set — skipping webhook registration
2026-07-17 20:29:58 - httpx - INFO - HTTP Request: GET http://testserver/api/v1/catalog/models/1 "HTTP/1.1 200 OK"
2026-07-17 20:29:58 - root - INFO - TELEGRAM_WEBHOOK_URL not set — skipping webhook registration
2026-07-17 20:29:58 - httpx - INFO - HTTP Request: GET http://testserver/api/v1/catalog/models/1 "HTTP/1.1 200 OK"
2026-07-17 20:29:58 - root - INFO - TELEGRAM_WEBHOOK_URL not set — skipping webhook registration
2026-07-17 20:29:58 - httpx - INFO - HTTP Request: GET http://testserver/api/v1/catalog/modifications/1 "HTTP/1.1 200 OK"
2026-07-17 20:29:58 - root - INFO - TELEGRAM_WEBHOOK_URL not set — skipping webhook registration
2026-07-17 20:29:58 - httpx - INFO - HTTP Request: GET http://testserver/api/v1/catalog/modifications/1 "HTTP/1.1 200 OK"
2026-07-17 20:29:58 - root - INFO - TELEGRAM_WEBHOOK_URL not set — skipping webhook registration
2026-07-17 20:29:58 - httpx - INFO - HTTP Request: GET http://testserver/api/v1/catalog/sections/1 "HTTP/1.1 200 OK"
2026-07-17 20:29:58 - root - INFO - TELEGRAM_WEBHOOK_URL not set — skipping webhook registration
2026-07-17 20:29:58 - httpx - INFO - HTTP Request: GET http://testserver/api/v1/catalog/search?q=BR001 "HTTP/1.1 200 OK"
2026-07-17 20:29:58 - root - INFO - TELEGRAM_WEBHOOK_URL not set — skipping webhook registration
2026-07-17 20:29:58 - httpx - INFO - HTTP Request: GET http://testserver/api/v1/catalog/search?q=ZZZ999 "HTTP/1.1 200 OK"
2026-07-17 20:29:58 - root - INFO - TELEGRAM_WEBHOOK_URL not set — skipping webhook registration
2026-07-17 20:29:58 - httpx - INFO - HTTP Request: GET http://testserver/api/v1/catalog/search "HTTP/1.1 422 Unprocessable Entity"
2026-07-17 20:29:58 - root - INFO - TELEGRAM_WEBHOOK_URL not set — skipping webhook registration
2026-07-17 20:29:58 - httpx - INFO - HTTP Request: GET http://testserver/api/v1/catalog/search/autocomplete?q=TEST "HTTP/1.1 200 OK"
2026-07-17 20:29:58 - root - INFO - TELEGRAM_WEBHOOK_URL not set — skipping webhook registration
2026-07-17 20:29:58 - httpx - INFO - HTTP Request: GET http://testserver/api/v1/catalog/vehicle/years?type=passenger "HTTP/1.1 200 OK"
2026-07-17 20:29:58 - root - INFO - TELEGRAM_WEBHOOK_URL not set — skipping webhook registration
2026-07-17 20:29:58 - httpx - INFO - HTTP Request: GET http://testserver/api/v1/catalog/vehicle/years?type=invalid "HTTP/1.1 200 OK"
2026-07-17 20:29:58 - root - INFO - TELEGRAM_WEBHOOK_URL not set — skipping webhook registration
2026-07-17 20:29:58 - httpx - INFO - HTTP Request: GET http://testserver/api/v1/catalog/vehicle/makes?type=passenger&year=2020 "HTTP/1.1 200 OK"
2026-07-17 20:29:58 - root - INFO - TELEGRAM_WEBHOOK_URL not set — skipping webhook registration
2026-07-17 20:29:58 - httpx - INFO - HTTP Request: GET http://testserver/api/v1/catalog/vehicle/models?type=passenger&year=2020&make_id=1 "HTTP/1.1 200 OK"
2026-07-17 20:29:59 - root - INFO - TELEGRAM_WEBHOOK_URL not set — skipping webhook registration
2026-07-17 20:29:59 - httpx - INFO - HTTP Request: GET http://testserver/api/v1/catalog/vehicle/cars?type=passenger&year=2020&model_id=1 "HTTP/1.1 200 OK"
2026-07-17 20:29:59 - root - INFO - TELEGRAM_WEBHOOK_URL not set — skipping webhook registration
2026-07-17 20:29:59 - httpx - INFO - HTTP Request: GET http://testserver/api/v1/catalog/vehicle/volumes?year=2020&model_id=1 "HTTP/1.1 200 OK"
2026-07-17 20:29:59 - root - INFO - TELEGRAM_WEBHOOK_URL not set — skipping webhook registration
2026-07-17 20:29:59 - httpx - INFO - HTTP Request: GET http://testserver/api/v1/catalog/vehicle/engines?year=2020&car_id=1 "HTTP/1.1 200 OK"
2026-07-17 20:29:59 - root - INFO - TELEGRAM_WEBHOOK_URL not set — skipping webhook registration
2026-07-17 20:29:59 - httpx - INFO - HTTP Request: GET http://testserver/api/v1/categories/header "HTTP/1.1 200 OK"
2026-07-17 20:29:59 - root - INFO - TELEGRAM_WEBHOOK_URL not set — skipping webhook registration
2026-07-17 20:29:59 - httpx - INFO - HTTP Request: GET http://testserver/api/v1/categories/header?locale=en "HTTP/1.1 200 OK"
2026-07-17 20:29:59 - root - INFO - TELEGRAM_WEBHOOK_URL not set — skipping webhook registration
2026-07-17 20:29:59 - httpx - INFO - HTTP Request: GET http://testserver/api/v1/categories/header?locale=de "HTTP/1.1 422 Unprocessable Entity"
2026-07-17 20:29:59 - root - INFO - TELEGRAM_WEBHOOK_URL not set — skipping webhook registration
2026-07-17 20:29:59 - httpx - INFO - HTTP Request: POST http://testserver/api/v1/auth/login "HTTP/1.1 200 OK"
2026-07-17 20:29:59 - httpx - INFO - HTTP Request: GET http://testserver/api/v1/favorites/ "HTTP/1.1 200 OK"
2026-07-17 20:29:59 - root - INFO - TELEGRAM_WEBHOOK_URL not set — skipping webhook registration
2026-07-17 20:29:59 - httpx - INFO - HTTP Request: POST http://testserver/api/v1/auth/login "HTTP/1.1 200 OK"
2026-07-17 20:29:59 - httpx - INFO - HTTP Request: POST http://testserver/api/v1/favorites/add "HTTP/1.1 200 OK"
2026-07-17 20:29:59 - root - INFO - TELEGRAM_WEBHOOK_URL not set — skipping webhook registration
2026-07-17 20:30:00 - httpx - INFO - HTTP Request: POST http://testserver/api/v1/auth/login "HTTP/1.1 200 OK"
2026-07-17 20:30:00 - httpx - INFO - HTTP Request: POST http://testserver/api/v1/favorites/add "HTTP/1.1 200 OK"
2026-07-17 20:30:00 - httpx - INFO - HTTP Request: DELETE http://testserver/api/v1/favorites/1 "HTTP/1.1 200 OK"
2026-07-17 20:30:00 - root - INFO - TELEGRAM_WEBHOOK_URL not set — skipping webhook registration
2026-07-17 20:30:00 - httpx - INFO - HTTP Request: GET http://testserver/api/v1/favorites/ "HTTP/1.1 200 OK"
2026-07-17 20:30:00 - root - INFO - TELEGRAM_WEBHOOK_URL not set — skipping webhook registration
2026-07-17 20:30:00 - httpx - INFO - HTTP Request: GET http://testserver/api/v1/footer "HTTP/1.1 200 OK"
2026-07-17 20:30:00 - root - INFO - TELEGRAM_WEBHOOK_URL not set — skipping webhook registration
2026-07-17 20:30:00 - httpx - INFO - HTTP Request: GET http://testserver/api/v1/footer?locale=en "HTTP/1.1 200 OK"
2026-07-17 20:30:00 - root - INFO - TELEGRAM_WEBHOOK_URL not set — skipping webhook registration
2026-07-17 20:30:01 - httpx - INFO - HTTP Request: POST http://testserver/api/v1/auth/login "HTTP/1.1 200 OK"
2026-07-17 20:30:01 - httpx - INFO - HTTP Request: GET http://testserver/api/v1/admin/footer "HTTP/1.1 200 OK"
2026-07-17 20:30:01 - root - INFO - TELEGRAM_WEBHOOK_URL not set — skipping webhook registration
2026-07-17 20:30:01 - httpx - INFO - HTTP Request: POST http://testserver/api/v1/auth/login "HTTP/1.1 200 OK"
2026-07-17 20:30:01 - httpx - INFO - HTTP Request: PUT http://testserver/api/v1/admin/footer/ru "HTTP/1.1 200 OK"
2026-07-17 20:30:01 - root - INFO - TELEGRAM_WEBHOOK_URL not set — skipping webhook registration
2026-07-17 20:30:02 - httpx - INFO - HTTP Request: POST http://testserver/api/v1/auth/login "HTTP/1.1 200 OK"
2026-07-17 20:30:02 - httpx - INFO - HTTP Request: PUT http://testserver/api/v1/admin/footer/ua "HTTP/1.1 200 OK"
2026-07-17 20:30:02 - root - INFO - TELEGRAM_WEBHOOK_URL not set — skipping webhook registration
2026-07-17 20:30:02 - httpx - INFO - HTTP Request: POST http://testserver/api/v1/auth/login "HTTP/1.1 200 OK"
2026-07-17 20:30:02 - httpx - INFO - HTTP Request: PUT http://testserver/api/v1/admin/footer/de "HTTP/1.1 400 Bad Request"
2026-07-17 20:30:02 - root - INFO - TELEGRAM_WEBHOOK_URL not set — skipping webhook registration
2026-07-17 20:30:03 - httpx - INFO - HTTP Request: POST http://testserver/api/v1/auth/login "HTTP/1.1 200 OK"
2026-07-17 20:30:03 - httpx - INFO - HTTP Request: GET http://testserver/api/v1/admin/footer "HTTP/1.1 403 Forbidden"
2026-07-17 20:30:03 - root - INFO - TELEGRAM_WEBHOOK_URL not set — skipping webhook registration
2026-07-17 20:30:03 - httpx - INFO - HTTP Request: POST http://testserver/api/v1/auth/login "HTTP/1.1 200 OK"
2026-07-17 20:30:03 - httpx - INFO - HTTP Request: GET http://testserver/api/v1/orders/ "HTTP/1.1 200 OK"
2026-07-17 20:30:03 - root - INFO - TELEGRAM_WEBHOOK_URL not set — skipping webhook registration
2026-07-17 20:30:03 - httpx - INFO - HTTP Request: POST http://testserver/api/v1/auth/login "HTTP/1.1 200 OK"
2026-07-17 20:30:03 - httpx - INFO - HTTP Request: POST http://testserver/api/v1/cart/add "HTTP/1.1 200 OK"
2026-07-17 20:30:03 - httpx - INFO - HTTP Request: POST http://testserver/api/v1/orders/checkout "HTTP/1.1 200 OK"
2026-07-17 20:30:03 - root - INFO - TELEGRAM_WEBHOOK_URL not set — skipping webhook registration
2026-07-17 20:30:04 - httpx - INFO - HTTP Request: POST http://testserver/api/v1/auth/login "HTTP/1.1 200 OK"
2026-07-17 20:30:04 - httpx - INFO - HTTP Request: POST http://testserver/api/v1/cart/add "HTTP/1.1 200 OK"
2026-07-17 20:30:04 - httpx - INFO - HTTP Request: POST http://testserver/api/v1/orders/checkout "HTTP/1.1 200 OK"
2026-07-17 20:30:04 - httpx - INFO - HTTP Request: GET http://testserver/api/v1/orders/1 "HTTP/1.1 200 OK"
2026-07-17 20:30:04 - root - INFO - TELEGRAM_WEBHOOK_URL not set — skipping webhook registration
2026-07-17 20:30:04 - httpx - INFO - HTTP Request: GET http://testserver/api/v1/orders/ "HTTP/1.1 401 Unauthorized"
2026-07-17 20:30:09 - root - INFO - TELEGRAM_WEBHOOK_URL not set — skipping webhook registration
2026-07-17 20:30:09 - httpx - INFO - HTTP Request: GET http://testserver/api/v1/settings "HTTP/1.1 200 OK"
2026-07-17 20:30:09 - root - INFO - TELEGRAM_WEBHOOK_URL not set — skipping webhook registration
2026-07-17 20:30:09 - httpx - INFO - HTTP Request: GET http://testserver/api/v1/settings "HTTP/1.1 200 OK"
2026-07-17 20:30:09 - root - INFO - TELEGRAM_WEBHOOK_URL not set — skipping webhook registration
2026-07-17 20:30:09 - httpx - INFO - HTTP Request: POST http://testserver/api/v1/auth/login "HTTP/1.1 200 OK"
2026-07-17 20:30:09 - httpx - INFO - HTTP Request: GET http://testserver/api/v1/admin/settings "HTTP/1.1 200 OK"
2026-07-17 20:30:10 - root - INFO - TELEGRAM_WEBHOOK_URL not set — skipping webhook registration
2026-07-17 20:30:10 - httpx - INFO - HTTP Request: POST http://testserver/api/v1/auth/login "HTTP/1.1 200 OK"
2026-07-17 20:30:10 - httpx - INFO - HTTP Request: PUT http://testserver/api/v1/admin/settings "HTTP/1.1 200 OK"
2026-07-17 20:30:10 - root - INFO - TELEGRAM_WEBHOOK_URL not set — skipping webhook registration
2026-07-17 20:30:10 - httpx - INFO - HTTP Request: POST http://testserver/api/v1/auth/login "HTTP/1.1 200 OK"
2026-07-17 20:30:10 - httpx - INFO - HTTP Request: GET http://testserver/api/v1/admin/settings "HTTP/1.1 403 Forbidden"
2026-07-17 20:30:11 - root - INFO - TELEGRAM_WEBHOOK_URL not set — skipping webhook registration
2026-07-17 20:30:11 - httpx - INFO - HTTP Request: POST http://testserver/api/v1/auth/login "HTTP/1.1 200 OK"
2026-07-17 20:30:11 - httpx - INFO - HTTP Request: POST http://testserver/api/v1/telegram/start "HTTP/1.1 200 OK"
2026-07-17 20:30:11 - root - INFO - TELEGRAM_WEBHOOK_URL not set — skipping webhook registration
2026-07-17 20:30:11 - httpx - INFO - HTTP Request: POST http://testserver/api/v1/auth/login "HTTP/1.1 200 OK"
2026-07-17 20:30:11 - httpx - INFO - HTTP Request: GET http://testserver/api/v1/telegram/status "HTTP/1.1 200 OK"
2026-07-17 20:30:11 - root - INFO - TELEGRAM_WEBHOOK_URL not set — skipping webhook registration
2026-07-17 20:30:12 - httpx - INFO - HTTP Request: POST http://testserver/api/v1/auth/login "HTTP/1.1 200 OK"
2026-07-17 20:30:12 - httpx - INFO - HTTP Request: POST http://testserver/api/v1/telegram/disconnect "HTTP/1.1 400 Bad Request"
2026-07-17 20:30:12 - root - INFO - TELEGRAM_WEBHOOK_URL not set — skipping webhook registration
2026-07-17 20:30:13 - httpx - INFO - HTTP Request: POST http://testserver/api/v1/auth/login "HTTP/1.1 200 OK"
2026-07-17 20:30:13 - httpx - INFO - HTTP Request: GET http://testserver/api/v1/users/me "HTTP/1.1 200 OK"
2026-07-17 20:30:13 - root - INFO - TELEGRAM_WEBHOOK_URL not set — skipping webhook registration
2026-07-17 20:30:13 - httpx - INFO - HTTP Request: POST http://testserver/api/v1/auth/login "HTTP/1.1 200 OK"
2026-07-17 20:30:13 - httpx - INFO - HTTP Request: PUT http://testserver/api/v1/users/me "HTTP/1.1 200 OK"
2026-07-17 20:30:13 - root - INFO - TELEGRAM_WEBHOOK_URL not set — skipping webhook registration
2026-07-17 20:30:13 - httpx - INFO - HTTP Request: POST http://testserver/api/v1/auth/login "HTTP/1.1 200 OK"
2026-07-17 20:30:14 - httpx - INFO - HTTP Request: POST http://testserver/api/v1/users/change-password "HTTP/1.1 200 OK"
2026-07-17 20:30:14 - root - INFO - TELEGRAM_WEBHOOK_URL not set — skipping webhook registration
2026-07-17 20:30:14 - httpx - INFO - HTTP Request: POST http://testserver/api/v1/auth/login "HTTP/1.1 200 OK"
2026-07-17 20:30:14 - app.api.v1.endpoints.users - INFO - MODIFIED get_garage called, has_new_code=True
2026-07-17 20:30:14 - httpx - INFO - HTTP Request: GET http://testserver/api/v1/users/garage "HTTP/1.1 200 OK"
2026-07-17 20:30:23 - root - INFO - TELEGRAM_WEBHOOK_URL not set — skipping webhook registration
2026-07-17 20:30:23 - httpx - INFO - HTTP Request: POST http://testserver/api/v1/auth/login "HTTP/1.1 200 OK"
2026-07-17 20:30:23 - httpx - INFO - HTTP Request: GET http://testserver/api/v1/admin/dashboard "HTTP/1.1 200 OK"
2026-07-17 20:30:23 - root - INFO - TELEGRAM_WEBHOOK_URL not set — skipping webhook registration
2026-07-17 20:30:24 - httpx - INFO - HTTP Request: POST http://testserver/api/v1/auth/login "HTTP/1.1 200 OK"
2026-07-17 20:30:24 - httpx - INFO - HTTP Request: GET http://testserver/api/v1/admin/users "HTTP/1.1 200 OK"
2026-07-17 20:30:24 - root - INFO - TELEGRAM_WEBHOOK_URL not set — skipping webhook registration
2026-07-17 20:30:24 - httpx - INFO - HTTP Request: POST http://testserver/api/v1/auth/login "HTTP/1.1 200 OK"
2026-07-17 20:30:24 - httpx - INFO - HTTP Request: GET http://testserver/api/v1/admin/brands "HTTP/1.1 200 OK"
2026-07-17 20:30:24 - root - INFO - TELEGRAM_WEBHOOK_URL not set — skipping webhook registration
2026-07-17 20:30:24 - httpx - INFO - HTTP Request: POST http://testserver/api/v1/auth/login "HTTP/1.1 200 OK"
2026-07-17 20:30:24 - httpx - INFO - HTTP Request: GET http://testserver/api/v1/admin/products?page=1&page_size=10 "HTTP/1.1 200 OK"
2026-07-17 20:30:24 - root - INFO - TELEGRAM_WEBHOOK_URL not set — skipping webhook registration
2026-07-17 20:30:25 - httpx - INFO - HTTP Request: POST http://testserver/api/v1/auth/login "HTTP/1.1 200 OK"
2026-07-17 20:30:25 - httpx - INFO - HTTP Request: GET http://testserver/api/v1/admin/orders "HTTP/1.1 200 OK"
2026-07-17 20:30:25 - root - INFO - TELEGRAM_WEBHOOK_URL not set — skipping webhook registration
2026-07-17 20:30:25 - httpx - INFO - HTTP Request: POST http://testserver/api/v1/auth/login "HTTP/1.1 200 OK"
2026-07-17 20:30:25 - httpx - INFO - HTTP Request: GET http://testserver/api/v1/admin/dashboard "HTTP/1.1 200 OK"
2026-07-17 20:30:25 - root - INFO - TELEGRAM_WEBHOOK_URL not set — skipping webhook registration
2026-07-17 20:30:26 - httpx - INFO - HTTP Request: POST http://testserver/api/v1/auth/login "HTTP/1.1 200 OK"
2026-07-17 20:30:26 - httpx - INFO - HTTP Request: GET http://testserver/api/v1/admin/catalog/types "HTTP/1.1 200 OK"
2026-07-17 20:30:26 - root - INFO - TELEGRAM_WEBHOOK_URL not set — skipping webhook registration
2026-07-17 20:30:26 - httpx - INFO - HTTP Request: POST http://testserver/api/v1/auth/login "HTTP/1.1 200 OK"
2026-07-17 20:30:26 - httpx - INFO - HTTP Request: GET http://testserver/api/v1/admin/catalog/years?type=passenger "HTTP/1.1 200 OK"
2026-07-17 20:30:26 - root - INFO - TELEGRAM_WEBHOOK_URL not set — skipping webhook registration
2026-07-17 20:30:27 - httpx - INFO - HTTP Request: POST http://testserver/api/v1/auth/login "HTTP/1.1 200 OK"
2026-07-17 20:30:27 - httpx - INFO - HTTP Request: GET http://testserver/api/v1/admin/catalog/makes?type=passenger&year=2020 "HTTP/1.1 200 OK"
2026-07-17 20:30:27 - root - INFO - TELEGRAM_WEBHOOK_URL not set — skipping webhook registration
2026-07-17 20:30:27 - httpx - INFO - HTTP Request: POST http://testserver/api/v1/auth/login "HTTP/1.1 200 OK"
2026-07-17 20:30:27 - httpx - INFO - HTTP Request: GET http://testserver/api/v1/admin/categories "HTTP/1.1 200 OK"
2026-07-17 20:30:27 - root - INFO - TELEGRAM_WEBHOOK_URL not set — skipping webhook registration
2026-07-17 20:30:28 - httpx - INFO - HTTP Request: POST http://testserver/api/v1/auth/login "HTTP/1.1 200 OK"
2026-07-17 20:30:28 - httpx - INFO - HTTP Request: GET http://testserver/api/v1/admin/categories "HTTP/1.1 200 OK"
2026-07-17 20:30:28 - root - INFO - TELEGRAM_WEBHOOK_URL not set — skipping webhook registration
2026-07-17 20:30:29 - httpx - INFO - HTTP Request: POST http://testserver/api/v1/auth/login "HTTP/1.1 200 OK"
2026-07-17 20:30:29 - httpx - INFO - HTTP Request: POST http://testserver/api/v1/admin/categories "HTTP/1.1 200 OK"
2026-07-17 20:30:29 - root - INFO - TELEGRAM_WEBHOOK_URL not set — skipping webhook registration
2026-07-17 20:30:29 - httpx - INFO - HTTP Request: POST http://testserver/api/v1/auth/login "HTTP/1.1 200 OK"
2026-07-17 20:30:29 - httpx - INFO - HTTP Request: PUT http://testserver/api/v1/admin/categories/1 "HTTP/1.1 200 OK"
2026-07-17 20:30:29 - root - INFO - TELEGRAM_WEBHOOK_URL not set — skipping webhook registration
2026-07-17 20:30:30 - httpx - INFO - HTTP Request: POST http://testserver/api/v1/auth/login "HTTP/1.1 200 OK"
2026-07-17 20:30:30 - httpx - INFO - HTTP Request: PUT http://testserver/api/v1/admin/categories/99999 "HTTP/1.1 404 Not Found"
2026-07-17 20:30:30 - root - INFO - TELEGRAM_WEBHOOK_URL not set — skipping webhook registration
2026-07-17 20:30:30 - httpx - INFO - HTTP Request: POST http://testserver/api/v1/auth/login "HTTP/1.1 200 OK"
2026-07-17 20:30:30 - httpx - INFO - HTTP Request: DELETE http://testserver/api/v1/admin/categories/1 "HTTP/1.1 200 OK"
2026-07-17 20:30:31 - root - INFO - TELEGRAM_WEBHOOK_URL not set — skipping webhook registration
2026-07-17 20:30:31 - httpx - INFO - HTTP Request: POST http://testserver/api/v1/auth/login "HTTP/1.1 200 OK"
2026-07-17 20:30:31 - httpx - INFO - HTTP Request: DELETE http://testserver/api/v1/admin/categories/99999 "HTTP/1.1 404 Not Found"
2026-07-17 20:30:31 - root - INFO - TELEGRAM_WEBHOOK_URL not set — skipping webhook registration
2026-07-17 20:30:31 - httpx - INFO - HTTP Request: POST http://testserver/api/v1/auth/login "HTTP/1.1 200 OK"
2026-07-17 20:30:31 - httpx - INFO - HTTP Request: GET http://testserver/api/v1/admin/categories "HTTP/1.1 403 Forbidden"
2026-07-17 20:30:31 - root - INFO - TELEGRAM_WEBHOOK_URL not set — skipping webhook registration
2026-07-17 20:30:32 - httpx - INFO - HTTP Request: POST http://testserver/api/v1/auth/login "HTTP/1.1 200 OK"
2026-07-17 20:30:32 - httpx - INFO - HTTP Request: GET http://testserver/api/v1/admin/imports "HTTP/1.1 200 OK"
2026-07-17 20:30:32 - root - INFO - TELEGRAM_WEBHOOK_URL not set — skipping webhook registration
2026-07-17 20:30:33 - httpx - INFO - HTTP Request: POST http://testserver/api/v1/auth/login "HTTP/1.1 200 OK"
2026-07-17 20:30:33 - httpx - INFO - HTTP Request: GET http://testserver/api/v1/admin/imports "HTTP/1.1 200 OK"
2026-07-17 20:30:33 - root - INFO - TELEGRAM_WEBHOOK_URL not set — skipping webhook registration
2026-07-17 20:30:33 - httpx - INFO - HTTP Request: POST http://testserver/api/v1/auth/login "HTTP/1.1 200 OK"
2026-07-17 20:30:33 - httpx - INFO - HTTP Request: GET http://testserver/api/v1/admin/imports?supplier=GPL "HTTP/1.1 200 OK"
2026-07-17 20:30:33 - root - INFO - TELEGRAM_WEBHOOK_URL not set — skipping webhook registration
2026-07-17 20:30:34 - httpx - INFO - HTTP Request: POST http://testserver/api/v1/auth/login "HTTP/1.1 200 OK"
2026-07-17 20:30:34 - httpx - INFO - HTTP Request: GET http://testserver/api/v1/admin/imports "HTTP/1.1 403 Forbidden"
2026-07-17 20:30:34 - root - INFO - TELEGRAM_WEBHOOK_URL not set — skipping webhook registration
2026-07-17 20:30:34 - httpx - INFO - HTTP Request: POST http://testserver/api/v1/auth/login "HTTP/1.1 200 OK"
2026-07-17 20:30:34 - httpx - INFO - HTTP Request: GET http://testserver/api/v1/admin/imports/99999/download "HTTP/1.1 404 Not Found"
2026-07-17 20:30:34 - root - INFO - TELEGRAM_WEBHOOK_URL not set — skipping webhook registration
2026-07-17 20:30:35 - httpx - INFO - HTTP Request: POST http://testserver/api/v1/auth/login "HTTP/1.1 200 OK"
2026-07-17 20:30:35 - httpx - INFO - HTTP Request: GET http://testserver/api/v1/admin/imports/1/download "HTTP/1.1 404 Not Found"
2026-07-17 20:30:35 - root - INFO - TELEGRAM_WEBHOOK_URL not set — skipping webhook registration
2026-07-17 20:30:35 - httpx - INFO - HTTP Request: POST http://testserver/api/v1/auth/login "HTTP/1.1 200 OK"
2026-07-17 20:30:36 - httpx - INFO - HTTP Request: POST http://testserver/api/v1/admin/imports/99999/promote "HTTP/1.1 404 Not Found"
2026-07-17 20:30:36 - root - INFO - TELEGRAM_WEBHOOK_URL not set — skipping webhook registration
2026-07-17 20:30:36 - httpx - INFO - HTTP Request: POST http://testserver/api/v1/auth/login "HTTP/1.1 200 OK"
2026-07-17 20:30:36 - httpx - INFO - HTTP Request: POST http://testserver/api/v1/admin/imports/1/promote "HTTP/1.1 200 OK"
2026-07-17 20:30:36 - root - INFO - TELEGRAM_WEBHOOK_URL not set — skipping webhook registration
2026-07-17 20:30:37 - httpx - INFO - HTTP Request: POST http://testserver/api/v1/auth/login "HTTP/1.1 200 OK"
2026-07-17 20:30:37 - httpx - INFO - HTTP Request: DELETE http://testserver/api/v1/admin/imports/99999 "HTTP/1.1 404 Not Found"
2026-07-17 20:30:37 - root - INFO - TELEGRAM_WEBHOOK_URL not set — skipping webhook registration
2026-07-17 20:30:37 - httpx - INFO - HTTP Request: POST http://testserver/api/v1/auth/login "HTTP/1.1 200 OK"
2026-07-17 20:30:37 - httpx - INFO - HTTP Request: DELETE http://testserver/api/v1/admin/imports/1 "HTTP/1.1 200 OK"
2026-07-17 20:30:37 - root - INFO - TELEGRAM_WEBHOOK_URL not set — skipping webhook registration
2026-07-17 20:30:38 - httpx - INFO - HTTP Request: POST http://testserver/api/v1/auth/login "HTTP/1.1 200 OK"
2026-07-17 20:30:38 - httpx - INFO - HTTP Request: GET http://testserver/api/v1/admin/orders "HTTP/1.1 200 OK"
2026-07-17 20:30:38 - root - INFO - TELEGRAM_WEBHOOK_URL not set — skipping webhook registration
2026-07-17 20:30:39 - httpx - INFO - HTTP Request: POST http://testserver/api/v1/auth/login "HTTP/1.1 200 OK"
2026-07-17 20:30:39 - httpx - INFO - HTTP Request: GET http://testserver/api/v1/admin/orders "HTTP/1.1 200 OK"
2026-07-17 20:30:39 - root - INFO - TELEGRAM_WEBHOOK_URL not set — skipping webhook registration
2026-07-17 20:30:39 - httpx - INFO - HTTP Request: POST http://testserver/api/v1/auth/login "HTTP/1.1 200 OK"
2026-07-17 20:30:39 - httpx - INFO - HTTP Request: GET http://testserver/api/v1/admin/orders?status=pending "HTTP/1.1 200 OK"
2026-07-17 20:30:39 - root - INFO - TELEGRAM_WEBHOOK_URL not set — skipping webhook registration
2026-07-17 20:30:40 - httpx - INFO - HTTP Request: POST http://testserver/api/v1/auth/login "HTTP/1.1 200 OK"
2026-07-17 20:30:40 - httpx - INFO - HTTP Request: GET http://testserver/api/v1/admin/orders?search=Petrov "HTTP/1.1 200 OK"
2026-07-17 20:30:40 - root - INFO - TELEGRAM_WEBHOOK_URL not set — skipping webhook registration
2026-07-17 20:30:41 - httpx - INFO - HTTP Request: POST http://testserver/api/v1/auth/login "HTTP/1.1 200 OK"
2026-07-17 20:30:41 - httpx - INFO - HTTP Request: GET http://testserver/api/v1/admin/orders?search=1 "HTTP/1.1 200 OK"
2026-07-17 20:30:41 - root - INFO - TELEGRAM_WEBHOOK_URL not set — skipping webhook registration
2026-07-17 20:30:41 - httpx - INFO - HTTP Request: POST http://testserver/api/v1/auth/login "HTTP/1.1 200 OK"
2026-07-17 20:30:41 - httpx - INFO - HTTP Request: GET http://testserver/api/v1/admin/orders?page=1&page_size=3 "HTTP/1.1 200 OK"
2026-07-17 20:30:41 - root - INFO - TELEGRAM_WEBHOOK_URL not set — skipping webhook registration
2026-07-17 20:30:42 - httpx - INFO - HTTP Request: POST http://testserver/api/v1/auth/login "HTTP/1.1 200 OK"
2026-07-17 20:30:42 - httpx - INFO - HTTP Request: GET http://testserver/api/v1/admin/orders/1 "HTTP/1.1 200 OK"
2026-07-17 20:30:42 - root - INFO - TELEGRAM_WEBHOOK_URL not set — skipping webhook registration
2026-07-17 20:30:42 - httpx - INFO - HTTP Request: POST http://testserver/api/v1/auth/login "HTTP/1.1 200 OK"
2026-07-17 20:30:42 - httpx - INFO - HTTP Request: GET http://testserver/api/v1/admin/orders/99999 "HTTP/1.1 404 Not Found"
2026-07-17 20:30:42 - root - INFO - TELEGRAM_WEBHOOK_URL not set — skipping webhook registration
2026-07-17 20:30:43 - httpx - INFO - HTTP Request: POST http://testserver/api/v1/auth/login "HTTP/1.1 200 OK"
2026-07-17 20:30:43 - httpx - INFO - HTTP Request: PUT http://testserver/api/v1/admin/orders/1 "HTTP/1.1 200 OK"
2026-07-17 20:30:43 - root - INFO - TELEGRAM_WEBHOOK_URL not set — skipping webhook registration
2026-07-17 20:30:44 - httpx - INFO - HTTP Request: POST http://testserver/api/v1/auth/login "HTTP/1.1 200 OK"
2026-07-17 20:30:44 - httpx - INFO - HTTP Request: PUT http://testserver/api/v1/admin/orders/99999 "HTTP/1.1 404 Not Found"
2026-07-17 20:30:44 - root - INFO - TELEGRAM_WEBHOOK_URL not set — skipping webhook registration
2026-07-17 20:30:44 - httpx - INFO - HTTP Request: POST http://testserver/api/v1/auth/login "HTTP/1.1 200 OK"
2026-07-17 20:30:44 - httpx - INFO - HTTP Request: PUT http://testserver/api/v1/admin/orders/1/status "HTTP/1.1 200 OK"
2026-07-17 20:30:45 - root - INFO - TELEGRAM_WEBHOOK_URL not set — skipping webhook registration
2026-07-17 20:30:45 - httpx - INFO - HTTP Request: POST http://testserver/api/v1/auth/login "HTTP/1.1 200 OK"
2026-07-17 20:30:45 - httpx - INFO - HTTP Request: PUT http://testserver/api/v1/admin/orders/1/status "HTTP/1.1 400 Bad Request"
2026-07-17 20:30:45 - root - INFO - TELEGRAM_WEBHOOK_URL not set — skipping webhook registration
2026-07-17 20:30:46 - httpx - INFO - HTTP Request: POST http://testserver/api/v1/auth/login "HTTP/1.1 200 OK"
2026-07-17 20:30:46 - httpx - INFO - HTTP Request: PUT http://testserver/api/v1/admin/orders/99999/status "HTTP/1.1 404 Not Found"
2026-07-17 20:30:46 - root - INFO - TELEGRAM_WEBHOOK_URL not set — skipping webhook registration
2026-07-17 20:30:46 - httpx - INFO - HTTP Request: POST http://testserver/api/v1/auth/login "HTTP/1.1 200 OK"
2026-07-17 20:30:46 - httpx - INFO - HTTP Request: GET http://testserver/api/v1/admin/orders/1/history "HTTP/1.1 200 OK"
2026-07-17 20:30:46 - root - INFO - TELEGRAM_WEBHOOK_URL not set — skipping webhook registration
2026-07-17 20:30:47 - httpx - INFO - HTTP Request: POST http://testserver/api/v1/auth/login "HTTP/1.1 200 OK"
2026-07-17 20:30:47 - httpx - INFO - HTTP Request: GET http://testserver/api/v1/admin/orders "HTTP/1.1 403 Forbidden"
2026-07-17 20:30:47 - root - INFO - TELEGRAM_WEBHOOK_URL not set — skipping webhook registration
2026-07-17 20:30:47 - httpx - INFO - HTTP Request: POST http://testserver/api/v1/auth/login "HTTP/1.1 200 OK"
2026-07-17 20:30:47 - httpx - INFO - HTTP Request: GET http://testserver/api/v1/admin/pricing/general "HTTP/1.1 200 OK"
2026-07-17 20:30:47 - root - INFO - TELEGRAM_WEBHOOK_URL not set — skipping webhook registration
2026-07-17 20:30:48 - httpx - INFO - HTTP Request: POST http://testserver/api/v1/auth/login "HTTP/1.1 200 OK"
2026-07-17 20:30:48 - httpx - INFO - HTTP Request: PUT http://testserver/api/v1/admin/pricing/general "HTTP/1.1 200 OK"
2026-07-17 20:30:48 - root - INFO - TELEGRAM_WEBHOOK_URL not set — skipping webhook registration
2026-07-17 20:30:48 - httpx - INFO - HTTP Request: POST http://testserver/api/v1/auth/login "HTTP/1.1 200 OK"
2026-07-17 20:30:48 - httpx - INFO - HTTP Request: GET http://testserver/api/v1/admin/pricing/general "HTTP/1.1 403 Forbidden"
2026-07-17 20:30:48 - root - INFO - TELEGRAM_WEBHOOK_URL not set — skipping webhook registration
2026-07-17 20:30:49 - httpx - INFO - HTTP Request: POST http://testserver/api/v1/auth/login "HTTP/1.1 200 OK"
2026-07-17 20:30:49 - httpx - INFO - HTTP Request: GET http://testserver/api/v1/admin/pricing/categories "HTTP/1.1 200 OK"
2026-07-17 20:30:49 - root - INFO - TELEGRAM_WEBHOOK_URL not set — skipping webhook registration
2026-07-17 20:30:50 - httpx - INFO - HTTP Request: POST http://testserver/api/v1/auth/login "HTTP/1.1 200 OK"
2026-07-17 20:30:50 - httpx - INFO - HTTP Request: PUT http://testserver/api/v1/admin/pricing/categories/1 "HTTP/1.1 200 OK"
2026-07-17 20:30:50 - root - INFO - TELEGRAM_WEBHOOK_URL not set — skipping webhook registration
2026-07-17 20:30:50 - httpx - INFO - HTTP Request: POST http://testserver/api/v1/auth/login "HTTP/1.1 200 OK"
2026-07-17 20:30:50 - httpx - INFO - HTTP Request: GET http://testserver/api/v1/admin/pricing/history "HTTP/1.1 200 OK"
2026-07-17 20:30:50 - root - INFO - TELEGRAM_WEBHOOK_URL not set — skipping webhook registration
2026-07-17 20:30:51 - httpx - INFO - HTTP Request: POST http://testserver/api/v1/auth/login "HTTP/1.1 200 OK"
2026-07-17 20:30:51 - httpx - INFO - HTTP Request: GET http://testserver/api/v1/admin/pricing/history?type=category&category_id=1 "HTTP/1.1 200 OK"
2026-07-17 20:30:51 - root - INFO - TELEGRAM_WEBHOOK_URL not set — skipping webhook registration
2026-07-17 20:30:51 - httpx - INFO - HTTP Request: POST http://testserver/api/v1/auth/login "HTTP/1.1 200 OK"
2026-07-17 20:30:51 - httpx - INFO - HTTP Request: GET http://testserver/api/v1/admin/pricing/applied-history "HTTP/1.1 200 OK"
2026-07-17 20:30:51 - root - INFO - TELEGRAM_WEBHOOK_URL not set — skipping webhook registration
2026-07-17 20:30:52 - httpx - INFO - HTTP Request: POST http://testserver/api/v1/auth/login "HTTP/1.1 200 OK"
2026-07-17 20:30:52 - httpx - INFO - HTTP Request: GET http://testserver/api/v1/admin/products "HTTP/1.1 200 OK"
2026-07-17 20:30:52 - root - INFO - TELEGRAM_WEBHOOK_URL not set — skipping webhook registration
2026-07-17 20:30:53 - httpx - INFO - HTTP Request: POST http://testserver/api/v1/auth/login "HTTP/1.1 200 OK"
2026-07-17 20:30:53 - httpx - INFO - HTTP Request: GET http://testserver/api/v1/admin/products "HTTP/1.1 200 OK"
2026-07-17 20:30:53 - root - INFO - TELEGRAM_WEBHOOK_URL not set — skipping webhook registration
2026-07-17 20:30:53 - httpx - INFO - HTTP Request: POST http://testserver/api/v1/auth/login "HTTP/1.1 200 OK"
2026-07-17 20:30:53 - httpx - INFO - HTTP Request: GET http://testserver/api/v1/admin/products "HTTP/1.1 403 Forbidden"
2026-07-17 20:30:53 - root - INFO - TELEGRAM_WEBHOOK_URL not set — skipping webhook registration
2026-07-17 20:30:54 - httpx - INFO - HTTP Request: POST http://testserver/api/v1/auth/login "HTTP/1.1 200 OK"
2026-07-17 20:30:54 - httpx - INFO - HTTP Request: DELETE http://testserver/api/v1/admin/products/1 "HTTP/1.1 200 OK"
2026-07-17 20:30:54 - root - INFO - TELEGRAM_WEBHOOK_URL not set — skipping webhook registration
2026-07-17 20:30:54 - httpx - INFO - HTTP Request: POST http://testserver/api/v1/auth/login "HTTP/1.1 200 OK"
2026-07-17 20:30:54 - httpx - INFO - HTTP Request: DELETE http://testserver/api/v1/admin/products/99999 "HTTP/1.1 404 Not Found"
2026-07-17 20:30:54 - root - INFO - TELEGRAM_WEBHOOK_URL not set — skipping webhook registration
2026-07-17 20:30:55 - httpx - INFO - HTTP Request: POST http://testserver/api/v1/auth/login "HTTP/1.1 200 OK"
2026-07-17 20:30:55 - httpx - INFO - HTTP Request: GET http://testserver/api/v1/admin/roles "HTTP/1.1 200 OK"
2026-07-17 20:30:55 - root - INFO - TELEGRAM_WEBHOOK_URL not set — skipping webhook registration
2026-07-17 20:30:55 - httpx - INFO - HTTP Request: POST http://testserver/api/v1/auth/login "HTTP/1.1 200 OK"
2026-07-17 20:30:55 - httpx - INFO - HTTP Request: GET http://testserver/api/v1/admin/roles "HTTP/1.1 403 Forbidden"
2026-07-17 20:30:55 - root - INFO - TELEGRAM_WEBHOOK_URL not set — skipping webhook registration
2026-07-17 20:30:56 - httpx - INFO - HTTP Request: POST http://testserver/api/v1/auth/login "HTTP/1.1 200 OK"
2026-07-17 20:30:56 - httpx - INFO - HTTP Request: POST http://testserver/api/v1/admin/roles "HTTP/1.1 200 OK"
2026-07-17 20:30:56 - root - INFO - TELEGRAM_WEBHOOK_URL not set — skipping webhook registration
2026-07-17 20:30:56 - httpx - INFO - HTTP Request: POST http://testserver/api/v1/auth/login "HTTP/1.1 200 OK"
2026-07-17 20:30:56 - httpx - INFO - HTTP Request: POST http://testserver/api/v1/admin/roles "HTTP/1.1 200 OK"
2026-07-17 20:30:56 - httpx - INFO - HTTP Request: POST http://testserver/api/v1/admin/roles "HTTP/1.1 400 Bad Request"
2026-07-17 20:30:56 - root - INFO - TELEGRAM_WEBHOOK_URL not set — skipping webhook registration
2026-07-17 20:30:57 - httpx - INFO - HTTP Request: POST http://testserver/api/v1/auth/login "HTTP/1.1 200 OK"
2026-07-17 20:30:57 - httpx - INFO - HTTP Request: POST http://testserver/api/v1/admin/roles "HTTP/1.1 200 OK"
2026-07-17 20:30:57 - httpx - INFO - HTTP Request: PUT http://testserver/api/v1/admin/roles/2 "HTTP/1.1 200 OK"
2026-07-17 20:30:57 - root - INFO - TELEGRAM_WEBHOOK_URL not set — skipping webhook registration
2026-07-17 20:30:58 - httpx - INFO - HTTP Request: POST http://testserver/api/v1/auth/login "HTTP/1.1 200 OK"
2026-07-17 20:30:58 - httpx - INFO - HTTP Request: PUT http://testserver/api/v1/admin/roles/99999 "HTTP/1.1 404 Not Found"
2026-07-17 20:30:58 - root - INFO - TELEGRAM_WEBHOOK_URL not set — skipping webhook registration
2026-07-17 20:30:58 - httpx - INFO - HTTP Request: POST http://testserver/api/v1/auth/login "HTTP/1.1 200 OK"
2026-07-17 20:30:58 - httpx - INFO - HTTP Request: POST http://testserver/api/v1/admin/roles "HTTP/1.1 200 OK"
2026-07-17 20:30:58 - httpx - INFO - HTTP Request: DELETE http://testserver/api/v1/admin/roles/2 "HTTP/1.1 200 OK"
2026-07-17 20:30:58 - root - INFO - TELEGRAM_WEBHOOK_URL not set — skipping webhook registration
2026-07-17 20:30:59 - httpx - INFO - HTTP Request: POST http://testserver/api/v1/auth/login "HTTP/1.1 200 OK"
2026-07-17 20:30:59 - httpx - INFO - HTTP Request: DELETE http://testserver/api/v1/admin/roles/99999 "HTTP/1.1 404 Not Found"
2026-07-17 20:30:59 - root - INFO - TELEGRAM_WEBHOOK_URL not set — skipping webhook registration
2026-07-17 20:31:00 - httpx - INFO - HTTP Request: POST http://testserver/api/v1/auth/login "HTTP/1.1 200 OK"
2026-07-17 20:31:00 - httpx - INFO - HTTP Request: GET http://testserver/api/v1/admin/permissions "HTTP/1.1 200 OK"
2026-07-17 20:31:00 - root - INFO - TELEGRAM_WEBHOOK_URL not set — skipping webhook registration
2026-07-17 20:31:00 - httpx - INFO - HTTP Request: POST http://testserver/api/v1/auth/login "HTTP/1.1 200 OK"
2026-07-17 20:31:00 - httpx - INFO - HTTP Request: GET http://testserver/api/v1/admin/schedules "HTTP/1.1 200 OK"
2026-07-17 20:31:00 - root - INFO - TELEGRAM_WEBHOOK_URL not set — skipping webhook registration
2026-07-17 20:31:01 - httpx - INFO - HTTP Request: POST http://testserver/api/v1/auth/login "HTTP/1.1 200 OK"
2026-07-17 20:31:01 - httpx - INFO - HTTP Request: GET http://testserver/api/v1/admin/schedules "HTTP/1.1 200 OK"
2026-07-17 20:31:01 - root - INFO - TELEGRAM_WEBHOOK_URL not set — skipping webhook registration
2026-07-17 20:31:01 - httpx - INFO - HTTP Request: POST http://testserver/api/v1/auth/login "HTTP/1.1 200 OK"
2026-07-17 20:31:01 - httpx - INFO - HTTP Request: GET http://testserver/api/v1/admin/schedules "HTTP/1.1 403 Forbidden"
2026-07-17 20:31:01 - root - INFO - TELEGRAM_WEBHOOK_URL not set — skipping webhook registration
2026-07-17 20:31:02 - httpx - INFO - HTTP Request: POST http://testserver/api/v1/auth/login "HTTP/1.1 200 OK"
2026-07-17 20:31:02 - httpx - INFO - HTTP Request: PUT http://testserver/api/v1/admin/schedules/UTR "HTTP/1.1 200 OK"
2026-07-17 20:31:02 - root - INFO - TELEGRAM_WEBHOOK_URL not set — skipping webhook registration
2026-07-17 20:31:03 - httpx - INFO - HTTP Request: POST http://testserver/api/v1/auth/login "HTTP/1.1 200 OK"
2026-07-17 20:31:03 - httpx - INFO - HTTP Request: PUT http://testserver/api/v1/admin/schedules/UNKNOWN "HTTP/1.1 404 Not Found"
2026-07-17 20:31:03 - root - INFO - TELEGRAM_WEBHOOK_URL not set — skipping webhook registration
2026-07-17 20:31:03 - httpx - INFO - HTTP Request: POST http://testserver/api/v1/auth/login "HTTP/1.1 200 OK"
2026-07-17 20:31:03 - httpx - INFO - HTTP Request: POST http://testserver/api/v1/admin/schedules/UNKNOWN/run "HTTP/1.1 404 Not Found"
2026-07-17 20:31:03 - root - INFO - TELEGRAM_WEBHOOK_URL not set — skipping webhook registration
2026-07-17 20:31:04 - httpx - INFO - HTTP Request: POST http://testserver/api/v1/auth/login "HTTP/1.1 200 OK"
2026-07-17 20:31:04 - httpx - INFO - HTTP Request: GET http://testserver/api/v1/admin/suppliers "HTTP/1.1 200 OK"
2026-07-17 20:31:04 - root - INFO - TELEGRAM_WEBHOOK_URL not set — skipping webhook registration
2026-07-17 20:31:04 - httpx - INFO - HTTP Request: POST http://testserver/api/v1/auth/login "HTTP/1.1 200 OK"
2026-07-17 20:31:04 - httpx - INFO - HTTP Request: GET http://testserver/api/v1/admin/suppliers "HTTP/1.1 200 OK"
2026-07-17 20:31:04 - root - INFO - TELEGRAM_WEBHOOK_URL not set — skipping webhook registration
2026-07-17 20:31:05 - httpx - INFO - HTTP Request: POST http://testserver/api/v1/auth/login "HTTP/1.1 200 OK"
2026-07-17 20:31:05 - httpx - INFO - HTTP Request: GET http://testserver/api/v1/admin/suppliers "HTTP/1.1 403 Forbidden"
2026-07-17 20:31:05 - root - INFO - TELEGRAM_WEBHOOK_URL not set — skipping webhook registration
2026-07-17 20:31:05 - httpx - INFO - HTTP Request: POST http://testserver/api/v1/auth/login "HTTP/1.1 200 OK"
2026-07-17 20:31:05 - httpx - INFO - HTTP Request: PUT http://testserver/api/v1/admin/suppliers/GPL "HTTP/1.1 200 OK"
2026-07-17 20:31:05 - root - INFO - TELEGRAM_WEBHOOK_URL not set — skipping webhook registration
2026-07-17 20:31:06 - httpx - INFO - HTTP Request: POST http://testserver/api/v1/auth/login "HTTP/1.1 200 OK"
2026-07-17 20:31:06 - httpx - INFO - HTTP Request: PUT http://testserver/api/v1/admin/suppliers/UNKNOWN "HTTP/1.1 404 Not Found"
2026-07-17 20:31:06 - root - INFO - TELEGRAM_WEBHOOK_URL not set — skipping webhook registration
2026-07-17 20:31:07 - httpx - INFO - HTTP Request: POST http://testserver/api/v1/auth/login "HTTP/1.1 200 OK"
2026-07-17 20:31:07 - httpx - INFO - HTTP Request: GET http://testserver/api/v1/admin/suppliers/GPL/token-status "HTTP/1.1 200 OK"
2026-07-17 20:31:07 - root - INFO - TELEGRAM_WEBHOOK_URL not set — skipping webhook registration
2026-07-17 20:31:07 - httpx - INFO - HTTP Request: POST http://testserver/api/v1/auth/login "HTTP/1.1 200 OK"
2026-07-17 20:31:07 - httpx - INFO - HTTP Request: GET http://testserver/api/v1/admin/suppliers/UNKNOWN/token-status "HTTP/1.1 404 Not Found"
2026-07-17 20:31:07 - root - INFO - TELEGRAM_WEBHOOK_URL not set — skipping webhook registration
2026-07-17 20:31:08 - httpx - INFO - HTTP Request: POST http://testserver/api/v1/auth/login "HTTP/1.1 200 OK"
2026-07-17 20:31:09 - httpx - INFO - HTTP Request: GET http://testserver/api/v1/admin/workers "HTTP/1.1 200 OK"
2026-07-17 20:31:09 - root - INFO - TELEGRAM_WEBHOOK_URL not set — skipping webhook registration
2026-07-17 20:31:09 - httpx - INFO - HTTP Request: POST http://testserver/api/v1/auth/login "HTTP/1.1 200 OK"
2026-07-17 20:31:09 - httpx - INFO - HTTP Request: GET http://testserver/api/v1/admin/workers "HTTP/1.1 403 Forbidden"
2026-07-17 20:31:09 - root - INFO - TELEGRAM_WEBHOOK_URL not set — skipping webhook registration
2026-07-17 20:31:10 - httpx - INFO - HTTP Request: POST http://testserver/api/v1/auth/login "HTTP/1.1 200 OK"
2026-07-17 20:31:10 - httpx - INFO - HTTP Request: POST http://testserver/api/v1/admin/workers/tasks/fake-task-id/revoke "HTTP/1.1 200 OK"
2026-07-17 20:31:10 - root - INFO - TELEGRAM_WEBHOOK_URL not set — skipping webhook registration
2026-07-17 20:31:10 - httpx - INFO - HTTP Request: POST http://testserver/api/v1/auth/login "HTTP/1.1 200 OK"
2026-07-17 20:31:10 - httpx - INFO - HTTP Request: POST http://testserver/api/v1/admin/workers/restart "HTTP/1.1 200 OK"
2026-07-17 20:31:12 - root - INFO - TELEGRAM_WEBHOOK_URL not set — skipping webhook registration
2026-07-17 20:31:12 - httpx - INFO - HTTP Request: POST http://testserver/api/v1/auth/register "HTTP/1.1 200 OK"
2026-07-17 20:31:12 - root - INFO - TELEGRAM_WEBHOOK_URL not set — skipping webhook registration
2026-07-17 20:31:12 - httpx - INFO - HTTP Request: POST http://testserver/api/v1/auth/login "HTTP/1.1 200 OK"
2026-07-17 20:31:12 - root - INFO - TELEGRAM_WEBHOOK_URL not set — skipping webhook registration
2026-07-17 20:31:13 - httpx - INFO - HTTP Request: POST http://testserver/api/v1/auth/login "HTTP/1.1 401 Unauthorized"
2026-07-17 20:31:13 - root - INFO - TELEGRAM_WEBHOOK_URL not set — skipping webhook registration
2026-07-17 20:31:13 - httpx - INFO - HTTP Request: POST http://testserver/api/v1/auth/register "HTTP/1.1 400 Bad Request"
2026-07-17 20:31:13 - root - INFO - TELEGRAM_WEBHOOK_URL not set — skipping webhook registration
2026-07-17 20:31:13 - httpx - INFO - HTTP Request: POST http://testserver/api/v1/auth/login "HTTP/1.1 200 OK"
2026-07-17 20:31:13 - httpx - INFO - HTTP Request: GET http://testserver/api/v1/users/me "HTTP/1.1 200 OK"
2026-07-17 20:31:13 - root - INFO - TELEGRAM_WEBHOOK_URL not set — skipping webhook registration
2026-07-17 20:31:13 - httpx - INFO - HTTP Request: POST http://testserver/api/v1/auth/login "HTTP/1.1 200 OK"
2026-07-17 20:31:14 - httpx - INFO - HTTP Request: POST http://testserver/api/v1/users/change-password "HTTP/1.1 200 OK"
2026-07-17 20:31:14 - root - INFO - TELEGRAM_WEBHOOK_URL not set — skipping webhook registration
2026-07-17 20:31:14 - httpx - INFO - HTTP Request: POST http://testserver/api/v1/auth/login "HTTP/1.1 200 OK"
2026-07-17 20:31:15 - httpx - INFO - HTTP Request: POST http://testserver/api/v1/users/change-password "HTTP/1.1 400 Bad Request"
2026-07-17 20:31:15 - root - INFO - TELEGRAM_WEBHOOK_URL not set — skipping webhook registration
2026-07-17 20:31:15 - httpx - INFO - HTTP Request: POST http://testserver/api/v1/auth/login "HTTP/1.1 200 OK"
2026-07-17 20:31:15 - httpx - INFO - HTTP Request: GET http://testserver/api/v1/cart/ "HTTP/1.1 200 OK"
2026-07-17 20:31:15 - root - INFO - TELEGRAM_WEBHOOK_URL not set — skipping webhook registration
2026-07-17 20:31:15 - httpx - INFO - HTTP Request: POST http://testserver/api/v1/auth/login "HTTP/1.1 200 OK"
2026-07-17 20:31:15 - httpx - INFO - HTTP Request: POST http://testserver/api/v1/cart/add "HTTP/1.1 200 OK"
2026-07-17 20:31:15 - root - INFO - TELEGRAM_WEBHOOK_URL not set — skipping webhook registration
2026-07-17 20:31:15 - httpx - INFO - HTTP Request: POST http://testserver/api/v1/auth/login "HTTP/1.1 200 OK"
2026-07-17 20:31:15 - httpx - INFO - HTTP Request: POST http://testserver/api/v1/cart/add "HTTP/1.1 200 OK"
2026-07-17 20:31:15 - httpx - INFO - HTTP Request: GET http://testserver/api/v1/cart/ "HTTP/1.1 200 OK"
2026-07-17 20:31:15 - httpx - INFO - HTTP Request: PUT http://testserver/api/v1/cart/1 "HTTP/1.1 200 OK"
2026-07-17 20:31:16 - root - INFO - TELEGRAM_WEBHOOK_URL not set — skipping webhook registration
2026-07-17 20:31:16 - httpx - INFO - HTTP Request: POST http://testserver/api/v1/auth/login "HTTP/1.1 200 OK"
2026-07-17 20:31:16 - httpx - INFO - HTTP Request: POST http://testserver/api/v1/cart/add "HTTP/1.1 200 OK"
2026-07-17 20:31:16 - httpx - INFO - HTTP Request: GET http://testserver/api/v1/cart/ "HTTP/1.1 200 OK"
2026-07-17 20:31:16 - httpx - INFO - HTTP Request: DELETE http://testserver/api/v1/cart/1 "HTTP/1.1 200 OK"
2026-07-17 20:31:16 - root - INFO - TELEGRAM_WEBHOOK_URL not set — skipping webhook registration
2026-07-17 20:31:16 - httpx - INFO - HTTP Request: GET http://testserver/api/v1/cart/ "HTTP/1.1 401 Unauthorized"
2026-07-17 20:31:16 - root - INFO - TELEGRAM_WEBHOOK_URL not set — skipping webhook registration
2026-07-17 20:31:16 - httpx - INFO - HTTP Request: GET http://testserver/api/v1/catalog/makes "HTTP/1.1 200 OK"
2026-07-17 20:31:16 - root - INFO - TELEGRAM_WEBHOOK_URL not set — skipping webhook registration
2026-07-17 20:31:16 - httpx - INFO - HTTP Request: GET http://testserver/api/v1/catalog/models/1 "HTTP/1.1 200 OK"
2026-07-17 20:31:16 - root - INFO - TELEGRAM_WEBHOOK_URL not set — skipping webhook registration
2026-07-17 20:31:16 - httpx - INFO - HTTP Request: GET http://testserver/api/v1/catalog/makes "HTTP/1.1 200 OK"
2026-07-17 20:31:16 - root - INFO - TELEGRAM_WEBHOOK_URL not set — skipping webhook registration
2026-07-17 20:31:16 - httpx - INFO - HTTP Request: GET http://testserver/api/v1/catalog/makes "HTTP/1.1 200 OK"
2026-07-17 20:31:16 - root - INFO - TELEGRAM_WEBHOOK_URL not set — skipping webhook registration
2026-07-17 20:31:16 - httpx - INFO - HTTP Request: GET http://testserver/api/v1/catalog/models/1 "HTTP/1.1 200 OK"
2026-07-17 20:31:16 - root - INFO - TELEGRAM_WEBHOOK_URL not set — skipping webhook registration
2026-07-17 20:31:16 - httpx - INFO - HTTP Request: GET http://testserver/api/v1/catalog/models/1 "HTTP/1.1 200 OK"
2026-07-17 20:31:16 - root - INFO - TELEGRAM_WEBHOOK_URL not set — skipping webhook registration
2026-07-17 20:31:16 - httpx - INFO - HTTP Request: GET http://testserver/api/v1/catalog/modifications/1 "HTTP/1.1 200 OK"
2026-07-17 20:31:16 - root - INFO - TELEGRAM_WEBHOOK_URL not set — skipping webhook registration
2026-07-17 20:31:16 - httpx - INFO - HTTP Request: GET http://testserver/api/v1/catalog/modifications/1 "HTTP/1.1 200 OK"
2026-07-17 20:31:16 - root - INFO - TELEGRAM_WEBHOOK_URL not set — skipping webhook registration
2026-07-17 20:31:16 - httpx - INFO - HTTP Request: GET http://testserver/api/v1/catalog/sections/1 "HTTP/1.1 200 OK"
2026-07-17 20:31:16 - root - INFO - TELEGRAM_WEBHOOK_URL not set — skipping webhook registration
2026-07-17 20:31:16 - httpx - INFO - HTTP Request: GET http://testserver/api/v1/catalog/search?q=BR001 "HTTP/1.1 200 OK"
2026-07-17 20:31:16 - root - INFO - TELEGRAM_WEBHOOK_URL not set — skipping webhook registration
2026-07-17 20:31:16 - httpx - INFO - HTTP Request: GET http://testserver/api/v1/catalog/search?q=ZZZ999 "HTTP/1.1 200 OK"
2026-07-17 20:31:17 - root - INFO - TELEGRAM_WEBHOOK_URL not set — skipping webhook registration
2026-07-17 20:31:17 - httpx - INFO - HTTP Request: GET http://testserver/api/v1/catalog/search "HTTP/1.1 422 Unprocessable Entity"
2026-07-17 20:31:17 - root - INFO - TELEGRAM_WEBHOOK_URL not set — skipping webhook registration
2026-07-17 20:31:17 - httpx - INFO - HTTP Request: GET http://testserver/api/v1/catalog/search/autocomplete?q=TEST "HTTP/1.1 200 OK"
2026-07-17 20:31:17 - root - INFO - TELEGRAM_WEBHOOK_URL not set — skipping webhook registration
2026-07-17 20:31:17 - httpx - INFO - HTTP Request: GET http://testserver/api/v1/catalog/vehicle/years?type=passenger "HTTP/1.1 200 OK"
2026-07-17 20:31:17 - root - INFO - TELEGRAM_WEBHOOK_URL not set — skipping webhook registration
2026-07-17 20:31:17 - httpx - INFO - HTTP Request: GET http://testserver/api/v1/catalog/vehicle/years?type=invalid "HTTP/1.1 200 OK"
2026-07-17 20:31:17 - root - INFO - TELEGRAM_WEBHOOK_URL not set — skipping webhook registration
2026-07-17 20:31:17 - httpx - INFO - HTTP Request: GET http://testserver/api/v1/catalog/vehicle/makes?type=passenger&year=2020 "HTTP/1.1 200 OK"
2026-07-17 20:31:17 - root - INFO - TELEGRAM_WEBHOOK_URL not set — skipping webhook registration
2026-07-17 20:31:17 - httpx - INFO - HTTP Request: GET http://testserver/api/v1/catalog/vehicle/models?type=passenger&year=2020&make_id=1 "HTTP/1.1 200 OK"
2026-07-17 20:31:17 - root - INFO - TELEGRAM_WEBHOOK_URL not set — skipping webhook registration
2026-07-17 20:31:17 - httpx - INFO - HTTP Request: GET http://testserver/api/v1/catalog/vehicle/cars?type=passenger&year=2020&model_id=1 "HTTP/1.1 200 OK"
2026-07-17 20:31:17 - root - INFO - TELEGRAM_WEBHOOK_URL not set — skipping webhook registration
2026-07-17 20:31:17 - httpx - INFO - HTTP Request: GET http://testserver/api/v1/catalog/vehicle/volumes?year=2020&model_id=1 "HTTP/1.1 200 OK"
2026-07-17 20:31:17 - root - INFO - TELEGRAM_WEBHOOK_URL not set — skipping webhook registration
2026-07-17 20:31:17 - httpx - INFO - HTTP Request: GET http://testserver/api/v1/catalog/vehicle/engines?year=2020&car_id=1 "HTTP/1.1 200 OK"
2026-07-17 20:31:17 - root - INFO - TELEGRAM_WEBHOOK_URL not set — skipping webhook registration
2026-07-17 20:31:17 - httpx - INFO - HTTP Request: GET http://testserver/api/v1/categories/header "HTTP/1.1 200 OK"
2026-07-17 20:31:17 - root - INFO - TELEGRAM_WEBHOOK_URL not set — skipping webhook registration
2026-07-17 20:31:17 - httpx - INFO - HTTP Request: GET http://testserver/api/v1/categories/header?locale=en "HTTP/1.1 200 OK"
2026-07-17 20:31:17 - root - INFO - TELEGRAM_WEBHOOK_URL not set — skipping webhook registration
2026-07-17 20:31:17 - httpx - INFO - HTTP Request: GET http://testserver/api/v1/categories/header?locale=de "HTTP/1.1 422 Unprocessable Entity"
2026-07-17 20:31:17 - root - INFO - TELEGRAM_WEBHOOK_URL not set — skipping webhook registration
2026-07-17 20:31:17 - httpx - INFO - HTTP Request: POST http://testserver/api/v1/auth/login "HTTP/1.1 200 OK"
2026-07-17 20:31:17 - httpx - INFO - HTTP Request: GET http://testserver/api/v1/favorites/ "HTTP/1.1 200 OK"
2026-07-17 20:31:17 - root - INFO - TELEGRAM_WEBHOOK_URL not set — skipping webhook registration
2026-07-17 20:31:18 - httpx - INFO - HTTP Request: POST http://testserver/api/v1/auth/login "HTTP/1.1 200 OK"
2026-07-17 20:31:18 - httpx - INFO - HTTP Request: POST http://testserver/api/v1/favorites/add "HTTP/1.1 200 OK"
2026-07-17 20:31:18 - root - INFO - TELEGRAM_WEBHOOK_URL not set — skipping webhook registration
2026-07-17 20:31:18 - httpx - INFO - HTTP Request: POST http://testserver/api/v1/auth/login "HTTP/1.1 200 OK"
2026-07-17 20:31:18 - httpx - INFO - HTTP Request: POST http://testserver/api/v1/favorites/add "HTTP/1.1 200 OK"
2026-07-17 20:31:18 - httpx - INFO - HTTP Request: DELETE http://testserver/api/v1/favorites/1 "HTTP/1.1 200 OK"
2026-07-17 20:31:18 - root - INFO - TELEGRAM_WEBHOOK_URL not set — skipping webhook registration
2026-07-17 20:31:18 - httpx - INFO - HTTP Request: GET http://testserver/api/v1/favorites/ "HTTP/1.1 200 OK"
2026-07-17 20:31:18 - root - INFO - TELEGRAM_WEBHOOK_URL not set — skipping webhook registration
2026-07-17 20:31:18 - httpx - INFO - HTTP Request: GET http://testserver/api/v1/footer "HTTP/1.1 200 OK"
2026-07-17 20:31:18 - root - INFO - TELEGRAM_WEBHOOK_URL not set — skipping webhook registration
2026-07-17 20:31:18 - httpx - INFO - HTTP Request: GET http://testserver/api/v1/footer?locale=en "HTTP/1.1 200 OK"
2026-07-17 20:31:18 - root - INFO - TELEGRAM_WEBHOOK_URL not set — skipping webhook registration
2026-07-17 20:31:19 - httpx - INFO - HTTP Request: POST http://testserver/api/v1/auth/login "HTTP/1.1 200 OK"
2026-07-17 20:31:19 - httpx - INFO - HTTP Request: GET http://testserver/api/v1/admin/footer "HTTP/1.1 200 OK"
2026-07-17 20:31:19 - root - INFO - TELEGRAM_WEBHOOK_URL not set — skipping webhook registration
2026-07-17 20:31:19 - httpx - INFO - HTTP Request: POST http://testserver/api/v1/auth/login "HTTP/1.1 200 OK"
2026-07-17 20:31:19 - httpx - INFO - HTTP Request: PUT http://testserver/api/v1/admin/footer/ru "HTTP/1.1 200 OK"
2026-07-17 20:31:20 - root - INFO - TELEGRAM_WEBHOOK_URL not set — skipping webhook registration
2026-07-17 20:31:20 - httpx - INFO - HTTP Request: POST http://testserver/api/v1/auth/login "HTTP/1.1 200 OK"
2026-07-17 20:31:20 - httpx - INFO - HTTP Request: PUT http://testserver/api/v1/admin/footer/ua "HTTP/1.1 200 OK"
2026-07-17 20:31:20 - root - INFO - TELEGRAM_WEBHOOK_URL not set — skipping webhook registration
2026-07-17 20:31:21 - httpx - INFO - HTTP Request: POST http://testserver/api/v1/auth/login "HTTP/1.1 200 OK"
2026-07-17 20:31:21 - httpx - INFO - HTTP Request: PUT http://testserver/api/v1/admin/footer/de "HTTP/1.1 400 Bad Request"
2026-07-17 20:31:21 - root - INFO - TELEGRAM_WEBHOOK_URL not set — skipping webhook registration
2026-07-17 20:31:21 - httpx - INFO - HTTP Request: POST http://testserver/api/v1/auth/login "HTTP/1.1 200 OK"
2026-07-17 20:31:21 - httpx - INFO - HTTP Request: GET http://testserver/api/v1/admin/footer "HTTP/1.1 403 Forbidden"
2026-07-17 20:31:21 - root - INFO - TELEGRAM_WEBHOOK_URL not set — skipping webhook registration
2026-07-17 20:31:21 - httpx - INFO - HTTP Request: POST http://testserver/api/v1/auth/login "HTTP/1.1 200 OK"
2026-07-17 20:31:21 - httpx - INFO - HTTP Request: GET http://testserver/api/v1/orders/ "HTTP/1.1 200 OK"
2026-07-17 20:31:21 - root - INFO - TELEGRAM_WEBHOOK_URL not set — skipping webhook registration
2026-07-17 20:31:22 - httpx - INFO - HTTP Request: POST http://testserver/api/v1/auth/login "HTTP/1.1 200 OK"
2026-07-17 20:31:22 - httpx - INFO - HTTP Request: POST http://testserver/api/v1/cart/add "HTTP/1.1 200 OK"
2026-07-17 20:31:22 - httpx - INFO - HTTP Request: POST http://testserver/api/v1/orders/checkout "HTTP/1.1 200 OK"
2026-07-17 20:31:22 - root - INFO - TELEGRAM_WEBHOOK_URL not set — skipping webhook registration
2026-07-17 20:31:22 - httpx - INFO - HTTP Request: POST http://testserver/api/v1/auth/login "HTTP/1.1 200 OK"
2026-07-17 20:31:22 - httpx - INFO - HTTP Request: POST http://testserver/api/v1/cart/add "HTTP/1.1 200 OK"
2026-07-17 20:31:22 - httpx - INFO - HTTP Request: POST http://testserver/api/v1/orders/checkout "HTTP/1.1 200 OK"
2026-07-17 20:31:22 - httpx - INFO - HTTP Request: GET http://testserver/api/v1/orders/1 "HTTP/1.1 200 OK"
2026-07-17 20:31:22 - root - INFO - TELEGRAM_WEBHOOK_URL not set — skipping webhook registration
2026-07-17 20:31:22 - httpx - INFO - HTTP Request: GET http://testserver/api/v1/orders/ "HTTP/1.1 401 Unauthorized"
2026-07-17 20:31:27 - root - INFO - TELEGRAM_WEBHOOK_URL not set — skipping webhook registration
2026-07-17 20:31:27 - httpx - INFO - HTTP Request: GET http://testserver/api/v1/settings "HTTP/1.1 200 OK"
2026-07-17 20:31:27 - root - INFO - TELEGRAM_WEBHOOK_URL not set — skipping webhook registration
2026-07-17 20:31:27 - httpx - INFO - HTTP Request: GET http://testserver/api/v1/settings "HTTP/1.1 200 OK"
2026-07-17 20:31:27 - root - INFO - TELEGRAM_WEBHOOK_URL not set — skipping webhook registration
2026-07-17 20:31:28 - httpx - INFO - HTTP Request: POST http://testserver/api/v1/auth/login "HTTP/1.1 200 OK"
2026-07-17 20:31:28 - httpx - INFO - HTTP Request: GET http://testserver/api/v1/admin/settings "HTTP/1.1 200 OK"
2026-07-17 20:31:28 - root - INFO - TELEGRAM_WEBHOOK_URL not set — skipping webhook registration
2026-07-17 20:31:29 - httpx - INFO - HTTP Request: POST http://testserver/api/v1/auth/login "HTTP/1.1 200 OK"
2026-07-17 20:31:29 - httpx - INFO - HTTP Request: PUT http://testserver/api/v1/admin/settings "HTTP/1.1 200 OK"
2026-07-17 20:31:29 - root - INFO - TELEGRAM_WEBHOOK_URL not set — skipping webhook registration
2026-07-17 20:31:29 - httpx - INFO - HTTP Request: POST http://testserver/api/v1/auth/login "HTTP/1.1 200 OK"
2026-07-17 20:31:29 - httpx - INFO - HTTP Request: GET http://testserver/api/v1/admin/settings "HTTP/1.1 403 Forbidden"
2026-07-17 20:31:29 - root - INFO - TELEGRAM_WEBHOOK_URL not set — skipping webhook registration
2026-07-17 20:31:29 - httpx - INFO - HTTP Request: POST http://testserver/api/v1/auth/login "HTTP/1.1 200 OK"
2026-07-17 20:31:30 - httpx - INFO - HTTP Request: POST http://testserver/api/v1/telegram/start "HTTP/1.1 200 OK"
2026-07-17 20:31:30 - root - INFO - TELEGRAM_WEBHOOK_URL not set — skipping webhook registration
2026-07-17 20:31:30 - httpx - INFO - HTTP Request: POST http://testserver/api/v1/auth/login "HTTP/1.1 200 OK"
2026-07-17 20:31:30 - httpx - INFO - HTTP Request: GET http://testserver/api/v1/telegram/status "HTTP/1.1 200 OK"
2026-07-17 20:31:30 - root - INFO - TELEGRAM_WEBHOOK_URL not set — skipping webhook registration
2026-07-17 20:31:30 - httpx - INFO - HTTP Request: POST http://testserver/api/v1/auth/login "HTTP/1.1 200 OK"
2026-07-17 20:31:30 - httpx - INFO - HTTP Request: POST http://testserver/api/v1/telegram/disconnect "HTTP/1.1 400 Bad Request"
2026-07-17 20:31:31 - root - INFO - TELEGRAM_WEBHOOK_URL not set — skipping webhook registration
2026-07-17 20:31:31 - httpx - INFO - HTTP Request: POST http://testserver/api/v1/auth/login "HTTP/1.1 200 OK"
2026-07-17 20:31:31 - httpx - INFO - HTTP Request: GET http://testserver/api/v1/users/me "HTTP/1.1 200 OK"
2026-07-17 20:31:31 - root - INFO - TELEGRAM_WEBHOOK_URL not set — skipping webhook registration
2026-07-17 20:31:31 - httpx - INFO - HTTP Request: POST http://testserver/api/v1/auth/login "HTTP/1.1 200 OK"
2026-07-17 20:31:31 - httpx - INFO - HTTP Request: PUT http://testserver/api/v1/users/me "HTTP/1.1 200 OK"
2026-07-17 20:31:31 - root - INFO - TELEGRAM_WEBHOOK_URL not set — skipping webhook registration
2026-07-17 20:31:32 - httpx - INFO - HTTP Request: POST http://testserver/api/v1/auth/login "HTTP/1.1 200 OK"
2026-07-17 20:31:32 - httpx - INFO - HTTP Request: POST http://testserver/api/v1/users/change-password "HTTP/1.1 200 OK"
2026-07-17 20:31:32 - root - INFO - TELEGRAM_WEBHOOK_URL not set — skipping webhook registration
2026-07-17 20:31:32 - httpx - INFO - HTTP Request: POST http://testserver/api/v1/auth/login "HTTP/1.1 200 OK"
2026-07-17 20:31:32 - app.api.v1.endpoints.users - INFO - MODIFIED get_garage called, has_new_code=True
2026-07-17 20:31:32 - httpx - INFO - HTTP Request: GET http://testserver/api/v1/users/garage "HTTP/1.1 200 OK"
2026-07-17 20:31:37 - root - INFO - Health check called
2026-07-17 20:32:07 - root - INFO - Health check called
2026-07-17 20:32:23 - httpx - INFO - HTTP Request: POST https://api.novaposhta.ua/v2.0/json/ "HTTP/1.1 200 OK"
2026-07-17 20:32:24 - httpx - INFO - HTTP Request: POST https://api.novaposhta.ua/v2.0/json/ "HTTP/1.1 200 OK"
2026-07-17 20:32:24 - httpx - INFO - HTTP Request: POST https://api.novaposhta.ua/v2.0/json/ "HTTP/1.1 200 OK"
2026-07-17 20:32:29 - httpx - INFO - HTTP Request: POST https://api.monobank.ua/api/merchant/invoice/create "HTTP/1.1 200 OK"
2026-07-17 20:32:37 - root - INFO - Health check called
2026-07-17 20:32:43 - httpx - INFO - HTTP Request: POST https://api.monobank.ua/api/merchant/invoice/remove "HTTP/1.1 200 OK"
2026-07-17 20:32:48 - httpx - INFO - HTTP Request: POST https://api.novaposhta.ua/v2.0/json/ "HTTP/1.1 200 OK"
2026-07-17 20:32:48 - httpx - INFO - HTTP Request: POST https://api.novaposhta.ua/v2.0/json/ "HTTP/1.1 200 OK"
2026-07-17 20:32:48 - httpx - INFO - HTTP Request: POST https://api.novaposhta.ua/v2.0/json/ "HTTP/1.1 200 OK"
2026-07-17 20:33:07 - root - INFO - Health check called
2026-07-17 20:33:37 - root - INFO - Health check called
2026-07-17 20:34:08 - root - INFO - Health check called
2026-07-17 20:34:38 - root - INFO - Health check called
2026-07-17 20:35:08 - root - INFO - Health check called
2026-07-17 20:35:38 - root - INFO - Health check called
2026-07-17 20:36:08 - root - INFO - Health check called
2026-07-17 20:36:38 - root - INFO - Health check called
2026-07-17 20:37:08 - root - INFO - Health check called
2026-07-17 20:37:39 - root - INFO - Health check called
2026-07-17 20:38:09 - root - INFO - Health check called
2026-07-17 20:38:39 - root - INFO - Health check called
2026-07-17 20:39:09 - root - INFO - Health check called
2026-07-17 20:39:39 - root - INFO - Health check called
2026-07-17 20:40:09 - root - INFO - Health check called
2026-07-17 20:40:39 - root - INFO - Health check called
2026-07-17 20:41:10 - root - INFO - Health check called
2026-07-17 20:41:40 - root - INFO - Health check called
2026-07-17 20:42:10 - root - INFO - Health check called
2026-07-17 20:42:40 - root - INFO - Health check called
2026-07-17 20:43:10 - root - INFO - Health check called
2026-07-17 20:43:40 - root - INFO - Health check called
2026-07-17 20:44:10 - root - INFO - Health check called
2026-07-17 20:44:41 - root - INFO - Health check called
2026-07-17 20:45:11 - root - INFO - Health check called
2026-07-17 20:45:41 - root - INFO - Health check called
2026-07-17 20:46:11 - root - INFO - Health check called
2026-07-17 20:46:41 - root - INFO - Health check called
2026-07-17 20:47:11 - root - INFO - Health check called
2026-07-17 20:47:41 - root - INFO - Health check called
2026-07-17 20:48:12 - root - INFO - Health check called
2026-07-17 20:48:42 - root - INFO - Health check called
2026-07-17 20:49:12 - root - INFO - Health check called
2026-07-17 20:49:42 - root - INFO - Health check called
2026-07-17 20:50:12 - root - INFO - Health check called
2026-07-17 20:50:42 - root - INFO - Health check called
2026-07-17 20:51:13 - root - INFO - Health check called
2026-07-17 20:51:43 - root - INFO - Health check called
2026-07-17 20:52:13 - root - INFO - Health check called
2026-07-17 20:52:43 - root - INFO - Health check called
2026-07-17 20:53:13 - root - INFO - Health check called
2026-07-17 20:53:44 - root - INFO - Health check called
2026-07-17 20:54:14 - root - INFO - Health check called
2026-07-17 20:54:44 - root - INFO - Health check called
2026-07-17 20:55:14 - root - INFO - Health check called
2026-07-17 20:55:44 - root - INFO - Health check called
2026-07-17 20:56:14 - root - INFO - Health check called
2026-07-17 20:57:11 - root - INFO - Health check called
2026-07-17 21:26:19 - root - INFO - Health check called
2026-07-17 21:26:50 - root - INFO - Health check called
2026-07-17 21:40:43 - root - INFO - Health check called
2026-07-17 21:41:13 - root - INFO - Health check called
2026-07-17 21:58:23 - root - INFO - Health check called
2026-07-17 21:58:53 - root - INFO - Health check called
2026-07-17 22:16:18 - root - INFO - Health check called
2026-07-17 22:34:43 - root - INFO - Health check called
2026-07-17 22:35:13 - root - INFO - Health check called
2026-07-17 22:42:07 - root - INFO - Health check called
2026-07-17 22:42:38 - root - INFO - Health check called
2026-07-17 22:59:47 - root - INFO - Health check called
2026-07-17 23:17:16 - root - INFO - Health check called
2026-07-17 23:17:46 - root - INFO - Health check called
2026-07-17 23:33:35 - root - INFO - Health check called
2026-07-17 23:34:05 - root - INFO - Health check called
2026-07-17 23:43:17 - root - INFO - Health check called
2026-07-17 23:59:35 - root - INFO - Health check called
2026-07-18 00:00:05 - root - INFO - Health check called
2026-07-18 00:16:50 - root - INFO - Health check called
2026-07-18 00:17:20 - root - INFO - Health check called
2026-07-18 00:33:08 - root - INFO - Health check called
2026-07-18 00:33:38 - root - INFO - Health check called
2026-07-18 00:34:08 - root - INFO - Health check called
2026-07-18 00:34:38 - root - INFO - Health check called
2026-07-18 00:35:08 - root - INFO - Health check called
2026-07-18 00:35:39 - root - INFO - Health check called
2026-07-18 00:51:34 - root - INFO - Health check called
2026-07-18 00:52:04 - root - INFO - Health check called
2026-07-18 00:52:35 - root - INFO - Health check called
2026-07-18 00:53:05 - root - INFO - Health check called
2026-07-18 00:53:35 - root - INFO - Health check called
2026-07-18 00:54:05 - root - INFO - Health check called
2026-07-18 00:54:35 - root - INFO - Health check called
2026-07-18 00:57:55 - root - INFO - Health check called
2026-07-18 00:58:25 - root - INFO - Health check called
2026-07-18 01:14:46 - root - INFO - Health check called
2026-07-18 01:15:16 - root - INFO - Health check called
2026-07-18 01:31:50 - root - INFO - Health check called
2026-07-18 01:47:57 - root - INFO - Health check called
2026-07-18 01:48:27 - root - INFO - Health check called
2026-07-18 02:05:08 - root - INFO - Health check called
2026-07-18 02:05:38 - root - INFO - Health check called
2026-07-18 02:23:44 - root - INFO - Health check called
2026-07-18 02:42:01 - root - INFO - Health check called
2026-07-18 02:42:31 - root - INFO - Health check called
2026-07-18 02:59:59 - root - INFO - Health check called
2026-07-18 03:00:29 - root - INFO - Health check called
2026-07-18 03:18:31 - root - INFO - Health check called
2026-07-18 03:33:30 - root - INFO - Health check called
2026-07-18 03:34:00 - root - INFO - Health check called
2026-07-18 03:50:09 - root - INFO - Health check called
2026-07-18 03:50:39 - root - INFO - Health check called
2026-07-18 04:07:02 - root - INFO - Health check called
2026-07-18 04:07:32 - root - INFO - Health check called
2026-07-18 04:24:50 - root - INFO - Health check called
2026-07-18 04:42:30 - root - INFO - Health check called
2026-07-18 04:43:00 - root - INFO - Health check called
2026-07-18 05:00:39 - root - INFO - Health check called
2026-07-18 05:01:10 - root - INFO - Health check called
2026-07-18 05:19:31 - root - INFO - Health check called
2026-07-18 05:34:36 - root - INFO - Health check called
2026-07-18 05:35:06 - root - INFO - Health check called
2026-07-18 05:51:25 - root - INFO - Health check called
2026-07-18 05:51:56 - root - INFO - Health check called
2026-07-18 05:54:06 - root - INFO - Health check called
2026-07-18 06:09:51 - root - INFO - Health check called
2026-07-18 06:10:21 - root - INFO - Health check called
2026-07-18 06:27:43 - root - INFO - Health check called
2026-07-18 06:28:13 - root - INFO - Health check called
2026-07-18 06:35:53 - root - INFO - Health check called
2026-07-18 06:36:24 - root - INFO - Health check called
2026-07-18 06:54:19 - root - INFO - Health check called
2026-07-18 07:11:08 - root - INFO - Health check called
2026-07-18 07:11:38 - root - INFO - Health check called
2026-07-18 07:29:11 - root - INFO - Health check called
2026-07-18 07:29:41 - root - INFO - Health check called
2026-07-18 07:37:01 - root - INFO - Health check called
2026-07-18 07:54:19 - root - INFO - Health check called
2026-07-18 07:54:51 - root - INFO - Health check called
2026-07-18 08:13:06 - root - INFO - Health check called
2026-07-18 08:13:36 - root - INFO - Health check called
2026-07-18 08:29:50 - root - INFO - Health check called
2026-07-18 08:37:41 - root - INFO - Health check called
2026-07-18 08:38:11 - root - INFO - Health check called
2026-07-18 08:53:40 - root - INFO - Health check called
2026-07-18 08:54:10 - root - INFO - Health check called
2026-07-18 09:09:51 - root - INFO - Health check called
2026-07-18 09:26:21 - root - INFO - Health check called
2026-07-18 09:26:51 - root - INFO - Health check called
2026-07-18 09:38:49 - root - INFO - Health check called
2026-07-18 09:39:19 - root - INFO - Health check called
2026-07-18 09:56:59 - root - INFO - Health check called
2026-07-18 09:57:29 - root - INFO - Health check called
2026-07-18 10:15:30 - root - INFO - Health check called
2026-07-18 10:16:00 - root - INFO - Health check called
2026-07-18 10:16:30 - root - INFO - Health check called
2026-07-18 10:17:00 - root - INFO - Health check called
2026-07-18 10:32:37 - root - INFO - Health check called
2026-07-18 10:33:07 - root - INFO - Health check called
2026-07-18 10:33:37 - root - INFO - Health check called
2026-07-18 10:34:07 - root - INFO - Health check called
2026-07-18 10:34:37 - root - INFO - Health check called
2026-07-18 10:35:08 - root - INFO - Health check called
2026-07-18 10:35:38 - root - INFO - Health check called
2026-07-18 10:36:08 - root - INFO - Health check called
2026-07-18 10:36:38 - root - INFO - Health check called
2026-07-18 10:37:08 - root - INFO - Health check called
2026-07-18 10:37:38 - root - INFO - Health check called
2026-07-18 10:38:09 - root - INFO - Health check called
2026-07-18 10:38:39 - root - INFO - Health check called
2026-07-18 10:39:09 - root - INFO - Health check called
2026-07-18 10:39:39 - root - INFO - Health check called
2026-07-18 10:40:09 - root - INFO - Health check called
2026-07-18 10:40:40 - root - INFO - Health check called
2026-07-18 10:41:10 - root - INFO - Health check called
2026-07-18 10:41:40 - root - INFO - Health check called
2026-07-18 10:42:10 - root - INFO - Health check called
2026-07-18 10:42:40 - root - INFO - Health check called
2026-07-18 10:43:10 - root - INFO - Health check called
2026-07-18 10:43:40 - root - INFO - Health check called
2026-07-18 10:43:44 - root - INFO - TELEGRAM_WEBHOOK_URL not set — skipping webhook registration
2026-07-18 10:44:02 - root - INFO - TELEGRAM_WEBHOOK_URL not set — skipping webhook registration
2026-07-18 10:44:06 - root - INFO - TELEGRAM_WEBHOOK_URL not set — skipping webhook registration
2026-07-18 10:44:11 - root - INFO - Health check called
2026-07-18 10:44:41 - root - INFO - Health check called
2026-07-18 10:45:11 - root - INFO - Health check called
2026-07-18 10:45:41 - root - INFO - Health check called
2026-07-18 10:46:11 - root - INFO - Health check called
2026-07-18 10:46:41 - root - INFO - Health check called
2026-07-18 10:47:12 - root - INFO - Health check called
2026-07-18 10:47:42 - root - INFO - Health check called
2026-07-18 10:48:12 - root - INFO - Health check called
2026-07-18 10:48:42 - root - INFO - Health check called
2026-07-18 10:49:15 - root - INFO - Health check called
2026-07-18 10:49:49 - root - INFO - Health check called
2026-07-18 10:50:22 - root - INFO - Health check called
2026-07-18 10:50:55 - root - INFO - Health check called
2026-07-18 10:51:25 - root - INFO - Health check called
2026-07-18 10:51:55 - root - INFO - Health check called
2026-07-18 10:52:26 - root - INFO - Health check called
2026-07-18 10:52:56 - root - INFO - Health check called
2026-07-18 10:53:26 - root - INFO - Health check called
2026-07-18 10:53:56 - root - INFO - Health check called
2026-07-18 10:54:27 - root - INFO - Health check called
2026-07-18 10:54:58 - root - INFO - Health check called
2026-07-18 10:55:28 - root - INFO - Health check called
2026-07-18 10:55:58 - root - INFO - Health check called
2026-07-18 10:56:29 - root - INFO - Health check called
2026-07-18 10:56:59 - root - INFO - Health check called
2026-07-18 10:57:29 - root - INFO - Health check called
2026-07-18 10:58:02 - root - INFO - Health check called
2026-07-18 10:58:33 - root - INFO - Health check called
2026-07-18 10:44:12 - root - INFO - TELEGRAM_WEBHOOK_URL not set — skipping webhook registration
2026-07-18 10:44:12 - httpx - INFO - HTTP Request: POST http://testserver/api/v1/auth/login "HTTP/1.1 200 OK"
2026-07-18 10:44:12 - httpx - INFO - HTTP Request: GET http://testserver/api/v1/admin/dashboard "HTTP/1.1 200 OK"
2026-07-18 10:44:12 - root - INFO - TELEGRAM_WEBHOOK_URL not set — skipping webhook registration
2026-07-18 10:44:13 - httpx - INFO - HTTP Request: POST http://testserver/api/v1/auth/login "HTTP/1.1 200 OK"
2026-07-18 10:44:13 - httpx - INFO - HTTP Request: GET http://testserver/api/v1/admin/catalog/types "HTTP/1.1 200 OK"
2026-07-18 10:44:13 - root - INFO - TELEGRAM_WEBHOOK_URL not set — skipping webhook registration
2026-07-18 10:44:14 - httpx - INFO - HTTP Request: POST http://testserver/api/v1/auth/login "HTTP/1.1 200 OK"
2026-07-18 10:44:14 - httpx - INFO - HTTP Request: GET http://testserver/api/v1/admin/catalog/years?type=passenger "HTTP/1.1 200 OK"
2026-07-18 10:44:14 - root - INFO - TELEGRAM_WEBHOOK_URL not set — skipping webhook registration
2026-07-18 10:44:14 - httpx - INFO - HTTP Request: POST http://testserver/api/v1/auth/login "HTTP/1.1 200 OK"
2026-07-18 10:44:14 - httpx - INFO - HTTP Request: GET http://testserver/api/v1/admin/catalog/makes?type=passenger&year=2020 "HTTP/1.1 200 OK"
2026-07-18 10:44:14 - root - INFO - TELEGRAM_WEBHOOK_URL not set — skipping webhook registration
2026-07-18 10:44:15 - httpx - INFO - HTTP Request: POST http://testserver/api/v1/auth/login "HTTP/1.1 200 OK"
2026-07-18 10:44:15 - httpx - INFO - HTTP Request: GET http://testserver/api/v1/admin/categories "HTTP/1.1 200 OK"
2026-07-18 10:44:15 - root - INFO - TELEGRAM_WEBHOOK_URL not set — skipping webhook registration
2026-07-18 10:44:16 - httpx - INFO - HTTP Request: POST http://testserver/api/v1/auth/login "HTTP/1.1 200 OK"
2026-07-18 10:44:16 - httpx - INFO - HTTP Request: GET http://testserver/api/v1/admin/categories "HTTP/1.1 200 OK"
2026-07-18 10:44:16 - root - INFO - TELEGRAM_WEBHOOK_URL not set — skipping webhook registration
2026-07-18 10:44:16 - httpx - INFO - HTTP Request: POST http://testserver/api/v1/auth/login "HTTP/1.1 200 OK"
2026-07-18 10:44:16 - httpx - INFO - HTTP Request: POST http://testserver/api/v1/admin/categories "HTTP/1.1 200 OK"
2026-07-18 10:44:16 - root - INFO - TELEGRAM_WEBHOOK_URL not set — skipping webhook registration
2026-07-18 10:44:17 - httpx - INFO - HTTP Request: POST http://testserver/api/v1/auth/login "HTTP/1.1 200 OK"
2026-07-18 10:44:17 - httpx - INFO - HTTP Request: PUT http://testserver/api/v1/admin/categories/1 "HTTP/1.1 200 OK"
2026-07-18 10:44:17 - root - INFO - TELEGRAM_WEBHOOK_URL not set — skipping webhook registration
2026-07-18 10:44:17 - httpx - INFO - HTTP Request: POST http://testserver/api/v1/auth/login "HTTP/1.1 200 OK"
2026-07-18 10:44:17 - httpx - INFO - HTTP Request: PUT http://testserver/api/v1/admin/categories/99999 "HTTP/1.1 404 Not Found"
2026-07-18 10:44:18 - root - INFO - TELEGRAM_WEBHOOK_URL not set — skipping webhook registration
2026-07-18 10:44:18 - httpx - INFO - HTTP Request: POST http://testserver/api/v1/auth/login "HTTP/1.1 200 OK"
2026-07-18 10:44:18 - httpx - INFO - HTTP Request: DELETE http://testserver/api/v1/admin/categories/1 "HTTP/1.1 200 OK"
2026-07-18 10:44:18 - root - INFO - TELEGRAM_WEBHOOK_URL not set — skipping webhook registration
2026-07-18 10:44:19 - httpx - INFO - HTTP Request: POST http://testserver/api/v1/auth/login "HTTP/1.1 200 OK"
2026-07-18 10:44:19 - httpx - INFO - HTTP Request: DELETE http://testserver/api/v1/admin/categories/99999 "HTTP/1.1 404 Not Found"
2026-07-18 10:44:19 - root - INFO - TELEGRAM_WEBHOOK_URL not set — skipping webhook registration
2026-07-18 10:44:19 - httpx - INFO - HTTP Request: POST http://testserver/api/v1/auth/login "HTTP/1.1 200 OK"
2026-07-18 10:44:19 - httpx - INFO - HTTP Request: GET http://testserver/api/v1/admin/categories "HTTP/1.1 403 Forbidden"
2026-07-18 10:44:19 - root - INFO - TELEGRAM_WEBHOOK_URL not set — skipping webhook registration
2026-07-18 10:44:20 - httpx - INFO - HTTP Request: POST http://testserver/api/v1/auth/login "HTTP/1.1 200 OK"
2026-07-18 10:44:20 - httpx - INFO - HTTP Request: GET http://testserver/api/v1/admin/imports "HTTP/1.1 200 OK"
2026-07-18 10:44:20 - root - INFO - TELEGRAM_WEBHOOK_URL not set — skipping webhook registration
2026-07-18 10:44:20 - httpx - INFO - HTTP Request: POST http://testserver/api/v1/auth/login "HTTP/1.1 200 OK"
2026-07-18 10:44:20 - httpx - INFO - HTTP Request: GET http://testserver/api/v1/admin/imports "HTTP/1.1 200 OK"
2026-07-18 10:44:20 - root - INFO - TELEGRAM_WEBHOOK_URL not set — skipping webhook registration
2026-07-18 10:44:21 - httpx - INFO - HTTP Request: POST http://testserver/api/v1/auth/login "HTTP/1.1 200 OK"
2026-07-18 10:44:21 - httpx - INFO - HTTP Request: GET http://testserver/api/v1/admin/imports?supplier=GPL "HTTP/1.1 200 OK"
2026-07-18 10:44:21 - root - INFO - TELEGRAM_WEBHOOK_URL not set — skipping webhook registration
2026-07-18 10:44:21 - httpx - INFO - HTTP Request: POST http://testserver/api/v1/auth/login "HTTP/1.1 200 OK"
2026-07-18 10:44:21 - httpx - INFO - HTTP Request: GET http://testserver/api/v1/admin/imports "HTTP/1.1 403 Forbidden"
2026-07-18 10:44:21 - root - INFO - TELEGRAM_WEBHOOK_URL not set — skipping webhook registration
2026-07-18 10:44:22 - httpx - INFO - HTTP Request: POST http://testserver/api/v1/auth/login "HTTP/1.1 200 OK"
2026-07-18 10:44:22 - httpx - INFO - HTTP Request: GET http://testserver/api/v1/admin/imports/99999/download "HTTP/1.1 404 Not Found"
2026-07-18 10:44:22 - root - INFO - TELEGRAM_WEBHOOK_URL not set — skipping webhook registration
2026-07-18 10:44:23 - httpx - INFO - HTTP Request: POST http://testserver/api/v1/auth/login "HTTP/1.1 200 OK"
2026-07-18 10:44:23 - httpx - INFO - HTTP Request: GET http://testserver/api/v1/admin/imports/1/download "HTTP/1.1 404 Not Found"
2026-07-18 10:44:23 - root - INFO - TELEGRAM_WEBHOOK_URL not set — skipping webhook registration
2026-07-18 10:44:23 - httpx - INFO - HTTP Request: POST http://testserver/api/v1/auth/login "HTTP/1.1 200 OK"
2026-07-18 10:44:23 - httpx - INFO - HTTP Request: POST http://testserver/api/v1/admin/imports/99999/promote "HTTP/1.1 404 Not Found"
2026-07-18 10:44:23 - root - INFO - TELEGRAM_WEBHOOK_URL not set — skipping webhook registration
2026-07-18 10:44:24 - httpx - INFO - HTTP Request: POST http://testserver/api/v1/auth/login "HTTP/1.1 200 OK"
2026-07-18 10:44:24 - httpx - INFO - HTTP Request: POST http://testserver/api/v1/admin/imports/1/promote "HTTP/1.1 200 OK"
2026-07-18 10:44:24 - root - INFO - TELEGRAM_WEBHOOK_URL not set — skipping webhook registration
2026-07-18 10:44:25 - httpx - INFO - HTTP Request: POST http://testserver/api/v1/auth/login "HTTP/1.1 200 OK"
2026-07-18 10:44:25 - httpx - INFO - HTTP Request: DELETE http://testserver/api/v1/admin/imports/99999 "HTTP/1.1 404 Not Found"
2026-07-18 10:44:25 - root - INFO - TELEGRAM_WEBHOOK_URL not set — skipping webhook registration
2026-07-18 10:44:25 - httpx - INFO - HTTP Request: POST http://testserver/api/v1/auth/login "HTTP/1.1 200 OK"
2026-07-18 10:44:25 - httpx - INFO - HTTP Request: DELETE http://testserver/api/v1/admin/imports/1 "HTTP/1.1 200 OK"
2026-07-18 10:44:25 - root - INFO - TELEGRAM_WEBHOOK_URL not set — skipping webhook registration
2026-07-18 10:44:26 - httpx - INFO - HTTP Request: POST http://testserver/api/v1/auth/login "HTTP/1.1 200 OK"
2026-07-18 10:44:26 - httpx - INFO - HTTP Request: GET http://testserver/api/v1/admin/orders "HTTP/1.1 200 OK"
2026-07-18 10:44:26 - root - INFO - TELEGRAM_WEBHOOK_URL not set — skipping webhook registration
2026-07-18 10:44:26 - httpx - INFO - HTTP Request: POST http://testserver/api/v1/auth/login "HTTP/1.1 200 OK"
2026-07-18 10:44:26 - httpx - INFO - HTTP Request: GET http://testserver/api/v1/admin/orders "HTTP/1.1 200 OK"
2026-07-18 10:44:26 - root - INFO - TELEGRAM_WEBHOOK_URL not set — skipping webhook registration
2026-07-18 10:44:27 - httpx - INFO - HTTP Request: POST http://testserver/api/v1/auth/login "HTTP/1.1 200 OK"
2026-07-18 10:44:27 - httpx - INFO - HTTP Request: GET http://testserver/api/v1/admin/orders?status=pending "HTTP/1.1 200 OK"
2026-07-18 10:44:27 - root - INFO - TELEGRAM_WEBHOOK_URL not set — skipping webhook registration
2026-07-18 10:44:28 - httpx - INFO - HTTP Request: POST http://testserver/api/v1/auth/login "HTTP/1.1 200 OK"
2026-07-18 10:44:28 - httpx - INFO - HTTP Request: GET http://testserver/api/v1/admin/orders?search=Petrov "HTTP/1.1 200 OK"
2026-07-18 10:44:28 - root - INFO - TELEGRAM_WEBHOOK_URL not set — skipping webhook registration
2026-07-18 10:44:28 - httpx - INFO - HTTP Request: POST http://testserver/api/v1/auth/login "HTTP/1.1 200 OK"
2026-07-18 10:44:28 - httpx - INFO - HTTP Request: GET http://testserver/api/v1/admin/orders?search=1 "HTTP/1.1 200 OK"
2026-07-18 10:44:28 - root - INFO - TELEGRAM_WEBHOOK_URL not set — skipping webhook registration
2026-07-18 10:44:29 - httpx - INFO - HTTP Request: POST http://testserver/api/v1/auth/login "HTTP/1.1 200 OK"
2026-07-18 10:44:29 - httpx - INFO - HTTP Request: GET http://testserver/api/v1/admin/orders?page=1&page_size=3 "HTTP/1.1 200 OK"
2026-07-18 10:44:29 - root - INFO - TELEGRAM_WEBHOOK_URL not set — skipping webhook registration
2026-07-18 10:44:29 - httpx - INFO - HTTP Request: POST http://testserver/api/v1/auth/login "HTTP/1.1 200 OK"
2026-07-18 10:44:30 - httpx - INFO - HTTP Request: GET http://testserver/api/v1/admin/orders/1 "HTTP/1.1 200 OK"
2026-07-18 10:44:30 - root - INFO - TELEGRAM_WEBHOOK_URL not set — skipping webhook registration
2026-07-18 10:44:30 - httpx - INFO - HTTP Request: POST http://testserver/api/v1/auth/login "HTTP/1.1 200 OK"
2026-07-18 10:44:30 - httpx - INFO - HTTP Request: GET http://testserver/api/v1/admin/orders/99999 "HTTP/1.1 404 Not Found"
2026-07-18 10:44:30 - root - INFO - TELEGRAM_WEBHOOK_URL not set — skipping webhook registration
2026-07-18 10:44:31 - httpx - INFO - HTTP Request: POST http://testserver/api/v1/auth/login "HTTP/1.1 200 OK"
2026-07-18 10:44:31 - httpx - INFO - HTTP Request: PUT http://testserver/api/v1/admin/orders/1 "HTTP/1.1 200 OK"
2026-07-18 10:44:31 - root - INFO - TELEGRAM_WEBHOOK_URL not set — skipping webhook registration
2026-07-18 10:44:31 - httpx - INFO - HTTP Request: POST http://testserver/api/v1/auth/login "HTTP/1.1 200 OK"
2026-07-18 10:44:31 - httpx - INFO - HTTP Request: PUT http://testserver/api/v1/admin/orders/99999 "HTTP/1.1 404 Not Found"
2026-07-18 10:44:31 - root - INFO - TELEGRAM_WEBHOOK_URL not set — skipping webhook registration
2026-07-18 10:44:32 - httpx - INFO - HTTP Request: POST http://testserver/api/v1/auth/login "HTTP/1.1 200 OK"
2026-07-18 10:44:32 - httpx - INFO - HTTP Request: PUT http://testserver/api/v1/admin/orders/1/status "HTTP/1.1 200 OK"
2026-07-18 10:44:32 - root - INFO - TELEGRAM_WEBHOOK_URL not set — skipping webhook registration
2026-07-18 10:44:33 - httpx - INFO - HTTP Request: POST http://testserver/api/v1/auth/login "HTTP/1.1 200 OK"
2026-07-18 10:44:33 - httpx - INFO - HTTP Request: PUT http://testserver/api/v1/admin/orders/1/status "HTTP/1.1 400 Bad Request"
2026-07-18 10:44:33 - root - INFO - TELEGRAM_WEBHOOK_URL not set — skipping webhook registration
2026-07-18 10:44:33 - httpx - INFO - HTTP Request: POST http://testserver/api/v1/auth/login "HTTP/1.1 200 OK"
2026-07-18 10:44:33 - httpx - INFO - HTTP Request: PUT http://testserver/api/v1/admin/orders/99999/status "HTTP/1.1 404 Not Found"
2026-07-18 10:44:33 - root - INFO - TELEGRAM_WEBHOOK_URL not set — skipping webhook registration
2026-07-18 10:44:34 - httpx - INFO - HTTP Request: POST http://testserver/api/v1/auth/login "HTTP/1.1 200 OK"
2026-07-18 10:44:34 - httpx - INFO - HTTP Request: GET http://testserver/api/v1/admin/orders/1/history "HTTP/1.1 200 OK"
2026-07-18 10:44:34 - root - INFO - TELEGRAM_WEBHOOK_URL not set — skipping webhook registration
2026-07-18 10:44:34 - httpx - INFO - HTTP Request: POST http://testserver/api/v1/auth/login "HTTP/1.1 200 OK"
2026-07-18 10:44:34 - httpx - INFO - HTTP Request: GET http://testserver/api/v1/admin/orders "HTTP/1.1 403 Forbidden"
2026-07-18 10:44:34 - root - INFO - TELEGRAM_WEBHOOK_URL not set — skipping webhook registration
2026-07-18 10:44:35 - httpx - INFO - HTTP Request: POST http://testserver/api/v1/auth/login "HTTP/1.1 200 OK"
2026-07-18 10:44:35 - httpx - INFO - HTTP Request: GET http://testserver/api/v1/admin/pricing/general "HTTP/1.1 200 OK"
2026-07-18 10:44:35 - root - INFO - TELEGRAM_WEBHOOK_URL not set — skipping webhook registration
2026-07-18 10:44:36 - httpx - INFO - HTTP Request: POST http://testserver/api/v1/auth/login "HTTP/1.1 200 OK"
2026-07-18 10:44:36 - httpx - INFO - HTTP Request: PUT http://testserver/api/v1/admin/pricing/general "HTTP/1.1 200 OK"
2026-07-18 10:44:36 - root - INFO - TELEGRAM_WEBHOOK_URL not set — skipping webhook registration
2026-07-18 10:44:36 - httpx - INFO - HTTP Request: POST http://testserver/api/v1/auth/login "HTTP/1.1 200 OK"
2026-07-18 10:44:36 - httpx - INFO - HTTP Request: GET http://testserver/api/v1/admin/pricing/general "HTTP/1.1 403 Forbidden"
2026-07-18 10:44:36 - root - INFO - TELEGRAM_WEBHOOK_URL not set — skipping webhook registration
2026-07-18 10:44:37 - httpx - INFO - HTTP Request: POST http://testserver/api/v1/auth/login "HTTP/1.1 200 OK"
2026-07-18 10:44:37 - httpx - INFO - HTTP Request: GET http://testserver/api/v1/admin/pricing/categories "HTTP/1.1 200 OK"
2026-07-18 10:44:37 - root - INFO - TELEGRAM_WEBHOOK_URL not set — skipping webhook registration
2026-07-18 10:44:37 - httpx - INFO - HTTP Request: POST http://testserver/api/v1/auth/login "HTTP/1.1 200 OK"
2026-07-18 10:44:37 - httpx - INFO - HTTP Request: PUT http://testserver/api/v1/admin/pricing/categories/1 "HTTP/1.1 200 OK"
2026-07-18 10:44:37 - root - INFO - TELEGRAM_WEBHOOK_URL not set — skipping webhook registration
2026-07-18 10:44:38 - httpx - INFO - HTTP Request: POST http://testserver/api/v1/auth/login "HTTP/1.1 200 OK"
2026-07-18 10:44:38 - httpx - INFO - HTTP Request: GET http://testserver/api/v1/admin/pricing/history "HTTP/1.1 200 OK"
2026-07-18 10:44:38 - root - INFO - TELEGRAM_WEBHOOK_URL not set — skipping webhook registration
2026-07-18 10:44:38 - httpx - INFO - HTTP Request: POST http://testserver/api/v1/auth/login "HTTP/1.1 200 OK"
2026-07-18 10:44:38 - httpx - INFO - HTTP Request: GET http://testserver/api/v1/admin/pricing/history?type=category&category_id=1 "HTTP/1.1 200 OK"
2026-07-18 10:44:38 - root - INFO - TELEGRAM_WEBHOOK_URL not set — skipping webhook registration
2026-07-18 10:44:39 - httpx - INFO - HTTP Request: POST http://testserver/api/v1/auth/login "HTTP/1.1 200 OK"
2026-07-18 10:44:39 - httpx - INFO - HTTP Request: GET http://testserver/api/v1/admin/pricing/applied-history "HTTP/1.1 200 OK"
2026-07-18 10:44:39 - root - INFO - TELEGRAM_WEBHOOK_URL not set — skipping webhook registration
2026-07-18 10:44:40 - httpx - INFO - HTTP Request: POST http://testserver/api/v1/auth/login "HTTP/1.1 200 OK"
2026-07-18 10:44:40 - httpx - INFO - HTTP Request: GET http://testserver/api/v1/admin/products "HTTP/1.1 200 OK"
2026-07-18 10:44:40 - root - INFO - TELEGRAM_WEBHOOK_URL not set — skipping webhook registration
2026-07-18 10:44:40 - httpx - INFO - HTTP Request: POST http://testserver/api/v1/auth/login "HTTP/1.1 200 OK"
2026-07-18 10:44:40 - httpx - INFO - HTTP Request: GET http://testserver/api/v1/admin/products "HTTP/1.1 200 OK"
2026-07-18 10:44:40 - root - INFO - TELEGRAM_WEBHOOK_URL not set — skipping webhook registration
2026-07-18 10:44:41 - httpx - INFO - HTTP Request: POST http://testserver/api/v1/auth/login "HTTP/1.1 200 OK"
2026-07-18 10:44:41 - httpx - INFO - HTTP Request: GET http://testserver/api/v1/admin/products "HTTP/1.1 403 Forbidden"
2026-07-18 10:44:41 - root - INFO - TELEGRAM_WEBHOOK_URL not set — skipping webhook registration
2026-07-18 10:44:41 - httpx - INFO - HTTP Request: POST http://testserver/api/v1/auth/login "HTTP/1.1 200 OK"
2026-07-18 10:44:41 - httpx - INFO - HTTP Request: DELETE http://testserver/api/v1/admin/products/1 "HTTP/1.1 200 OK"
2026-07-18 10:44:41 - root - INFO - TELEGRAM_WEBHOOK_URL not set — skipping webhook registration
2026-07-18 10:44:42 - httpx - INFO - HTTP Request: POST http://testserver/api/v1/auth/login "HTTP/1.1 200 OK"
2026-07-18 10:44:42 - httpx - INFO - HTTP Request: DELETE http://testserver/api/v1/admin/products/99999 "HTTP/1.1 404 Not Found"
2026-07-18 10:44:42 - root - INFO - TELEGRAM_WEBHOOK_URL not set — skipping webhook registration
2026-07-18 10:44:42 - httpx - INFO - HTTP Request: POST http://testserver/api/v1/auth/login "HTTP/1.1 200 OK"
2026-07-18 10:44:42 - httpx - INFO - HTTP Request: GET http://testserver/api/v1/admin/roles "HTTP/1.1 200 OK"
2026-07-18 10:44:42 - root - INFO - TELEGRAM_WEBHOOK_URL not set — skipping webhook registration
2026-07-18 10:44:43 - httpx - INFO - HTTP Request: POST http://testserver/api/v1/auth/login "HTTP/1.1 200 OK"
2026-07-18 10:44:43 - httpx - INFO - HTTP Request: GET http://testserver/api/v1/admin/roles "HTTP/1.1 403 Forbidden"
2026-07-18 10:44:43 - root - INFO - TELEGRAM_WEBHOOK_URL not set — skipping webhook registration
2026-07-18 10:44:43 - httpx - INFO - HTTP Request: POST http://testserver/api/v1/auth/login "HTTP/1.1 200 OK"
2026-07-18 10:44:43 - httpx - INFO - HTTP Request: POST http://testserver/api/v1/admin/roles "HTTP/1.1 200 OK"
2026-07-18 10:44:43 - root - INFO - TELEGRAM_WEBHOOK_URL not set — skipping webhook registration
2026-07-18 10:44:44 - httpx - INFO - HTTP Request: POST http://testserver/api/v1/auth/login "HTTP/1.1 200 OK"
2026-07-18 10:44:44 - httpx - INFO - HTTP Request: POST http://testserver/api/v1/admin/roles "HTTP/1.1 200 OK"
2026-07-18 10:44:44 - httpx - INFO - HTTP Request: POST http://testserver/api/v1/admin/roles "HTTP/1.1 400 Bad Request"
2026-07-18 10:44:44 - root - INFO - TELEGRAM_WEBHOOK_URL not set — skipping webhook registration
2026-07-18 10:44:45 - httpx - INFO - HTTP Request: POST http://testserver/api/v1/auth/login "HTTP/1.1 200 OK"
2026-07-18 10:44:45 - httpx - INFO - HTTP Request: POST http://testserver/api/v1/admin/roles "HTTP/1.1 200 OK"
2026-07-18 10:44:45 - httpx - INFO - HTTP Request: PUT http://testserver/api/v1/admin/roles/2 "HTTP/1.1 200 OK"
2026-07-18 10:44:45 - root - INFO - TELEGRAM_WEBHOOK_URL not set — skipping webhook registration
2026-07-18 10:44:45 - httpx - INFO - HTTP Request: POST http://testserver/api/v1/auth/login "HTTP/1.1 200 OK"
2026-07-18 10:44:45 - httpx - INFO - HTTP Request: PUT http://testserver/api/v1/admin/roles/99999 "HTTP/1.1 404 Not Found"
2026-07-18 10:44:45 - root - INFO - TELEGRAM_WEBHOOK_URL not set — skipping webhook registration
2026-07-18 10:44:46 - httpx - INFO - HTTP Request: POST http://testserver/api/v1/auth/login "HTTP/1.1 200 OK"
2026-07-18 10:44:46 - httpx - INFO - HTTP Request: POST http://testserver/api/v1/admin/roles "HTTP/1.1 200 OK"
2026-07-18 10:44:46 - httpx - INFO - HTTP Request: DELETE http://testserver/api/v1/admin/roles/2 "HTTP/1.1 200 OK"
2026-07-18 10:44:46 - root - INFO - TELEGRAM_WEBHOOK_URL not set — skipping webhook registration
2026-07-18 10:44:47 - httpx - INFO - HTTP Request: POST http://testserver/api/v1/auth/login "HTTP/1.1 200 OK"
2026-07-18 10:44:47 - httpx - INFO - HTTP Request: DELETE http://testserver/api/v1/admin/roles/99999 "HTTP/1.1 404 Not Found"
2026-07-18 10:44:47 - root - INFO - TELEGRAM_WEBHOOK_URL not set — skipping webhook registration
2026-07-18 10:44:47 - httpx - INFO - HTTP Request: POST http://testserver/api/v1/auth/login "HTTP/1.1 200 OK"
2026-07-18 10:44:47 - httpx - INFO - HTTP Request: GET http://testserver/api/v1/admin/permissions "HTTP/1.1 200 OK"
2026-07-18 10:44:47 - root - INFO - TELEGRAM_WEBHOOK_URL not set — skipping webhook registration
2026-07-18 10:44:48 - httpx - INFO - HTTP Request: POST http://testserver/api/v1/auth/login "HTTP/1.1 200 OK"
2026-07-18 10:44:48 - httpx - INFO - HTTP Request: GET http://testserver/api/v1/admin/schedules "HTTP/1.1 200 OK"
2026-07-18 10:44:48 - root - INFO - TELEGRAM_WEBHOOK_URL not set — skipping webhook registration
2026-07-18 10:44:48 - httpx - INFO - HTTP Request: POST http://testserver/api/v1/auth/login "HTTP/1.1 200 OK"
2026-07-18 10:44:48 - httpx - INFO - HTTP Request: GET http://testserver/api/v1/admin/schedules "HTTP/1.1 200 OK"
2026-07-18 10:44:48 - root - INFO - TELEGRAM_WEBHOOK_URL not set — skipping webhook registration
2026-07-18 10:44:49 - httpx - INFO - HTTP Request: POST http://testserver/api/v1/auth/login "HTTP/1.1 200 OK"
2026-07-18 10:44:49 - httpx - INFO - HTTP Request: GET http://testserver/api/v1/admin/schedules "HTTP/1.1 403 Forbidden"
2026-07-18 10:44:49 - root - INFO - TELEGRAM_WEBHOOK_URL not set — skipping webhook registration
2026-07-18 10:44:49 - httpx - INFO - HTTP Request: POST http://testserver/api/v1/auth/login "HTTP/1.1 200 OK"
2026-07-18 10:44:49 - httpx - INFO - HTTP Request: PUT http://testserver/api/v1/admin/schedules/UTR "HTTP/1.1 200 OK"
2026-07-18 10:44:49 - root - INFO - TELEGRAM_WEBHOOK_URL not set — skipping webhook registration
2026-07-18 10:44:50 - httpx - INFO - HTTP Request: POST http://testserver/api/v1/auth/login "HTTP/1.1 200 OK"
2026-07-18 10:44:50 - httpx - INFO - HTTP Request: PUT http://testserver/api/v1/admin/schedules/UNKNOWN "HTTP/1.1 404 Not Found"
2026-07-18 10:44:50 - root - INFO - TELEGRAM_WEBHOOK_URL not set — skipping webhook registration
2026-07-18 10:44:51 - httpx - INFO - HTTP Request: POST http://testserver/api/v1/auth/login "HTTP/1.1 200 OK"
2026-07-18 10:44:51 - httpx - INFO - HTTP Request: POST http://testserver/api/v1/admin/schedules/UNKNOWN/run "HTTP/1.1 404 Not Found"
2026-07-18 10:44:51 - root - INFO - TELEGRAM_WEBHOOK_URL not set — skipping webhook registration
2026-07-18 10:44:51 - httpx - INFO - HTTP Request: POST http://testserver/api/v1/auth/login "HTTP/1.1 200 OK"
2026-07-18 10:44:51 - httpx - INFO - HTTP Request: GET http://testserver/api/v1/admin/suppliers "HTTP/1.1 200 OK"
2026-07-18 10:44:51 - root - INFO - TELEGRAM_WEBHOOK_URL not set — skipping webhook registration
2026-07-18 10:44:52 - httpx - INFO - HTTP Request: POST http://testserver/api/v1/auth/login "HTTP/1.1 200 OK"
2026-07-18 10:44:52 - httpx - INFO - HTTP Request: GET http://testserver/api/v1/admin/suppliers "HTTP/1.1 200 OK"
2026-07-18 10:44:52 - root - INFO - TELEGRAM_WEBHOOK_URL not set — skipping webhook registration
2026-07-18 10:44:52 - httpx - INFO - HTTP Request: POST http://testserver/api/v1/auth/login "HTTP/1.1 200 OK"
2026-07-18 10:44:52 - httpx - INFO - HTTP Request: GET http://testserver/api/v1/admin/suppliers "HTTP/1.1 403 Forbidden"
2026-07-18 10:44:52 - root - INFO - TELEGRAM_WEBHOOK_URL not set — skipping webhook registration
2026-07-18 10:44:53 - httpx - INFO - HTTP Request: POST http://testserver/api/v1/auth/login "HTTP/1.1 200 OK"
2026-07-18 10:44:53 - httpx - INFO - HTTP Request: PUT http://testserver/api/v1/admin/suppliers/GPL "HTTP/1.1 200 OK"
2026-07-18 10:44:53 - root - INFO - TELEGRAM_WEBHOOK_URL not set — skipping webhook registration
2026-07-18 10:44:54 - httpx - INFO - HTTP Request: POST http://testserver/api/v1/auth/login "HTTP/1.1 200 OK"
2026-07-18 10:44:54 - httpx - INFO - HTTP Request: PUT http://testserver/api/v1/admin/suppliers/UNKNOWN "HTTP/1.1 404 Not Found"
2026-07-18 10:44:54 - root - INFO - TELEGRAM_WEBHOOK_URL not set — skipping webhook registration
2026-07-18 10:44:54 - httpx - INFO - HTTP Request: POST http://testserver/api/v1/auth/login "HTTP/1.1 200 OK"
2026-07-18 10:44:54 - httpx - INFO - HTTP Request: GET http://testserver/api/v1/admin/suppliers/GPL/token-status "HTTP/1.1 200 OK"
2026-07-18 10:44:54 - root - INFO - TELEGRAM_WEBHOOK_URL not set — skipping webhook registration
2026-07-18 10:44:55 - httpx - INFO - HTTP Request: POST http://testserver/api/v1/auth/login "HTTP/1.1 200 OK"
2026-07-18 10:44:55 - httpx - INFO - HTTP Request: GET http://testserver/api/v1/admin/suppliers/UNKNOWN/token-status "HTTP/1.1 404 Not Found"
2026-07-18 10:44:55 - root - INFO - TELEGRAM_WEBHOOK_URL not set — skipping webhook registration
2026-07-18 10:44:55 - httpx - INFO - HTTP Request: POST http://testserver/api/v1/auth/login "HTTP/1.1 200 OK"
2026-07-18 10:44:56 - httpx - INFO - HTTP Request: GET http://testserver/api/v1/admin/workers "HTTP/1.1 200 OK"
2026-07-18 10:44:57 - root - INFO - TELEGRAM_WEBHOOK_URL not set — skipping webhook registration
2026-07-18 10:44:57 - httpx - INFO - HTTP Request: POST http://testserver/api/v1/auth/login "HTTP/1.1 200 OK"
2026-07-18 10:44:57 - httpx - INFO - HTTP Request: GET http://testserver/api/v1/admin/workers "HTTP/1.1 403 Forbidden"
2026-07-18 10:44:57 - root - INFO - TELEGRAM_WEBHOOK_URL not set — skipping webhook registration
2026-07-18 10:44:57 - httpx - INFO - HTTP Request: POST http://testserver/api/v1/auth/login "HTTP/1.1 200 OK"
2026-07-18 10:44:57 - httpx - INFO - HTTP Request: POST http://testserver/api/v1/admin/workers/tasks/fake-task-id/revoke "HTTP/1.1 200 OK"
2026-07-18 10:44:57 - root - INFO - TELEGRAM_WEBHOOK_URL not set — skipping webhook registration
2026-07-18 10:44:58 - httpx - INFO - HTTP Request: POST http://testserver/api/v1/auth/login "HTTP/1.1 200 OK"
2026-07-18 10:44:58 - httpx - INFO - HTTP Request: POST http://testserver/api/v1/admin/workers/restart "HTTP/1.1 200 OK"
2026-07-18 10:44:59 - root - INFO - TELEGRAM_WEBHOOK_URL not set — skipping webhook registration
2026-07-18 10:45:00 - httpx - INFO - HTTP Request: POST http://testserver/api/v1/auth/register "HTTP/1.1 200 OK"
2026-07-18 10:45:00 - root - INFO - TELEGRAM_WEBHOOK_URL not set — skipping webhook registration
2026-07-18 10:45:00 - httpx - INFO - HTTP Request: POST http://testserver/api/v1/auth/login "HTTP/1.1 200 OK"
2026-07-18 10:45:00 - root - INFO - TELEGRAM_WEBHOOK_URL not set — skipping webhook registration
2026-07-18 10:45:00 - httpx - INFO - HTTP Request: POST http://testserver/api/v1/auth/login "HTTP/1.1 401 Unauthorized"
2026-07-18 10:45:00 - root - INFO - TELEGRAM_WEBHOOK_URL not set — skipping webhook registration
2026-07-18 10:45:00 - httpx - INFO - HTTP Request: POST http://testserver/api/v1/auth/register "HTTP/1.1 400 Bad Request"
2026-07-18 10:45:00 - root - INFO - TELEGRAM_WEBHOOK_URL not set — skipping webhook registration
2026-07-18 10:45:01 - httpx - INFO - HTTP Request: POST http://testserver/api/v1/auth/login "HTTP/1.1 200 OK"
2026-07-18 10:45:01 - httpx - INFO - HTTP Request: GET http://testserver/api/v1/users/me "HTTP/1.1 200 OK"
2026-07-18 10:45:01 - root - INFO - TELEGRAM_WEBHOOK_URL not set — skipping webhook registration
2026-07-18 10:45:01 - httpx - INFO - HTTP Request: POST http://testserver/api/v1/auth/login "HTTP/1.1 200 OK"
2026-07-18 10:45:01 - httpx - INFO - HTTP Request: POST http://testserver/api/v1/users/change-password "HTTP/1.1 200 OK"
2026-07-18 10:45:01 - root - INFO - TELEGRAM_WEBHOOK_URL not set — skipping webhook registration
2026-07-18 10:45:02 - httpx - INFO - HTTP Request: POST http://testserver/api/v1/auth/login "HTTP/1.1 200 OK"
2026-07-18 10:45:02 - httpx - INFO - HTTP Request: POST http://testserver/api/v1/users/change-password "HTTP/1.1 400 Bad Request"
2026-07-18 10:45:02 - root - INFO - TELEGRAM_WEBHOOK_URL not set — skipping webhook registration
2026-07-18 10:45:02 - httpx - INFO - HTTP Request: POST http://testserver/api/v1/auth/login "HTTP/1.1 200 OK"
2026-07-18 10:45:02 - httpx - INFO - HTTP Request: GET http://testserver/api/v1/cart/ "HTTP/1.1 200 OK"
2026-07-18 10:45:02 - root - INFO - TELEGRAM_WEBHOOK_URL not set — skipping webhook registration
2026-07-18 10:45:03 - httpx - INFO - HTTP Request: POST http://testserver/api/v1/auth/login "HTTP/1.1 200 OK"
2026-07-18 10:45:03 - httpx - INFO - HTTP Request: POST http://testserver/api/v1/cart/add "HTTP/1.1 200 OK"
2026-07-18 10:45:03 - root - INFO - TELEGRAM_WEBHOOK_URL not set — skipping webhook registration
2026-07-18 10:45:03 - httpx - INFO - HTTP Request: POST http://testserver/api/v1/auth/login "HTTP/1.1 200 OK"
2026-07-18 10:45:03 - httpx - INFO - HTTP Request: POST http://testserver/api/v1/cart/add "HTTP/1.1 200 OK"
2026-07-18 10:45:03 - httpx - INFO - HTTP Request: GET http://testserver/api/v1/cart/ "HTTP/1.1 200 OK"
2026-07-18 10:45:03 - httpx - INFO - HTTP Request: PUT http://testserver/api/v1/cart/1 "HTTP/1.1 200 OK"
2026-07-18 10:45:03 - root - INFO - TELEGRAM_WEBHOOK_URL not set — skipping webhook registration
2026-07-18 10:45:03 - httpx - INFO - HTTP Request: POST http://testserver/api/v1/auth/login "HTTP/1.1 200 OK"
2026-07-18 10:45:03 - httpx - INFO - HTTP Request: POST http://testserver/api/v1/cart/add "HTTP/1.1 200 OK"
2026-07-18 10:45:03 - httpx - INFO - HTTP Request: GET http://testserver/api/v1/cart/ "HTTP/1.1 200 OK"
2026-07-18 10:45:03 - httpx - INFO - HTTP Request: DELETE http://testserver/api/v1/cart/1 "HTTP/1.1 200 OK"
2026-07-18 10:45:03 - root - INFO - TELEGRAM_WEBHOOK_URL not set — skipping webhook registration
2026-07-18 10:45:03 - httpx - INFO - HTTP Request: GET http://testserver/api/v1/cart/ "HTTP/1.1 401 Unauthorized"
2026-07-18 10:45:03 - root - INFO - TELEGRAM_WEBHOOK_URL not set — skipping webhook registration
2026-07-18 10:45:03 - httpx - INFO - HTTP Request: GET http://testserver/api/v1/catalog/makes "HTTP/1.1 200 OK"
2026-07-18 10:45:03 - root - INFO - TELEGRAM_WEBHOOK_URL not set — skipping webhook registration
2026-07-18 10:45:03 - httpx - INFO - HTTP Request: GET http://testserver/api/v1/catalog/models/1 "HTTP/1.1 200 OK"
2026-07-18 10:45:03 - root - INFO - TELEGRAM_WEBHOOK_URL not set — skipping webhook registration
2026-07-18 10:45:03 - httpx - INFO - HTTP Request: GET http://testserver/api/v1/catalog/makes "HTTP/1.1 200 OK"
2026-07-18 10:45:04 - root - INFO - TELEGRAM_WEBHOOK_URL not set — skipping webhook registration
2026-07-18 10:45:04 - httpx - INFO - HTTP Request: GET http://testserver/api/v1/catalog/makes "HTTP/1.1 200 OK"
2026-07-18 10:45:04 - root - INFO - TELEGRAM_WEBHOOK_URL not set — skipping webhook registration
2026-07-18 10:45:04 - httpx - INFO - HTTP Request: GET http://testserver/api/v1/catalog/models/1 "HTTP/1.1 200 OK"
2026-07-18 10:45:04 - root - INFO - TELEGRAM_WEBHOOK_URL not set — skipping webhook registration
2026-07-18 10:45:04 - httpx - INFO - HTTP Request: GET http://testserver/api/v1/catalog/models/1 "HTTP/1.1 200 OK"
2026-07-18 10:45:04 - root - INFO - TELEGRAM_WEBHOOK_URL not set — skipping webhook registration
2026-07-18 10:45:04 - httpx - INFO - HTTP Request: GET http://testserver/api/v1/catalog/modifications/1 "HTTP/1.1 200 OK"
2026-07-18 10:45:04 - root - INFO - TELEGRAM_WEBHOOK_URL not set — skipping webhook registration
2026-07-18 10:45:04 - httpx - INFO - HTTP Request: GET http://testserver/api/v1/catalog/modifications/1 "HTTP/1.1 200 OK"
2026-07-18 10:45:04 - root - INFO - TELEGRAM_WEBHOOK_URL not set — skipping webhook registration
2026-07-18 10:45:04 - httpx - INFO - HTTP Request: GET http://testserver/api/v1/catalog/sections/1 "HTTP/1.1 200 OK"
2026-07-18 10:45:04 - root - INFO - TELEGRAM_WEBHOOK_URL not set — skipping webhook registration
2026-07-18 10:45:04 - httpx - INFO - HTTP Request: GET http://testserver/api/v1/catalog/search?q=BR001 "HTTP/1.1 200 OK"
2026-07-18 10:45:04 - root - INFO - TELEGRAM_WEBHOOK_URL not set — skipping webhook registration
2026-07-18 10:45:04 - httpx - INFO - HTTP Request: GET http://testserver/api/v1/catalog/search?q=ZZZ999 "HTTP/1.1 200 OK"
2026-07-18 10:45:04 - root - INFO - TELEGRAM_WEBHOOK_URL not set — skipping webhook registration
2026-07-18 10:45:04 - httpx - INFO - HTTP Request: GET http://testserver/api/v1/catalog/search "HTTP/1.1 422 Unprocessable Entity"
2026-07-18 10:45:04 - root - INFO - TELEGRAM_WEBHOOK_URL not set — skipping webhook registration
2026-07-18 10:45:04 - httpx - INFO - HTTP Request: GET http://testserver/api/v1/catalog/search/autocomplete?q=TEST "HTTP/1.1 200 OK"
2026-07-18 10:45:04 - root - INFO - TELEGRAM_WEBHOOK_URL not set — skipping webhook registration
2026-07-18 10:45:04 - httpx - INFO - HTTP Request: GET http://testserver/api/v1/catalog/vehicle/years?type=passenger "HTTP/1.1 200 OK"
2026-07-18 10:45:04 - root - INFO - TELEGRAM_WEBHOOK_URL not set — skipping webhook registration
2026-07-18 10:45:04 - httpx - INFO - HTTP Request: GET http://testserver/api/v1/catalog/vehicle/years?type=invalid "HTTP/1.1 200 OK"
2026-07-18 10:45:04 - root - INFO - TELEGRAM_WEBHOOK_URL not set — skipping webhook registration
2026-07-18 10:45:04 - httpx - INFO - HTTP Request: GET http://testserver/api/v1/catalog/vehicle/makes?type=passenger&year=2020 "HTTP/1.1 200 OK"
2026-07-18 10:45:04 - root - INFO - TELEGRAM_WEBHOOK_URL not set — skipping webhook registration
2026-07-18 10:45:04 - httpx - INFO - HTTP Request: GET http://testserver/api/v1/catalog/vehicle/models?type=passenger&year=2020&make_id=1 "HTTP/1.1 200 OK"
2026-07-18 10:45:04 - root - INFO - TELEGRAM_WEBHOOK_URL not set — skipping webhook registration
2026-07-18 10:45:04 - httpx - INFO - HTTP Request: GET http://testserver/api/v1/catalog/vehicle/cars?type=passenger&year=2020&model_id=1 "HTTP/1.1 200 OK"
2026-07-18 10:45:04 - root - INFO - TELEGRAM_WEBHOOK_URL not set — skipping webhook registration
2026-07-18 10:45:04 - httpx - INFO - HTTP Request: GET http://testserver/api/v1/catalog/vehicle/volumes?year=2020&model_id=1 "HTTP/1.1 200 OK"
2026-07-18 10:45:04 - root - INFO - TELEGRAM_WEBHOOK_URL not set — skipping webhook registration
2026-07-18 10:45:04 - httpx - INFO - HTTP Request: GET http://testserver/api/v1/catalog/vehicle/engines?year=2020&car_id=1 "HTTP/1.1 200 OK"
2026-07-18 10:45:04 - root - INFO - TELEGRAM_WEBHOOK_URL not set — skipping webhook registration
2026-07-18 10:45:04 - httpx - INFO - HTTP Request: GET http://testserver/api/v1/categories/header "HTTP/1.1 200 OK"
2026-07-18 10:45:04 - root - INFO - TELEGRAM_WEBHOOK_URL not set — skipping webhook registration
2026-07-18 10:45:05 - httpx - INFO - HTTP Request: GET http://testserver/api/v1/categories/header?locale=en "HTTP/1.1 200 OK"
2026-07-18 10:45:05 - root - INFO - TELEGRAM_WEBHOOK_URL not set — skipping webhook registration
2026-07-18 10:45:05 - httpx - INFO - HTTP Request: GET http://testserver/api/v1/categories/header?locale=de "HTTP/1.1 422 Unprocessable Entity"
2026-07-18 10:45:05 - root - INFO - TELEGRAM_WEBHOOK_URL not set — skipping webhook registration
2026-07-18 10:45:05 - httpx - INFO - HTTP Request: POST http://testserver/api/v1/auth/login "HTTP/1.1 200 OK"
2026-07-18 10:45:05 - httpx - INFO - HTTP Request: GET http://testserver/api/v1/favorites/ "HTTP/1.1 200 OK"
2026-07-18 10:45:05 - root - INFO - TELEGRAM_WEBHOOK_URL not set — skipping webhook registration
2026-07-18 10:45:05 - httpx - INFO - HTTP Request: POST http://testserver/api/v1/auth/login "HTTP/1.1 200 OK"
2026-07-18 10:45:05 - httpx - INFO - HTTP Request: POST http://testserver/api/v1/favorites/add "HTTP/1.1 200 OK"
2026-07-18 10:45:05 - root - INFO - TELEGRAM_WEBHOOK_URL not set — skipping webhook registration
2026-07-18 10:45:06 - httpx - INFO - HTTP Request: POST http://testserver/api/v1/auth/login "HTTP/1.1 200 OK"
2026-07-18 10:45:06 - httpx - INFO - HTTP Request: POST http://testserver/api/v1/favorites/add "HTTP/1.1 200 OK"
2026-07-18 10:45:06 - httpx - INFO - HTTP Request: DELETE http://testserver/api/v1/favorites/1 "HTTP/1.1 200 OK"
2026-07-18 10:45:06 - root - INFO - TELEGRAM_WEBHOOK_URL not set — skipping webhook registration
2026-07-18 10:45:06 - httpx - INFO - HTTP Request: GET http://testserver/api/v1/favorites/ "HTTP/1.1 200 OK"
2026-07-18 10:45:06 - root - INFO - TELEGRAM_WEBHOOK_URL not set — skipping webhook registration
2026-07-18 10:45:06 - httpx - INFO - HTTP Request: GET http://testserver/api/v1/footer "HTTP/1.1 200 OK"
2026-07-18 10:45:06 - root - INFO - TELEGRAM_WEBHOOK_URL not set — skipping webhook registration
2026-07-18 10:45:06 - httpx - INFO - HTTP Request: GET http://testserver/api/v1/footer?locale=en "HTTP/1.1 200 OK"
2026-07-18 10:45:06 - root - INFO - TELEGRAM_WEBHOOK_URL not set — skipping webhook registration
2026-07-18 10:45:06 - httpx - INFO - HTTP Request: POST http://testserver/api/v1/auth/login "HTTP/1.1 200 OK"
2026-07-18 10:45:06 - httpx - INFO - HTTP Request: GET http://testserver/api/v1/admin/footer "HTTP/1.1 200 OK"
2026-07-18 10:45:06 - root - INFO - TELEGRAM_WEBHOOK_URL not set — skipping webhook registration
2026-07-18 10:45:07 - httpx - INFO - HTTP Request: POST http://testserver/api/v1/auth/login "HTTP/1.1 200 OK"
2026-07-18 10:45:07 - httpx - INFO - HTTP Request: PUT http://testserver/api/v1/admin/footer/ru "HTTP/1.1 200 OK"
2026-07-18 10:45:07 - root - INFO - TELEGRAM_WEBHOOK_URL not set — skipping webhook registration
2026-07-18 10:45:08 - httpx - INFO - HTTP Request: POST http://testserver/api/v1/auth/login "HTTP/1.1 200 OK"
2026-07-18 10:45:08 - httpx - INFO - HTTP Request: PUT http://testserver/api/v1/admin/footer/ua "HTTP/1.1 200 OK"
2026-07-18 10:45:08 - root - INFO - TELEGRAM_WEBHOOK_URL not set — skipping webhook registration
2026-07-18 10:45:08 - httpx - INFO - HTTP Request: POST http://testserver/api/v1/auth/login "HTTP/1.1 200 OK"
2026-07-18 10:45:08 - httpx - INFO - HTTP Request: PUT http://testserver/api/v1/admin/footer/de "HTTP/1.1 400 Bad Request"
2026-07-18 10:45:08 - root - INFO - TELEGRAM_WEBHOOK_URL not set — skipping webhook registration
2026-07-18 10:45:08 - httpx - INFO - HTTP Request: POST http://testserver/api/v1/auth/login "HTTP/1.1 200 OK"
2026-07-18 10:45:08 - httpx - INFO - HTTP Request: GET http://testserver/api/v1/admin/footer "HTTP/1.1 403 Forbidden"
2026-07-18 10:45:09 - root - INFO - TELEGRAM_WEBHOOK_URL not set — skipping webhook registration
2026-07-18 10:45:09 - httpx - INFO - HTTP Request: POST http://testserver/api/v1/auth/login "HTTP/1.1 200 OK"
2026-07-18 10:45:09 - httpx - INFO - HTTP Request: GET http://testserver/api/v1/orders/ "HTTP/1.1 200 OK"
2026-07-18 10:45:09 - root - INFO - TELEGRAM_WEBHOOK_URL not set — skipping webhook registration
2026-07-18 10:45:09 - httpx - INFO - HTTP Request: POST http://testserver/api/v1/auth/login "HTTP/1.1 200 OK"
2026-07-18 10:45:09 - httpx - INFO - HTTP Request: POST http://testserver/api/v1/cart/add "HTTP/1.1 200 OK"
2026-07-18 10:45:09 - httpx - INFO - HTTP Request: POST http://testserver/api/v1/orders/checkout "HTTP/1.1 200 OK"
2026-07-18 10:45:09 - root - INFO - TELEGRAM_WEBHOOK_URL not set — skipping webhook registration
2026-07-18 10:45:10 - httpx - INFO - HTTP Request: POST http://testserver/api/v1/auth/login "HTTP/1.1 200 OK"
2026-07-18 10:45:10 - httpx - INFO - HTTP Request: POST http://testserver/api/v1/cart/add "HTTP/1.1 200 OK"
2026-07-18 10:45:10 - httpx - INFO - HTTP Request: POST http://testserver/api/v1/orders/checkout "HTTP/1.1 200 OK"
2026-07-18 10:45:10 - httpx - INFO - HTTP Request: GET http://testserver/api/v1/orders/1 "HTTP/1.1 200 OK"
2026-07-18 10:45:10 - root - INFO - TELEGRAM_WEBHOOK_URL not set — skipping webhook registration
2026-07-18 10:45:10 - httpx - INFO - HTTP Request: GET http://testserver/api/v1/orders/ "HTTP/1.1 401 Unauthorized"
2026-07-18 10:45:15 - root - INFO - TELEGRAM_WEBHOOK_URL not set — skipping webhook registration
2026-07-18 10:45:15 - httpx - INFO - HTTP Request: GET http://testserver/api/v1/settings "HTTP/1.1 200 OK"
2026-07-18 10:45:15 - root - INFO - TELEGRAM_WEBHOOK_URL not set — skipping webhook registration
2026-07-18 10:45:15 - httpx - INFO - HTTP Request: GET http://testserver/api/v1/settings "HTTP/1.1 200 OK"
2026-07-18 10:45:15 - root - INFO - TELEGRAM_WEBHOOK_URL not set — skipping webhook registration
2026-07-18 10:45:15 - httpx - INFO - HTTP Request: POST http://testserver/api/v1/auth/login "HTTP/1.1 200 OK"
2026-07-18 10:45:15 - httpx - INFO - HTTP Request: GET http://testserver/api/v1/admin/settings "HTTP/1.1 200 OK"
2026-07-18 10:45:15 - root - INFO - TELEGRAM_WEBHOOK_URL not set — skipping webhook registration
2026-07-18 10:45:16 - httpx - INFO - HTTP Request: POST http://testserver/api/v1/auth/login "HTTP/1.1 200 OK"
2026-07-18 10:45:16 - httpx - INFO - HTTP Request: PUT http://testserver/api/v1/admin/settings "HTTP/1.1 200 OK"
2026-07-18 10:45:16 - root - INFO - TELEGRAM_WEBHOOK_URL not set — skipping webhook registration
2026-07-18 10:45:16 - httpx - INFO - HTTP Request: POST http://testserver/api/v1/auth/login "HTTP/1.1 200 OK"
2026-07-18 10:45:16 - httpx - INFO - HTTP Request: GET http://testserver/api/v1/admin/settings "HTTP/1.1 403 Forbidden"
2026-07-18 10:45:17 - root - INFO - TELEGRAM_WEBHOOK_URL not set — skipping webhook registration
2026-07-18 10:45:17 - httpx - INFO - HTTP Request: POST http://testserver/api/v1/auth/login "HTTP/1.1 200 OK"
2026-07-18 10:45:17 - httpx - INFO - HTTP Request: POST http://testserver/api/v1/telegram/start "HTTP/1.1 200 OK"
2026-07-18 10:45:17 - root - INFO - TELEGRAM_WEBHOOK_URL not set — skipping webhook registration
2026-07-18 10:45:17 - httpx - INFO - HTTP Request: POST http://testserver/api/v1/auth/login "HTTP/1.1 200 OK"
2026-07-18 10:45:17 - httpx - INFO - HTTP Request: GET http://testserver/api/v1/telegram/status "HTTP/1.1 200 OK"
2026-07-18 10:45:17 - root - INFO - TELEGRAM_WEBHOOK_URL not set — skipping webhook registration
2026-07-18 10:45:17 - httpx - INFO - HTTP Request: POST http://testserver/api/v1/auth/login "HTTP/1.1 200 OK"
2026-07-18 10:45:17 - httpx - INFO - HTTP Request: POST http://testserver/api/v1/telegram/disconnect "HTTP/1.1 400 Bad Request"
2026-07-18 10:45:18 - root - INFO - TELEGRAM_WEBHOOK_URL not set — skipping webhook registration
2026-07-18 10:45:18 - httpx - INFO - HTTP Request: POST http://testserver/api/v1/auth/login "HTTP/1.1 200 OK"
2026-07-18 10:45:18 - httpx - INFO - HTTP Request: GET http://testserver/api/v1/users/me "HTTP/1.1 200 OK"
2026-07-18 10:45:18 - root - INFO - TELEGRAM_WEBHOOK_URL not set — skipping webhook registration
2026-07-18 10:45:19 - httpx - INFO - HTTP Request: POST http://testserver/api/v1/auth/login "HTTP/1.1 200 OK"
2026-07-18 10:45:19 - httpx - INFO - HTTP Request: PUT http://testserver/api/v1/users/me "HTTP/1.1 200 OK"
2026-07-18 10:45:19 - root - INFO - TELEGRAM_WEBHOOK_URL not set — skipping webhook registration
2026-07-18 10:45:19 - httpx - INFO - HTTP Request: POST http://testserver/api/v1/auth/login "HTTP/1.1 200 OK"
2026-07-18 10:45:19 - httpx - INFO - HTTP Request: POST http://testserver/api/v1/users/change-password "HTTP/1.1 200 OK"
2026-07-18 10:45:20 - root - INFO - TELEGRAM_WEBHOOK_URL not set — skipping webhook registration
2026-07-18 10:45:20 - httpx - INFO - HTTP Request: POST http://testserver/api/v1/auth/login "HTTP/1.1 200 OK"
2026-07-18 10:45:20 - app.api.v1.endpoints.users - INFO - MODIFIED get_garage called, has_new_code=True
2026-07-18 10:45:20 - httpx - INFO - HTTP Request: GET http://testserver/api/v1/users/garage "HTTP/1.1 200 OK"
2026-07-18 10:59:12 - root - INFO - TELEGRAM_WEBHOOK_URL not set — skipping webhook registration
2026-07-18 10:59:16 - root - INFO - Health check called
2026-07-18 10:59:46 - root - INFO - Health check called
2026-07-18 11:00:16 - root - INFO - Health check called
2026-07-18 11:00:26 - app.api.v1.endpoints.users - INFO - MODIFIED get_garage called, has_new_code=True
2026-07-18 11:00:46 - root - INFO - Health check called
2026-07-18 11:01:19 - root - INFO - Health check called
2026-07-18 11:01:52 - root - INFO - Health check called
2026-07-18 11:02:25 - root - INFO - Health check called
2026-07-18 11:02:59 - root - INFO - Health check called
2026-07-18 11:03:32 - root - INFO - Health check called
2026-07-18 11:04:05 - root - INFO - Health check called
2026-07-18 11:04:39 - root - INFO - Health check called
2026-07-18 11:05:09 - root - INFO - Health check called
2026-07-18 11:05:35 - root - INFO - TELEGRAM_WEBHOOK_URL not set — skipping webhook registration
2026-07-18 11:05:39 - root - INFO - Health check called
2026-07-18 11:06:10 - root - INFO - Health check called
2026-07-18 11:06:40 - root - INFO - Health check called
2026-07-18 11:07:10 - root - INFO - Health check called
2026-07-18 11:07:40 - root - INFO - Health check called
2026-07-18 11:08:11 - root - INFO - Health check called
2026-07-18 11:08:33 - root - INFO - TELEGRAM_WEBHOOK_URL not set — skipping webhook registration
2026-07-18 11:08:34 - root - INFO - Health check called
2026-07-18 11:09:04 - root - INFO - Health check called
2026-07-18 11:09:34 - root - INFO - Health check called
2026-07-18 11:10:05 - root - INFO - Health check called
2026-07-18 11:10:35 - root - INFO - Health check called
2026-07-18 11:11:05 - root - INFO - Health check called
2026-07-18 11:11:35 - root - INFO - Health check called
2026-07-18 11:12:05 - root - INFO - Health check called
2026-07-18 11:12:35 - root - INFO - Health check called
2026-07-18 11:13:05 - root - INFO - Health check called
2026-07-18 11:13:36 - root - INFO - Health check called
2026-07-18 11:14:06 - root - INFO - Health check called
2026-07-18 11:14:36 - root - INFO - Health check called
2026-07-18 11:15:06 - root - INFO - Health check called
2026-07-18 11:15:36 - root - INFO - Health check called
2026-07-18 11:16:06 - root - INFO - Health check called
2026-07-18 11:16:36 - root - INFO - Health check called
2026-07-18 11:17:07 - root - INFO - Health check called
2026-07-18 11:17:37 - root - INFO - Health check called
2026-07-18 11:18:07 - root - INFO - Health check called
2026-07-18 11:18:37 - root - INFO - Health check called
2026-07-18 11:19:07 - root - INFO - Health check called
2026-07-18 11:19:37 - root - INFO - Health check called
2026-07-18 11:20:08 - root - INFO - Health check called
2026-07-18 11:20:38 - root - INFO - Health check called
2026-07-18 11:21:08 - root - INFO - Health check called
2026-07-18 11:21:38 - root - INFO - Health check called
2026-07-18 11:22:08 - root - INFO - Health check called
2026-07-18 11:22:38 - root - INFO - Health check called
2026-07-18 11:23:08 - root - INFO - Health check called
2026-07-18 11:23:39 - root - INFO - Health check called
2026-07-18 11:24:09 - root - INFO - Health check called
2026-07-18 11:24:39 - root - INFO - Health check called
2026-07-18 11:25:09 - root - INFO - Health check called
2026-07-18 11:25:39 - root - INFO - Health check called
2026-07-18 11:26:09 - root - INFO - Health check called
2026-07-18 11:26:39 - root - INFO - Health check called
2026-07-18 11:27:10 - root - INFO - Health check called
2026-07-18 11:27:40 - root - INFO - Health check called
2026-07-18 11:28:10 - root - INFO - Health check called
2026-07-18 11:28:41 - root - INFO - Health check called
2026-07-18 11:29:14 - root - INFO - Health check called
2026-07-18 11:29:47 - root - INFO - Health check called
2026-07-18 11:30:21 - root - INFO - Health check called
2026-07-18 11:30:54 - root - INFO - Health check called
2026-07-18 11:31:27 - root - INFO - Health check called
2026-07-18 11:32:01 - root - INFO - Health check called
2026-07-18 11:32:34 - root - INFO - Health check called
2026-07-18 11:33:07 - root - INFO - Health check called
2026-07-18 11:33:42 - root - INFO - Health check called
2026-07-18 11:34:12 - root - INFO - Health check called
2026-07-18 11:34:42 - root - INFO - Health check called
2026-07-18 11:35:12 - root - INFO - Health check called
2026-07-18 11:35:43 - root - INFO - Health check called
2026-07-18 11:36:13 - root - INFO - Health check called
2026-07-18 11:36:43 - root - INFO - Health check called
2026-07-18 11:37:13 - root - INFO - Health check called
2026-07-18 11:37:28 - app.api.v1.endpoints.users - INFO - MODIFIED get_garage called, has_new_code=True
2026-07-18 11:37:43 - root - INFO - Health check called
2026-07-18 11:38:14 - root - INFO - Health check called
2026-07-18 11:38:44 - root - INFO - Health check called
2026-07-18 11:39:14 - root - INFO - Health check called
2026-07-18 11:39:44 - root - INFO - Health check called
2026-07-18 11:40:14 - root - INFO - Health check called
2026-07-18 11:40:44 - root - INFO - Health check called
2026-07-18 11:41:14 - root - INFO - Health check called
2026-07-18 11:41:45 - root - INFO - Health check called
2026-07-18 11:42:15 - root - INFO - Health check called
2026-07-18 11:42:45 - root - INFO - Health check called
2026-07-18 11:43:15 - root - INFO - Health check called
2026-07-18 11:43:45 - root - INFO - Health check called
2026-07-18 11:44:16 - root - INFO - Health check called
2026-07-18 11:44:46 - root - INFO - Health check called
2026-07-18 11:45:16 - root - INFO - Health check called
2026-07-18 11:45:46 - root - INFO - Health check called
2026-07-18 11:46:16 - root - INFO - Health check called
2026-07-18 11:46:47 - root - INFO - Health check called
2026-07-18 11:47:17 - root - INFO - Health check called
2026-07-18 11:47:47 - root - INFO - Health check called
2026-07-18 11:48:17 - root - INFO - Health check called
2026-07-18 11:48:47 - root - INFO - Health check called
2026-07-18 11:49:17 - root - INFO - Health check called
2026-07-18 11:49:47 - root - INFO - Health check called
2026-07-18 11:50:18 - root - INFO - Health check called
2026-07-18 11:50:48 - root - INFO - Health check called
2026-07-18 11:51:18 - root - INFO - Health check called
2026-07-18 11:51:48 - root - INFO - Health check called
2026-07-18 11:52:18 - root - INFO - Health check called
2026-07-18 11:52:48 - root - INFO - Health check called
2026-07-18 11:53:19 - root - INFO - Health check called
2026-07-18 11:53:49 - root - INFO - Health check called
2026-07-18 11:54:19 - root - INFO - Health check called
2026-07-18 11:54:49 - root - INFO - Health check called
2026-07-18 11:55:19 - root - INFO - Health check called
2026-07-18 11:55:43 - app.api.v1.endpoints.users - INFO - MODIFIED get_garage called, has_new_code=True
2026-07-18 11:55:49 - root - INFO - Health check called
2026-07-18 11:56:19 - root - INFO - Health check called
2026-07-18 11:56:50 - root - INFO - Health check called
2026-07-18 11:57:20 - root - INFO - Health check called
2026-07-18 11:59:03 - root - INFO - TELEGRAM_WEBHOOK_URL not set — skipping webhook registration
2026-07-18 11:59:07 - root - INFO - Health check called
2026-07-18 11:59:36 - app.api.v1.endpoints.users - INFO - MODIFIED get_garage called, has_new_code=True
2026-07-18 11:59:38 - root - INFO - Health check called
2026-07-18 12:00:08 - root - INFO - Health check called
2026-07-18 12:00:38 - root - INFO - Health check called
2026-07-18 12:01:08 - root - INFO - Health check called
2026-07-18 12:01:38 - root - INFO - Health check called
2026-07-18 12:02:08 - root - INFO - Health check called
2026-07-18 12:02:39 - root - INFO - Health check called
2026-07-18 12:03:09 - root - INFO - Health check called
2026-07-18 12:03:39 - root - INFO - Health check called
2026-07-18 12:04:09 - root - INFO - Health check called
2026-07-18 12:04:39 - root - INFO - Health check called
2026-07-18 12:05:09 - root - INFO - Health check called
2026-07-18 12:05:39 - root - INFO - Health check called
2026-07-18 12:06:10 - root - INFO - Health check called
2026-07-18 12:06:40 - root - INFO - Health check called
2026-07-18 12:07:10 - root - INFO - Health check called
2026-07-18 12:07:40 - root - INFO - Health check called
2026-07-18 12:08:10 - root - INFO - Health check called
2026-07-18 12:08:40 - root - INFO - Health check called
2026-07-18 12:09:10 - root - INFO - Health check called
2026-07-18 12:09:41 - root - INFO - Health check called
2026-07-18 12:10:11 - root - INFO - Health check called
2026-07-18 12:10:41 - root - INFO - Health check called
2026-07-18 12:11:11 - root - INFO - Health check called
2026-07-18 12:11:41 - root - INFO - Health check called
2026-07-18 12:12:11 - root - INFO - Health check called
2026-07-18 12:12:41 - root - INFO - Health check called
2026-07-18 12:13:12 - root - INFO - Health check called
2026-07-18 12:13:42 - root - INFO - Health check called
2026-07-18 12:14:12 - root - INFO - Health check called
2026-07-18 12:14:42 - root - INFO - Health check called
2026-07-18 12:15:12 - root - INFO - Health check called
2026-07-18 12:15:42 - root - INFO - Health check called
2026-07-18 12:16:13 - root - INFO - Health check called
2026-07-18 12:16:43 - root - INFO - Health check called
2026-07-18 12:17:13 - root - INFO - Health check called
2026-07-18 12:17:43 - root - INFO - Health check called
2026-07-18 12:18:13 - root - INFO - Health check called
2026-07-18 12:18:43 - root - INFO - Health check called
2026-07-18 12:19:13 - root - INFO - Health check called
2026-07-18 12:19:44 - root - INFO - Health check called
2026-07-18 12:20:14 - root - INFO - Health check called
2026-07-18 12:20:36 - app.api.v1.endpoints.users - INFO - MODIFIED get_garage called, has_new_code=True
2026-07-18 12:20:44 - root - INFO - Health check called
2026-07-18 12:51:11 - root - INFO - Health check called
2026-07-18 12:51:41 - root - INFO - Health check called
2026-07-18 12:52:11 - root - INFO - Health check called
2026-07-18 12:52:41 - root - INFO - Health check called
2026-07-18 13:10:41 - root - INFO - Health check called
2026-07-18 13:11:11 - root - INFO - Health check called
2026-07-18 13:27:09 - root - INFO - Health check called
2026-07-18 13:27:39 - root - INFO - Health check called
2026-07-18 13:44:27 - root - INFO - Health check called
2026-07-18 14:01:30 - root - INFO - Health check called
2026-07-18 14:02:00 - root - INFO - Health check called
2026-07-18 14:06:38 - root - INFO - Health check called
2026-07-18 14:07:08 - root - INFO - Health check called
2026-07-18 14:24:41 - root - INFO - Health check called
2026-07-18 14:42:12 - root - INFO - Health check called
2026-07-18 14:42:42 - root - INFO - Health check called
2026-07-18 15:01:01 - root - INFO - Health check called
2026-07-18 15:01:31 - root - INFO - Health check called
2026-07-18 15:07:48 - root - INFO - Health check called
2026-07-18 15:24:15 - root - INFO - Health check called
2026-07-18 15:24:45 - root - INFO - Health check called
2026-07-18 15:40:41 - root - INFO - Health check called
2026-07-18 15:41:12 - root - INFO - Health check called
2026-07-18 15:57:34 - root - INFO - Health check called
2026-07-18 16:08:26 - root - INFO - Health check called
2026-07-18 16:08:56 - root - INFO - Health check called
2026-07-18 16:21:29 - root - INFO - Health check called
2026-07-18 16:21:59 - root - INFO - Health check called
2026-07-18 16:40:04 - root - INFO - Health check called
2026-07-18 16:40:35 - root - INFO - Health check called
2026-07-18 16:56:13 - root - INFO - Health check called
2026-07-18 16:56:43 - root - INFO - Health check called
2026-07-18 16:57:13 - root - INFO - Health check called
2026-07-18 16:57:43 - root - INFO - Health check called
2026-07-18 16:58:13 - root - INFO - Health check called
2026-07-18 16:58:44 - root - INFO - Health check called
2026-07-18 16:59:14 - root - INFO - Health check called
2026-07-18 16:59:44 - root - INFO - Health check called
2026-07-18 17:00:14 - root - INFO - Health check called
2026-07-18 17:00:44 - root - INFO - Health check called
2026-07-18 17:01:14 - root - INFO - Health check called
2026-07-18 17:01:44 - root - INFO - Health check called
2026-07-18 17:02:15 - root - INFO - Health check called
2026-07-18 17:02:45 - root - INFO - Health check called
2026-07-18 17:03:15 - root - INFO - Health check called
2026-07-18 17:03:45 - root - INFO - Health check called
2026-07-18 17:04:15 - root - INFO - Health check called
2026-07-18 17:04:45 - root - INFO - Health check called
2026-07-18 17:05:15 - root - INFO - Health check called
2026-07-18 17:05:46 - root - INFO - Health check called
2026-07-18 17:06:16 - root - INFO - Health check called
2026-07-18 17:06:46 - root - INFO - Health check called
2026-07-18 17:07:16 - root - INFO - Health check called
2026-07-18 17:07:46 - root - INFO - Health check called
2026-07-18 17:08:16 - root - INFO - Health check called
2026-07-18 17:08:47 - root - INFO - Health check called
2026-07-18 17:09:17 - root - INFO - Health check called
2026-07-18 17:09:47 - root - INFO - Health check called
2026-07-18 17:10:17 - root - INFO - Health check called
2026-07-18 17:10:48 - root - INFO - Health check called
2026-07-18 17:11:18 - root - INFO - Health check called
2026-07-18 17:11:48 - root - INFO - Health check called
2026-07-18 17:12:18 - root - INFO - Health check called
2026-07-18 17:12:48 - root - INFO - Health check called
2026-07-18 17:13:18 - root - INFO - Health check called
2026-07-18 17:13:48 - root - INFO - Health check called
2026-07-18 17:14:19 - root - INFO - Health check called
2026-07-18 17:14:49 - root - INFO - Health check called
2026-07-18 17:15:19 - root - INFO - Health check called
2026-07-18 17:15:49 - root - INFO - Health check called
2026-07-18 17:16:19 - root - INFO - Health check called
2026-07-18 17:16:50 - root - INFO - Health check called
2026-07-18 17:17:45 - root - INFO - Health check called
2026-07-18 17:18:16 - root - INFO - Health check called
2026-07-18 17:47:24 - root - INFO - Health check called
2026-07-18 18:05:27 - root - INFO - Health check called
2026-07-18 18:05:57 - root - INFO - Health check called
2026-07-18 18:22:04 - root - INFO - Health check called
2026-07-18 18:22:35 - root - INFO - Health check called
2026-07-18 18:40:49 - root - INFO - Health check called
2026-07-18 18:56:30 - root - INFO - Health check called
2026-07-18 18:57:00 - root - INFO - Health check called
2026-07-18 19:02:43 - root - INFO - Health check called
2026-07-18 19:03:13 - root - INFO - Health check called
2026-07-18 19:21:26 - root - INFO - Health check called
2026-07-18 19:38:33 - root - INFO - Health check called
2026-07-18 19:39:03 - root - INFO - Health check called
2026-07-18 19:56:48 - root - INFO - Health check called
2026-07-18 19:57:18 - root - INFO - Health check called
2026-07-18 20:03:52 - root - INFO - Health check called
2026-07-18 20:19:32 - root - INFO - Health check called
2026-07-18 20:20:02 - root - INFO - Health check called
2026-07-18 20:37:37 - root - INFO - Health check called
2026-07-18 20:38:07 - root - INFO - Health check called
2026-07-18 20:55:29 - root - INFO - Health check called
2026-07-18 20:55:59 - root - INFO - Health check called
2026-07-18 21:05:00 - root - INFO - Health check called
2026-07-18 21:17:58 - root - INFO - Health check called
2026-07-18 21:18:28 - root - INFO - Health check called
2026-07-18 21:35:52 - root - INFO - Health check called
2026-07-18 21:36:22 - root - INFO - Health check called
2026-07-18 21:53:00 - root - INFO - Health check called
2026-07-18 22:05:38 - root - INFO - Health check called
2026-07-18 22:06:08 - root - INFO - Health check called
2026-07-18 22:19:51 - root - INFO - Health check called
2026-07-18 22:20:21 - root - INFO - Health check called
2026-07-18 22:37:37 - root - INFO - Health check called
2026-07-18 22:54:10 - root - INFO - Health check called
2026-07-18 22:54:41 - root - INFO - Health check called
2026-07-18 23:06:47 - root - INFO - Health check called
2026-07-18 23:07:17 - root - INFO - Health check called
2026-07-18 23:23:57 - root - INFO - Health check called
2026-07-19 11:43:32 - root - INFO - TELEGRAM_WEBHOOK_URL not set — skipping webhook registration
2026-07-19 11:43:58 - root - INFO - Health check called
2026-07-19 11:44:28 - root - INFO - Health check called
2026-07-19 11:44:58 - root - INFO - Health check called
2026-07-19 11:45:29 - root - INFO - Health check called
2026-07-19 11:45:59 - root - INFO - Health check called
2026-07-19 11:46:29 - root - INFO - Health check called
2026-07-19 11:46:59 - root - INFO - Health check called
2026-07-19 11:47:29 - root - INFO - Health check called
2026-07-19 11:48:00 - root - INFO - Health check called
2026-07-19 11:48:13 - app.api.v1.endpoints.users - INFO - MODIFIED get_garage called, has_new_code=True
2026-07-19 11:48:30 - root - INFO - Health check called
2026-07-19 11:48:39 - app.api.v1.endpoints.users - INFO - MODIFIED get_garage called, has_new_code=True
2026-07-19 11:49:00 - root - INFO - Health check called
2026-07-19 11:49:31 - root - INFO - Health check called
2026-07-19 11:50:01 - root - INFO - Health check called
2026-07-19 11:50:31 - root - INFO - Health check called
2026-07-19 11:51:01 - root - INFO - Health check called
2026-07-19 11:51:31 - root - INFO - Health check called
2026-07-19 11:52:01 - root - INFO - Health check called
2026-07-19 11:52:32 - root - INFO - Health check called
2026-07-19 11:53:02 - root - INFO - Health check called
2026-07-19 11:53:32 - root - INFO - Health check called
2026-07-19 11:54:02 - root - INFO - Health check called
2026-07-19 11:54:32 - root - INFO - Health check called
2026-07-19 11:55:02 - root - INFO - Health check called
2026-07-19 11:55:32 - root - INFO - Health check called
2026-07-19 11:56:03 - root - INFO - Health check called
2026-07-19 11:56:33 - root - INFO - Health check called
2026-07-19 11:57:03 - root - INFO - Health check called
2026-07-19 11:57:33 - root - INFO - Health check called
2026-07-19 11:58:03 - root - INFO - Health check called
2026-07-19 11:58:33 - root - INFO - Health check called
2026-07-19 11:59:04 - root - INFO - Health check called
2026-07-19 11:59:34 - root - INFO - Health check called
2026-07-19 12:00:04 - root - INFO - Health check called
2026-07-19 12:00:34 - root - INFO - Health check called
2026-07-19 12:01:04 - root - INFO - Health check called
2026-07-19 12:01:34 - root - INFO - Health check called
2026-07-19 12:02:04 - root - INFO - Health check called
2026-07-19 12:02:35 - root - INFO - Health check called
2026-07-19 12:03:05 - root - INFO - Health check called
2026-07-19 12:03:35 - root - INFO - Health check called
2026-07-19 12:04:05 - root - INFO - Health check called
2026-07-19 12:04:35 - root - INFO - Health check called
2026-07-19 12:05:06 - root - INFO - Health check called
2026-07-19 12:05:36 - root - INFO - Health check called
2026-07-19 12:06:06 - root - INFO - Health check called
2026-07-19 12:06:36 - root - INFO - Health check called
2026-07-19 12:07:06 - root - INFO - Health check called
2026-07-19 12:07:36 - root - INFO - Health check called
2026-07-19 12:08:07 - root - INFO - Health check called
2026-07-19 12:08:37 - root - INFO - Health check called
2026-07-19 12:09:07 - root - INFO - Health check called
2026-07-19 12:09:37 - root - INFO - Health check called
2026-07-19 12:10:07 - root - INFO - Health check called
2026-07-19 12:10:37 - root - INFO - Health check called
2026-07-19 12:11:08 - root - INFO - Health check called
2026-07-19 12:11:38 - root - INFO - Health check called
2026-07-19 12:12:08 - root - INFO - Health check called
2026-07-19 12:12:38 - root - INFO - Health check called
2026-07-19 12:13:08 - root - INFO - Health check called
2026-07-19 12:13:38 - root - INFO - Health check called
2026-07-19 12:14:09 - root - INFO - Health check called
2026-07-19 12:14:39 - root - INFO - Health check called
2026-07-19 12:15:09 - root - INFO - Health check called
2026-07-19 12:15:39 - root - INFO - Health check called
2026-07-19 12:16:09 - root - INFO - Health check called
2026-07-19 12:16:39 - root - INFO - Health check called
2026-07-19 12:17:10 - root - INFO - Health check called
2026-07-19 12:17:40 - root - INFO - Health check called
2026-07-19 12:18:10 - root - INFO - Health check called
2026-07-19 12:18:40 - root - INFO - Health check called
2026-07-19 12:19:10 - root - INFO - Health check called
2026-07-19 12:19:40 - root - INFO - Health check called
2026-07-19 12:20:11 - root - INFO - Health check called
2026-07-19 12:20:41 - root - INFO - Health check called
2026-07-19 12:21:11 - root - INFO - Health check called
2026-07-19 12:21:41 - root - INFO - Health check called
2026-07-19 12:22:11 - root - INFO - Health check called
2026-07-19 12:22:41 - root - INFO - Health check called
2026-07-19 12:23:12 - root - INFO - Health check called
2026-07-19 12:23:42 - root - INFO - Health check called
2026-07-19 12:24:12 - root - INFO - Health check called
2026-07-19 12:24:42 - root - INFO - Health check called
2026-07-19 12:25:12 - root - INFO - Health check called
2026-07-19 12:25:42 - root - INFO - Health check called
2026-07-19 12:26:12 - root - INFO - Health check called
2026-07-19 12:26:43 - root - INFO - Health check called
2026-07-19 12:27:13 - root - INFO - Health check called
2026-07-19 12:27:43 - root - INFO - Health check called
2026-07-19 12:28:13 - root - INFO - Health check called
2026-07-19 12:28:43 - root - INFO - Health check called
2026-07-19 12:29:13 - root - INFO - Health check called
2026-07-19 12:29:43 - root - INFO - Health check called
2026-07-19 12:30:14 - root - INFO - Health check called
2026-07-19 12:30:44 - root - INFO - Health check called
2026-07-19 12:31:14 - root - INFO - Health check called
2026-07-19 12:31:44 - root - INFO - Health check called
2026-07-19 12:32:14 - root - INFO - Health check called
2026-07-19 12:32:44 - root - INFO - Health check called
2026-07-19 12:33:14 - root - INFO - Health check called
2026-07-19 12:33:45 - root - INFO - Health check called
2026-07-19 12:34:15 - root - INFO - Health check called
2026-07-19 12:34:45 - root - INFO - Health check called
2026-07-19 12:35:15 - root - INFO - Health check called
2026-07-19 12:35:45 - root - INFO - Health check called
2026-07-19 12:36:15 - root - INFO - Health check called
2026-07-19 12:36:46 - root - INFO - Health check called
2026-07-19 12:37:16 - root - INFO - Health check called
2026-07-19 12:37:46 - root - INFO - Health check called
2026-07-19 12:38:16 - root - INFO - Health check called
2026-07-19 12:38:46 - root - INFO - Health check called
2026-07-19 12:39:16 - root - INFO - Health check called
2026-07-19 12:39:47 - root - INFO - Health check called
2026-07-19 12:40:17 - root - INFO - Health check called
2026-07-19 12:40:47 - root - INFO - Health check called
2026-07-19 12:41:17 - root - INFO - Health check called
2026-07-19 12:41:47 - root - INFO - Health check called
2026-07-19 12:42:17 - root - INFO - Health check called
2026-07-19 12:42:47 - root - INFO - Health check called
2026-07-19 12:43:18 - root - INFO - Health check called
2026-07-19 12:43:48 - root - INFO - Health check called
2026-07-19 12:44:18 - root - INFO - Health check called
2026-07-19 12:44:48 - root - INFO - Health check called
2026-07-19 12:45:18 - root - INFO - Health check called
2026-07-19 12:45:48 - root - INFO - Health check called
2026-07-19 12:46:18 - root - INFO - Health check called
2026-07-19 12:46:49 - root - INFO - Health check called
2026-07-19 12:47:19 - root - INFO - Health check called
2026-07-19 12:47:49 - root - INFO - Health check called
2026-07-19 12:48:19 - root - INFO - Health check called
2026-07-19 12:48:49 - root - INFO - Health check called
2026-07-19 12:49:19 - root - INFO - Health check called
2026-07-19 12:49:50 - root - INFO - Health check called
2026-07-19 12:50:20 - root - INFO - Health check called
2026-07-19 12:50:50 - root - INFO - Health check called
2026-07-19 12:51:20 - root - INFO - Health check called
2026-07-19 12:51:50 - root - INFO - Health check called
2026-07-19 12:52:20 - root - INFO - Health check called
2026-07-19 12:52:50 - root - INFO - Health check called
2026-07-19 12:53:21 - root - INFO - Health check called
2026-07-19 12:53:51 - root - INFO - Health check called
2026-07-19 12:54:21 - root - INFO - Health check called
2026-07-19 12:54:51 - root - INFO - Health check called
2026-07-19 12:55:21 - root - INFO - Health check called
2026-07-19 12:55:51 - root - INFO - Health check called
2026-07-19 12:56:22 - root - INFO - Health check called
2026-07-19 12:56:52 - root - INFO - Health check called
2026-07-19 12:57:22 - root - INFO - Health check called
2026-07-19 12:57:52 - root - INFO - Health check called
2026-07-19 12:58:22 - root - INFO - Health check called
2026-07-19 12:58:52 - root - INFO - Health check called
2026-07-19 12:59:23 - root - INFO - Health check called
2026-07-19 12:59:53 - root - INFO - Health check called
2026-07-19 13:04:39 - root - INFO - TELEGRAM_WEBHOOK_URL not set — skipping webhook registration
2026-07-19 13:04:41 - root - INFO - Health check called
2026-07-19 13:04:52 - app.api.v1.endpoints.users - INFO - MODIFIED get_garage called, has_new_code=True
2026-07-19 13:05:11 - root - INFO - Health check called
2026-07-19 13:05:27 - app.api.v1.endpoints.users - INFO - MODIFIED get_garage called, has_new_code=True
2026-07-19 13:05:42 - root - INFO - Health check called
2026-07-19 13:06:12 - root - INFO - Health check called
2026-07-19 13:06:42 - root - INFO - Health check called
2026-07-19 13:07:12 - root - INFO - Health check called
2026-07-19 13:07:42 - root - INFO - Health check called
2026-07-19 13:08:12 - root - INFO - Health check called
2026-07-19 13:08:43 - root - INFO - Health check called
2026-07-19 13:09:13 - root - INFO - Health check called
2026-07-19 13:09:43 - root - INFO - Health check called
2026-07-19 13:10:13 - root - INFO - Health check called
2026-07-19 13:10:43 - root - INFO - Health check called
2026-07-19 13:11:13 - root - INFO - Health check called
2026-07-19 13:11:43 - root - INFO - Health check called
2026-07-19 13:12:14 - root - INFO - Health check called
2026-07-19 13:12:44 - root - INFO - Health check called
2026-07-19 13:13:14 - root - INFO - Health check called
2026-07-19 13:13:44 - root - INFO - Health check called
2026-07-19 13:14:14 - root - INFO - Health check called
2026-07-19 13:14:44 - root - INFO - Health check called
2026-07-19 13:15:15 - root - INFO - Health check called
2026-07-19 13:15:45 - root - INFO - Health check called
2026-07-19 13:16:15 - root - INFO - Health check called
2026-07-19 13:16:45 - root - INFO - Health check called
2026-07-19 13:17:15 - root - INFO - Health check called
2026-07-19 13:17:45 - root - INFO - Health check called
2026-07-19 13:18:16 - root - INFO - Health check called
2026-07-19 13:18:46 - root - INFO - Health check called
2026-07-19 13:19:16 - root - INFO - Health check called
2026-07-19 13:19:46 - root - INFO - Health check called
2026-07-19 13:20:16 - root - INFO - Health check called
2026-07-19 13:20:46 - root - INFO - Health check called
2026-07-19 13:21:16 - root - INFO - Health check called
2026-07-19 13:21:47 - root - INFO - Health check called
2026-07-19 13:22:17 - root - INFO - Health check called
2026-07-19 13:22:47 - root - INFO - Health check called
2026-07-19 13:23:17 - root - INFO - Health check called
2026-07-19 13:23:47 - root - INFO - Health check called
2026-07-19 13:24:17 - root - INFO - Health check called
2026-07-19 13:24:47 - root - INFO - Health check called
2026-07-19 13:25:18 - root - INFO - Health check called
2026-07-19 13:25:48 - root - INFO - Health check called
2026-07-19 13:26:18 - root - INFO - Health check called
2026-07-19 13:26:48 - root - INFO - Health check called
2026-07-19 13:27:18 - root - INFO - Health check called
2026-07-19 13:27:48 - root - INFO - Health check called
2026-07-19 13:28:18 - root - INFO - Health check called
2026-07-19 13:28:49 - root - INFO - Health check called
2026-07-19 13:29:19 - root - INFO - Health check called
2026-07-19 13:29:49 - root - INFO - Health check called
2026-07-19 13:30:19 - root - INFO - Health check called
2026-07-19 13:30:49 - root - INFO - Health check called
2026-07-19 13:31:19 - root - INFO - Health check called
2026-07-19 13:31:49 - root - INFO - Health check called
2026-07-19 13:32:20 - root - INFO - Health check called
2026-07-19 13:32:50 - root - INFO - Health check called
2026-07-19 13:33:20 - root - INFO - Health check called
2026-07-19 13:33:50 - root - INFO - Health check called
2026-07-19 13:34:20 - root - INFO - Health check called
2026-07-19 13:34:51 - root - INFO - Health check called
2026-07-19 13:35:21 - root - INFO - Health check called
2026-07-19 13:35:51 - root - INFO - Health check called
2026-07-19 13:36:21 - root - INFO - Health check called
2026-07-19 13:36:51 - root - INFO - Health check called
2026-07-19 13:37:22 - root - INFO - Health check called
2026-07-19 13:37:52 - root - INFO - Health check called
2026-07-19 13:38:22 - root - INFO - Health check called
2026-07-19 13:38:52 - root - INFO - Health check called
2026-07-19 13:39:22 - root - INFO - Health check called
2026-07-19 13:39:52 - root - INFO - Health check called
2026-07-19 13:40:22 - root - INFO - Health check called
2026-07-19 13:40:53 - root - INFO - Health check called
2026-07-19 13:41:23 - root - INFO - Health check called
2026-07-19 13:41:53 - root - INFO - Health check called
2026-07-19 13:42:23 - root - INFO - Health check called
2026-07-19 13:42:53 - root - INFO - Health check called
2026-07-19 13:43:23 - root - INFO - Health check called
2026-07-19 13:43:53 - root - INFO - Health check called
2026-07-19 13:44:24 - root - INFO - Health check called
2026-07-19 13:44:54 - root - INFO - Health check called
2026-07-19 13:45:24 - root - INFO - Health check called
2026-07-19 13:45:54 - root - INFO - Health check called
2026-07-19 13:46:24 - root - INFO - Health check called
2026-07-19 13:46:54 - root - INFO - Health check called
2026-07-19 13:47:24 - root - INFO - Health check called
2026-07-19 13:47:55 - root - INFO - Health check called
2026-07-19 13:48:25 - root - INFO - Health check called
2026-07-19 13:48:55 - root - INFO - Health check called
2026-07-19 13:49:25 - root - INFO - Health check called
2026-07-19 13:49:55 - root - INFO - Health check called
2026-07-19 13:50:25 - root - INFO - Health check called
2026-07-19 13:50:56 - root - INFO - Health check called
2026-07-19 13:51:26 - root - INFO - Health check called
2026-07-19 13:51:56 - root - INFO - Health check called
2026-07-19 13:52:26 - root - INFO - Health check called
2026-07-19 13:52:56 - root - INFO - Health check called
2026-07-19 13:53:26 - root - INFO - Health check called
2026-07-19 13:53:56 - root - INFO - Health check called
2026-07-19 13:54:27 - root - INFO - Health check called
2026-07-19 13:54:57 - root - INFO - Health check called
2026-07-19 13:55:27 - root - INFO - Health check called
2026-07-19 13:55:57 - root - INFO - Health check called
2026-07-19 13:56:27 - root - INFO - Health check called
2026-07-19 13:56:57 - root - INFO - Health check called
2026-07-19 13:57:27 - root - INFO - Health check called
2026-07-19 13:57:58 - root - INFO - Health check called
2026-07-19 13:58:28 - root - INFO - Health check called
2026-07-19 13:58:58 - root - INFO - Health check called
2026-07-19 13:59:28 - root - INFO - Health check called
2026-07-19 13:59:58 - root - INFO - Health check called
2026-07-19 14:00:28 - root - INFO - Health check called
2026-07-19 14:00:59 - root - INFO - Health check called
2026-07-19 14:01:29 - root - INFO - Health check called
2026-07-19 14:01:59 - root - INFO - Health check called
2026-07-19 14:02:29 - root - INFO - Health check called
2026-07-19 14:02:59 - root - INFO - Health check called
2026-07-19 14:03:29 - root - INFO - Health check called
2026-07-19 14:03:59 - root - INFO - Health check called
2026-07-19 14:04:29 - root - INFO - Health check called
2026-07-19 14:05:00 - root - INFO - Health check called
2026-07-19 14:05:30 - root - INFO - Health check called
2026-07-19 14:06:00 - root - INFO - Health check called
2026-07-19 14:06:30 - root - INFO - Health check called
2026-07-19 14:07:00 - root - INFO - Health check called
2026-07-19 14:07:33 - root - INFO - Health check called
2026-07-19 14:08:03 - root - INFO - Health check called
2026-07-19 14:08:33 - root - INFO - Health check called
2026-07-19 14:09:03 - root - INFO - Health check called
2026-07-19 14:09:34 - root - INFO - Health check called
2026-07-19 14:10:04 - root - INFO - Health check called
2026-07-19 14:10:34 - root - INFO - Health check called
2026-07-19 14:11:04 - root - INFO - Health check called
2026-07-19 14:11:34 - root - INFO - Health check called
2026-07-19 14:12:04 - root - INFO - Health check called
2026-07-19 14:12:35 - root - INFO - Health check called
2026-07-19 14:13:05 - root - INFO - Health check called
2026-07-19 14:13:35 - root - INFO - Health check called
2026-07-19 14:14:05 - root - INFO - Health check called
2026-07-19 14:14:35 - root - INFO - Health check called
2026-07-19 14:15:05 - root - INFO - Health check called
2026-07-19 14:15:35 - root - INFO - Health check called
2026-07-19 14:16:06 - root - INFO - Health check called
2026-07-19 14:16:36 - root - INFO - Health check called
2026-07-19 14:17:06 - root - INFO - Health check called
2026-07-19 14:17:36 - root - INFO - Health check called
2026-07-19 14:18:06 - root - INFO - Health check called
2026-07-19 14:18:36 - root - INFO - Health check called
2026-07-19 14:19:06 - root - INFO - Health check called
2026-07-19 14:19:37 - root - INFO - Health check called
2026-07-19 14:20:07 - root - INFO - Health check called
2026-07-19 14:20:37 - root - INFO - Health check called
2026-07-19 14:21:07 - root - INFO - Health check called
2026-07-19 14:21:37 - root - INFO - Health check called
2026-07-19 14:22:07 - root - INFO - Health check called
2026-07-19 14:22:37 - root - INFO - Health check called
2026-07-19 14:23:07 - root - INFO - Health check called
2026-07-19 14:23:38 - root - INFO - Health check called
2026-07-19 14:24:08 - root - INFO - Health check called
2026-07-19 14:24:38 - root - INFO - Health check called
2026-07-19 14:25:08 - root - INFO - Health check called
2026-07-19 14:25:38 - root - INFO - Health check called
2026-07-19 14:26:08 - root - INFO - Health check called
2026-07-19 14:26:38 - root - INFO - Health check called
2026-07-19 14:27:09 - root - INFO - Health check called
2026-07-19 14:27:39 - root - INFO - Health check called
2026-07-19 14:28:09 - root - INFO - Health check called
2026-07-19 14:28:39 - root - INFO - Health check called
2026-07-19 14:29:09 - root - INFO - Health check called
2026-07-19 14:29:39 - root - INFO - Health check called
2026-07-19 14:30:10 - root - INFO - Health check called
2026-07-19 14:30:40 - root - INFO - Health check called
2026-07-19 14:31:10 - root - INFO - Health check called
2026-07-19 14:31:40 - root - INFO - Health check called
2026-07-19 14:32:10 - root - INFO - Health check called
2026-07-19 14:32:40 - root - INFO - Health check called
2026-07-19 14:33:10 - root - INFO - Health check called
2026-07-19 14:33:41 - root - INFO - Health check called
2026-07-19 14:34:11 - root - INFO - Health check called
2026-07-19 14:34:41 - root - INFO - Health check called
2026-07-19 14:35:11 - root - INFO - Health check called
2026-07-19 14:35:41 - root - INFO - Health check called
2026-07-19 14:36:11 - root - INFO - Health check called
2026-07-19 14:36:41 - root - INFO - Health check called
2026-07-19 14:37:12 - root - INFO - Health check called
2026-07-19 14:37:42 - root - INFO - Health check called
2026-07-19 14:38:12 - root - INFO - Health check called
2026-07-19 14:38:42 - root - INFO - Health check called
2026-07-19 14:39:12 - root - INFO - Health check called
2026-07-19 14:39:42 - root - INFO - Health check called
2026-07-19 14:40:12 - root - INFO - Health check called
2026-07-19 14:40:43 - root - INFO - Health check called
2026-07-19 14:41:13 - root - INFO - Health check called
2026-07-19 14:41:43 - root - INFO - Health check called
2026-07-19 14:42:13 - root - INFO - Health check called
2026-07-19 14:42:43 - root - INFO - Health check called
2026-07-19 14:43:13 - root - INFO - Health check called
2026-07-19 14:43:43 - root - INFO - Health check called
2026-07-19 14:44:14 - root - INFO - Health check called
2026-07-19 14:44:44 - root - INFO - Health check called
2026-07-19 14:45:14 - root - INFO - Health check called
2026-07-19 14:45:44 - root - INFO - Health check called
2026-07-19 14:46:14 - root - INFO - Health check called
2026-07-19 14:46:44 - root - INFO - Health check called
2026-07-19 14:47:14 - root - INFO - Health check called
2026-07-19 14:47:45 - root - INFO - Health check called
2026-07-19 14:48:15 - root - INFO - Health check called
2026-07-19 14:48:45 - root - INFO - Health check called
2026-07-19 14:49:15 - root - INFO - Health check called
2026-07-19 14:49:45 - root - INFO - Health check called
2026-07-19 14:50:15 - root - INFO - Health check called
2026-07-19 14:50:45 - root - INFO - Health check called
2026-07-19 14:51:16 - root - INFO - Health check called
2026-07-19 14:51:46 - root - INFO - Health check called
2026-07-19 14:52:16 - root - INFO - Health check called
2026-07-19 14:52:46 - root - INFO - Health check called
2026-07-19 14:53:16 - root - INFO - Health check called
2026-07-19 14:53:46 - root - INFO - Health check called
2026-07-19 14:54:16 - root - INFO - Health check called
2026-07-19 14:54:47 - root - INFO - Health check called
2026-07-19 14:55:17 - root - INFO - Health check called
2026-07-19 14:55:47 - root - INFO - Health check called
2026-07-19 14:56:17 - root - INFO - Health check called
2026-07-19 14:56:47 - root - INFO - Health check called
2026-07-19 14:57:17 - root - INFO - Health check called
2026-07-19 14:57:47 - root - INFO - Health check called
2026-07-19 14:58:18 - root - INFO - Health check called
2026-07-19 14:58:48 - root - INFO - Health check called
2026-07-19 14:59:18 - root - INFO - Health check called
2026-07-19 14:59:48 - root - INFO - Health check called
2026-07-19 15:00:18 - root - INFO - Health check called
2026-07-19 15:00:48 - root - INFO - Health check called
2026-07-19 15:01:18 - root - INFO - Health check called
2026-07-19 15:01:49 - root - INFO - Health check called
2026-07-19 15:02:19 - root - INFO - Health check called
2026-07-19 15:02:49 - root - INFO - Health check called
2026-07-19 15:03:19 - root - INFO - Health check called
2026-07-19 15:03:49 - root - INFO - Health check called
2026-07-19 15:04:19 - root - INFO - Health check called
2026-07-19 15:04:49 - root - INFO - Health check called
2026-07-19 15:05:20 - root - INFO - Health check called
2026-07-19 15:05:50 - root - INFO - Health check called
2026-07-19 15:06:20 - root - INFO - Health check called
2026-07-19 15:06:50 - root - INFO - Health check called
2026-07-19 15:07:20 - root - INFO - Health check called
2026-07-19 15:07:50 - root - INFO - Health check called
2026-07-19 15:08:20 - root - INFO - Health check called
2026-07-19 15:08:51 - root - INFO - Health check called
2026-07-19 15:09:21 - root - INFO - Health check called
2026-07-19 15:09:51 - root - INFO - Health check called
2026-07-19 15:10:21 - root - INFO - Health check called
2026-07-19 15:10:51 - root - INFO - Health check called
2026-07-19 15:11:21 - root - INFO - Health check called
2026-07-19 15:11:51 - root - INFO - Health check called
2026-07-19 15:12:22 - root - INFO - Health check called
2026-07-19 15:12:52 - root - INFO - Health check called
2026-07-19 15:13:22 - root - INFO - Health check called
2026-07-19 15:13:52 - root - INFO - Health check called
2026-07-19 15:14:22 - root - INFO - Health check called
2026-07-19 15:14:52 - root - INFO - Health check called
2026-07-19 15:15:23 - root - INFO - Health check called
2026-07-19 15:15:53 - root - INFO - Health check called
2026-07-19 15:16:23 - root - INFO - Health check called
2026-07-19 15:16:53 - root - INFO - Health check called
2026-07-19 15:17:23 - root - INFO - Health check called
2026-07-19 15:17:53 - root - INFO - Health check called
2026-07-19 15:18:23 - root - INFO - Health check called
2026-07-19 15:18:54 - root - INFO - Health check called
2026-07-19 15:19:24 - root - INFO - Health check called
2026-07-19 15:19:54 - root - INFO - Health check called
2026-07-19 15:20:24 - root - INFO - Health check called
2026-07-19 15:20:54 - root - INFO - Health check called
2026-07-19 15:21:24 - root - INFO - Health check called
2026-07-19 15:21:54 - root - INFO - Health check called
2026-07-19 15:22:25 - root - INFO - Health check called
2026-07-19 15:22:55 - root - INFO - Health check called
2026-07-19 15:23:25 - root - INFO - Health check called
2026-07-19 15:23:55 - root - INFO - Health check called
2026-07-19 15:24:25 - root - INFO - Health check called
2026-07-19 15:24:55 - root - INFO - Health check called
2026-07-19 15:25:25 - root - INFO - Health check called
2026-07-19 15:25:56 - root - INFO - Health check called
2026-07-19 15:26:26 - root - INFO - Health check called
2026-07-19 15:26:56 - root - INFO - Health check called
2026-07-19 15:27:26 - root - INFO - Health check called
2026-07-19 15:27:56 - root - INFO - Health check called
2026-07-19 15:28:26 - root - INFO - Health check called
2026-07-19 15:28:56 - root - INFO - Health check called
2026-07-19 15:29:27 - root - INFO - Health check called
2026-07-19 15:29:57 - root - INFO - Health check called
2026-07-19 15:30:27 - root - INFO - Health check called
2026-07-19 15:30:57 - root - INFO - Health check called
2026-07-19 15:31:27 - root - INFO - Health check called
2026-07-19 15:31:57 - root - INFO - Health check called
2026-07-19 15:32:27 - root - INFO - Health check called
2026-07-19 15:32:58 - root - INFO - Health check called
2026-07-19 15:33:28 - root - INFO - Health check called
2026-07-19 15:33:58 - root - INFO - Health check called
2026-07-19 15:34:28 - root - INFO - Health check called
2026-07-19 15:34:58 - root - INFO - Health check called
2026-07-19 15:35:28 - root - INFO - Health check called
2026-07-19 15:35:59 - root - INFO - Health check called
2026-07-19 15:36:29 - root - INFO - Health check called
2026-07-19 15:36:59 - root - INFO - Health check called
2026-07-19 15:37:29 - root - INFO - Health check called
2026-07-19 15:37:59 - root - INFO - Health check called
2026-07-19 15:38:29 - root - INFO - Health check called
2026-07-19 15:38:59 - root - INFO - Health check called
2026-07-19 15:39:30 - root - INFO - Health check called
2026-07-19 15:40:00 - root - INFO - Health check called
2026-07-19 15:40:30 - root - INFO - Health check called
2026-07-19 15:41:00 - root - INFO - Health check called
2026-07-19 15:41:30 - root - INFO - Health check called
2026-07-19 15:42:00 - root - INFO - Health check called
2026-07-19 15:42:30 - root - INFO - Health check called
2026-07-19 15:43:01 - root - INFO - Health check called
2026-07-19 15:43:31 - root - INFO - Health check called
2026-07-19 15:44:01 - root - INFO - Health check called
2026-07-19 15:44:31 - root - INFO - Health check called
2026-07-19 15:45:01 - root - INFO - Health check called
2026-07-19 15:45:31 - root - INFO - Health check called
2026-07-19 15:46:01 - root - INFO - Health check called
2026-07-19 15:46:32 - root - INFO - Health check called
2026-07-19 15:47:02 - root - INFO - Health check called
2026-07-19 15:47:32 - root - INFO - Health check called
2026-07-19 15:48:02 - root - INFO - Health check called
2026-07-19 15:48:32 - root - INFO - Health check called
2026-07-19 15:49:02 - root - INFO - Health check called
2026-07-19 15:49:32 - root - INFO - Health check called
2026-07-19 15:50:03 - root - INFO - Health check called
2026-07-19 15:50:33 - root - INFO - Health check called
2026-07-19 15:51:03 - root - INFO - Health check called
2026-07-19 15:51:33 - root - INFO - Health check called
2026-07-19 15:52:03 - root - INFO - Health check called
2026-07-19 15:52:33 - root - INFO - Health check called
2026-07-19 15:53:03 - root - INFO - Health check called
2026-07-19 15:53:34 - root - INFO - Health check called
2026-07-19 15:54:04 - root - INFO - Health check called
2026-07-19 15:54:34 - root - INFO - Health check called
2026-07-19 15:55:04 - root - INFO - Health check called
2026-07-19 15:55:34 - root - INFO - Health check called
2026-07-19 15:56:04 - root - INFO - Health check called
2026-07-19 15:56:34 - root - INFO - Health check called
2026-07-19 15:57:05 - root - INFO - Health check called
2026-07-19 15:57:35 - root - INFO - Health check called
2026-07-19 15:58:05 - root - INFO - Health check called
2026-07-19 15:58:35 - root - INFO - Health check called
2026-07-19 15:59:05 - root - INFO - Health check called
2026-07-19 15:59:35 - root - INFO - Health check called
2026-07-19 16:00:05 - root - INFO - Health check called
2026-07-19 16:00:36 - root - INFO - Health check called
2026-07-19 16:01:06 - root - INFO - Health check called
2026-07-19 16:01:36 - root - INFO - Health check called
2026-07-19 16:02:06 - root - INFO - Health check called
2026-07-19 16:02:36 - root - INFO - Health check called
2026-07-19 16:03:06 - root - INFO - Health check called
2026-07-19 16:03:37 - root - INFO - Health check called
2026-07-19 16:04:07 - root - INFO - Health check called
2026-07-19 16:04:37 - root - INFO - Health check called
2026-07-19 16:05:07 - root - INFO - Health check called
2026-07-19 16:05:37 - root - INFO - Health check called
2026-07-19 16:06:07 - root - INFO - Health check called
2026-07-19 16:06:37 - root - INFO - Health check called
2026-07-19 16:07:08 - root - INFO - Health check called
2026-07-19 16:07:38 - root - INFO - Health check called
2026-07-19 16:08:08 - root - INFO - Health check called
2026-07-19 16:08:38 - root - INFO - Health check called
2026-07-19 16:09:08 - root - INFO - Health check called
2026-07-19 16:09:38 - root - INFO - Health check called
2026-07-19 16:10:08 - root - INFO - Health check called
2026-07-19 16:10:39 - root - INFO - Health check called
2026-07-19 16:11:09 - root - INFO - Health check called
2026-07-19 16:11:39 - root - INFO - Health check called
2026-07-19 16:12:09 - root - INFO - Health check called
2026-07-19 16:12:39 - root - INFO - Health check called
2026-07-19 16:13:09 - root - INFO - Health check called
2026-07-19 16:13:39 - root - INFO - Health check called
2026-07-19 16:14:10 - root - INFO - Health check called
2026-07-19 16:14:40 - root - INFO - Health check called
2026-07-19 16:15:10 - root - INFO - Health check called
2026-07-19 16:15:40 - root - INFO - Health check called
2026-07-19 16:16:10 - root - INFO - Health check called
2026-07-19 16:16:40 - root - INFO - Health check called
2026-07-19 16:17:10 - root - INFO - Health check called
2026-07-19 16:17:41 - root - INFO - Health check called
2026-07-19 16:18:11 - root - INFO - Health check called
2026-07-19 16:18:41 - root - INFO - Health check called
2026-07-19 16:19:11 - root - INFO - Health check called
2026-07-19 16:19:41 - root - INFO - Health check called
2026-07-19 16:20:11 - root - INFO - Health check called
2026-07-19 16:20:42 - root - INFO - Health check called
2026-07-19 16:21:12 - root - INFO - Health check called
2026-07-19 16:21:42 - root - INFO - Health check called
2026-07-19 16:22:12 - root - INFO - Health check called
2026-07-19 16:22:42 - root - INFO - Health check called
2026-07-19 16:23:12 - root - INFO - Health check called
2026-07-19 16:23:42 - root - INFO - Health check called
2026-07-19 16:24:13 - root - INFO - Health check called
2026-07-19 16:24:43 - root - INFO - Health check called
2026-07-19 16:25:13 - root - INFO - Health check called
2026-07-19 16:25:43 - root - INFO - Health check called
2026-07-19 16:26:13 - root - INFO - Health check called
2026-07-19 16:26:43 - root - INFO - Health check called
2026-07-19 16:27:13 - root - INFO - Health check called
2026-07-19 16:27:44 - root - INFO - Health check called
2026-07-19 16:28:14 - root - INFO - Health check called
2026-07-19 16:28:44 - root - INFO - Health check called
2026-07-19 16:29:14 - root - INFO - Health check called
2026-07-19 16:29:44 - root - INFO - Health check called
2026-07-19 16:30:14 - root - INFO - Health check called
2026-07-19 16:30:44 - root - INFO - Health check called
2026-07-19 16:31:15 - root - INFO - Health check called
2026-07-19 16:31:45 - root - INFO - Health check called
2026-07-19 16:32:15 - root - INFO - Health check called
2026-07-19 16:32:45 - root - INFO - Health check called
2026-07-19 16:33:15 - root - INFO - Health check called
2026-07-19 16:33:45 - root - INFO - Health check called
2026-07-19 16:34:15 - root - INFO - Health check called
2026-07-19 16:34:46 - root - INFO - Health check called
2026-07-19 16:35:16 - root - INFO - Health check called
2026-07-19 16:35:46 - root - INFO - Health check called
2026-07-19 16:36:16 - root - INFO - Health check called
2026-07-19 16:36:46 - root - INFO - Health check called
2026-07-19 16:37:16 - root - INFO - Health check called
2026-07-19 16:37:46 - root - INFO - Health check called
2026-07-19 16:38:17 - root - INFO - Health check called
2026-07-19 16:38:47 - root - INFO - Health check called
2026-07-19 16:39:17 - root - INFO - Health check called
2026-07-19 16:39:47 - root - INFO - Health check called
2026-07-19 16:40:17 - root - INFO - Health check called
2026-07-19 16:40:47 - root - INFO - Health check called
2026-07-19 16:41:17 - root - INFO - Health check called
2026-07-19 16:41:48 - root - INFO - Health check called
2026-07-19 16:42:18 - root - INFO - Health check called
2026-07-19 16:42:48 - root - INFO - Health check called
2026-07-19 16:43:18 - root - INFO - Health check called
2026-07-19 16:43:48 - root - INFO - Health check called
2026-07-19 16:44:18 - root - INFO - Health check called
2026-07-19 16:44:48 - root - INFO - Health check called
2026-07-19 16:45:19 - root - INFO - Health check called
2026-07-19 16:45:49 - root - INFO - Health check called
2026-07-19 16:46:19 - root - INFO - Health check called
2026-07-19 16:46:49 - root - INFO - Health check called
2026-07-19 16:47:19 - root - INFO - Health check called
2026-07-19 16:47:49 - root - INFO - Health check called
2026-07-19 16:48:19 - root - INFO - Health check called
2026-07-19 16:48:50 - root - INFO - Health check called
2026-07-19 16:49:20 - root - INFO - Health check called
2026-07-19 16:49:50 - root - INFO - Health check called
2026-07-19 16:50:20 - root - INFO - Health check called
2026-07-19 16:50:50 - root - INFO - Health check called
2026-07-19 16:51:20 - root - INFO - Health check called
2026-07-19 16:51:51 - root - INFO - Health check called
2026-07-19 16:52:21 - root - INFO - Health check called
2026-07-19 16:52:51 - root - INFO - Health check called
2026-07-19 16:53:21 - root - INFO - Health check called
2026-07-19 16:53:51 - root - INFO - Health check called
2026-07-19 16:54:21 - root - INFO - Health check called
2026-07-19 16:54:52 - root - INFO - Health check called
2026-07-19 16:55:22 - root - INFO - Health check called
2026-07-19 16:55:52 - root - INFO - Health check called
2026-07-19 16:56:22 - root - INFO - Health check called
2026-07-19 16:56:52 - root - INFO - Health check called
2026-07-19 16:57:22 - root - INFO - Health check called
2026-07-19 16:57:52 - root - INFO - Health check called
2026-07-19 16:58:22 - root - INFO - Health check called
2026-07-19 16:58:52 - root - INFO - Health check called
2026-07-19 16:59:23 - root - INFO - Health check called
2026-07-19 16:59:53 - root - INFO - Health check called
2026-07-19 17:00:23 - root - INFO - Health check called
2026-07-19 17:00:53 - root - INFO - Health check called
2026-07-19 17:01:23 - root - INFO - Health check called
2026-07-19 17:01:53 - root - INFO - Health check called
2026-07-19 17:02:23 - root - INFO - Health check called
2026-07-19 17:02:54 - root - INFO - Health check called
2026-07-19 17:03:24 - root - INFO - Health check called
2026-07-19 17:03:54 - root - INFO - Health check called
2026-07-19 17:04:24 - root - INFO - Health check called
2026-07-19 17:04:54 - root - INFO - Health check called
2026-07-19 17:05:24 - root - INFO - Health check called
2026-07-19 17:05:54 - root - INFO - Health check called
2026-07-19 17:06:24 - root - INFO - Health check called
2026-07-19 17:06:55 - root - INFO - Health check called
2026-07-19 17:07:25 - root - INFO - Health check called
2026-07-19 17:07:55 - root - INFO - Health check called
2026-07-19 17:08:25 - root - INFO - Health check called
2026-07-19 17:08:55 - root - INFO - Health check called
2026-07-19 17:09:25 - root - INFO - Health check called
2026-07-19 17:09:55 - root - INFO - Health check called
2026-07-19 17:10:26 - root - INFO - Health check called
2026-07-19 17:10:56 - root - INFO - Health check called
2026-07-19 17:11:26 - root - INFO - Health check called
2026-07-19 17:11:56 - root - INFO - Health check called
2026-07-19 17:12:26 - root - INFO - Health check called
2026-07-19 17:12:56 - root - INFO - Health check called
2026-07-19 17:13:26 - root - INFO - Health check called
2026-07-19 17:13:57 - root - INFO - Health check called
2026-07-19 17:14:27 - root - INFO - Health check called
2026-07-19 17:14:57 - root - INFO - Health check called
2026-07-19 17:15:27 - root - INFO - Health check called
2026-07-19 17:15:57 - root - INFO - Health check called
2026-07-19 17:16:27 - root - INFO - Health check called
2026-07-19 17:16:57 - root - INFO - Health check called
2026-07-19 17:17:28 - root - INFO - Health check called
2026-07-19 17:17:58 - root - INFO - Health check called
2026-07-19 17:18:28 - root - INFO - Health check called
2026-07-19 17:18:58 - root - INFO - Health check called
2026-07-19 17:19:28 - root - INFO - Health check called
2026-07-19 17:19:58 - root - INFO - Health check called
2026-07-19 17:20:28 - root - INFO - Health check called
2026-07-19 17:20:59 - root - INFO - Health check called
2026-07-19 17:21:29 - root - INFO - Health check called
2026-07-19 17:21:59 - root - INFO - Health check called
2026-07-19 17:22:29 - root - INFO - Health check called
2026-07-19 17:22:59 - root - INFO - Health check called
2026-07-19 17:23:29 - root - INFO - Health check called
2026-07-19 17:23:59 - root - INFO - Health check called
2026-07-19 17:24:29 - root - INFO - Health check called
2026-07-19 17:25:00 - root - INFO - Health check called
2026-07-19 17:25:30 - root - INFO - Health check called
2026-07-19 17:26:00 - root - INFO - Health check called
2026-07-19 17:26:30 - root - INFO - Health check called
2026-07-19 17:27:00 - root - INFO - Health check called
2026-07-19 17:27:30 - root - INFO - Health check called
2026-07-19 17:28:01 - root - INFO - Health check called
2026-07-19 17:28:31 - root - INFO - Health check called
2026-07-19 17:29:01 - root - INFO - Health check called
2026-07-19 17:29:31 - root - INFO - Health check called
2026-07-19 17:30:01 - root - INFO - Health check called
2026-07-19 17:30:31 - root - INFO - Health check called
2026-07-19 17:31:01 - root - INFO - Health check called
2026-07-19 17:31:31 - root - INFO - Health check called
2026-07-19 17:32:02 - root - INFO - Health check called
2026-07-19 17:32:32 - root - INFO - Health check called
2026-07-19 17:33:02 - root - INFO - Health check called
2026-07-19 17:33:32 - root - INFO - Health check called
2026-07-19 17:34:02 - root - INFO - Health check called
2026-07-19 17:34:32 - root - INFO - Health check called
2026-07-19 17:35:02 - root - INFO - Health check called
2026-07-19 17:35:33 - root - INFO - Health check called
2026-07-19 17:36:03 - root - INFO - Health check called
2026-07-19 17:36:33 - root - INFO - Health check called
2026-07-19 17:37:03 - root - INFO - Health check called
2026-07-19 17:37:33 - root - INFO - Health check called
2026-07-19 17:38:03 - root - INFO - Health check called
2026-07-19 17:38:33 - root - INFO - Health check called
2026-07-19 17:39:04 - root - INFO - Health check called
2026-07-19 17:39:34 - root - INFO - Health check called
2026-07-19 17:40:04 - root - INFO - Health check called
2026-07-19 17:40:34 - root - INFO - Health check called
2026-07-19 17:41:04 - root - INFO - Health check called
2026-07-19 17:41:34 - root - INFO - Health check called
2026-07-19 17:42:04 - root - INFO - Health check called
2026-07-19 17:42:35 - root - INFO - Health check called
2026-07-19 17:43:05 - root - INFO - Health check called
2026-07-19 17:43:35 - root - INFO - Health check called
2026-07-19 17:44:05 - root - INFO - Health check called
2026-07-19 17:44:35 - root - INFO - Health check called
2026-07-19 17:45:05 - root - INFO - Health check called
2026-07-19 17:45:35 - root - INFO - Health check called
2026-07-19 17:46:06 - root - INFO - Health check called
2026-07-19 17:46:36 - root - INFO - Health check called
2026-07-19 17:47:06 - root - INFO - Health check called
2026-07-19 17:47:36 - root - INFO - Health check called
2026-07-19 17:48:06 - root - INFO - Health check called
2026-07-19 17:48:36 - root - INFO - Health check called
2026-07-19 17:49:06 - root - INFO - Health check called
2026-07-19 17:49:37 - root - INFO - Health check called
2026-07-19 17:50:07 - root - INFO - Health check called
2026-07-19 17:50:37 - root - INFO - Health check called
2026-07-19 17:51:07 - root - INFO - Health check called
2026-07-19 17:51:37 - root - INFO - Health check called
2026-07-19 17:52:07 - root - INFO - Health check called
2026-07-19 17:52:37 - root - INFO - Health check called
2026-07-19 17:53:08 - root - INFO - Health check called
2026-07-19 17:53:38 - root - INFO - Health check called
2026-07-19 17:54:08 - root - INFO - Health check called
2026-07-19 17:54:38 - root - INFO - Health check called
2026-07-19 17:55:08 - root - INFO - Health check called
2026-07-19 17:55:38 - root - INFO - Health check called
2026-07-19 17:56:08 - root - INFO - Health check called
2026-07-19 17:56:39 - root - INFO - Health check called
2026-07-19 17:57:09 - root - INFO - Health check called
2026-07-19 17:57:39 - root - INFO - Health check called
2026-07-19 17:58:09 - root - INFO - Health check called
2026-07-19 17:58:39 - root - INFO - Health check called
2026-07-19 17:59:09 - root - INFO - Health check called
2026-07-19 17:59:39 - root - INFO - Health check called
2026-07-19 18:00:10 - root - INFO - Health check called
2026-07-19 18:00:40 - root - INFO - Health check called
2026-07-19 18:01:10 - root - INFO - Health check called
2026-07-19 18:01:40 - root - INFO - Health check called
2026-07-19 18:02:10 - root - INFO - Health check called
2026-07-19 18:02:40 - root - INFO - Health check called
2026-07-19 18:03:10 - root - INFO - Health check called
2026-07-19 18:03:40 - root - INFO - Health check called
2026-07-19 18:04:11 - root - INFO - Health check called
2026-07-19 18:04:41 - root - INFO - Health check called
2026-07-19 18:05:11 - root - INFO - Health check called
2026-07-19 18:05:41 - root - INFO - Health check called
2026-07-19 18:06:11 - root - INFO - Health check called
2026-07-19 18:06:41 - root - INFO - Health check called
2026-07-19 18:07:11 - root - INFO - Health check called
2026-07-19 18:07:42 - root - INFO - Health check called
2026-07-19 18:08:12 - root - INFO - Health check called
2026-07-19 18:08:42 - root - INFO - Health check called
2026-07-19 18:09:12 - root - INFO - Health check called
2026-07-19 18:09:42 - root - INFO - Health check called
2026-07-19 18:10:12 - root - INFO - Health check called
2026-07-19 18:10:42 - root - INFO - Health check called
2026-07-19 18:11:13 - root - INFO - Health check called
2026-07-19 18:11:43 - root - INFO - Health check called
2026-07-19 18:12:13 - root - INFO - Health check called
2026-07-19 18:12:43 - root - INFO - Health check called
2026-07-19 18:13:13 - root - INFO - Health check called
2026-07-19 18:13:43 - root - INFO - Health check called
2026-07-19 18:14:13 - root - INFO - Health check called
2026-07-19 18:14:44 - root - INFO - Health check called
2026-07-19 18:15:14 - root - INFO - Health check called
2026-07-19 18:15:44 - root - INFO - Health check called
2026-07-19 18:16:14 - root - INFO - Health check called
2026-07-19 18:16:44 - root - INFO - Health check called
2026-07-19 18:17:14 - root - INFO - Health check called
2026-07-19 18:17:44 - root - INFO - Health check called
2026-07-19 18:18:15 - root - INFO - Health check called
2026-07-19 18:18:45 - root - INFO - Health check called
2026-07-19 18:19:15 - root - INFO - Health check called
2026-07-19 18:19:45 - root - INFO - Health check called
2026-07-19 18:20:15 - root - INFO - Health check called
2026-07-19 18:20:45 - root - INFO - Health check called
2026-07-19 18:21:15 - root - INFO - Health check called
2026-07-19 18:21:46 - root - INFO - Health check called
2026-07-19 18:22:16 - root - INFO - Health check called
2026-07-19 18:22:46 - root - INFO - Health check called
2026-07-19 18:23:16 - root - INFO - Health check called
2026-07-19 18:23:46 - root - INFO - Health check called
2026-07-19 18:24:16 - root - INFO - Health check called
2026-07-19 18:24:46 - root - INFO - Health check called
2026-07-19 18:25:16 - root - INFO - Health check called
2026-07-19 18:25:47 - root - INFO - Health check called
2026-07-19 18:26:17 - root - INFO - Health check called
2026-07-19 18:26:47 - root - INFO - Health check called
2026-07-19 18:27:17 - root - INFO - Health check called
2026-07-19 18:27:47 - root - INFO - Health check called
2026-07-19 18:28:17 - root - INFO - Health check called
2026-07-19 18:28:47 - root - INFO - Health check called
2026-07-19 18:29:18 - root - INFO - Health check called
2026-07-19 18:29:48 - root - INFO - Health check called
2026-07-19 18:30:18 - root - INFO - Health check called
2026-07-19 18:30:48 - root - INFO - Health check called
2026-07-19 18:31:18 - root - INFO - Health check called
2026-07-19 18:31:48 - root - INFO - Health check called
2026-07-19 18:32:18 - root - INFO - Health check called
2026-07-19 18:32:49 - root - INFO - Health check called
2026-07-19 18:33:19 - root - INFO - Health check called
2026-07-19 18:33:49 - root - INFO - Health check called
2026-07-19 18:34:19 - root - INFO - Health check called
2026-07-19 18:34:49 - root - INFO - Health check called
2026-07-19 18:35:19 - root - INFO - Health check called
2026-07-19 18:35:49 - root - INFO - Health check called
2026-07-19 18:36:20 - root - INFO - Health check called
2026-07-19 18:36:50 - root - INFO - Health check called
2026-07-19 18:37:20 - root - INFO - Health check called
2026-07-19 18:37:50 - root - INFO - Health check called
2026-07-19 18:38:20 - root - INFO - Health check called
2026-07-19 18:38:50 - root - INFO - Health check called
2026-07-19 18:39:20 - root - INFO - Health check called
2026-07-19 18:39:51 - root - INFO - Health check called
2026-07-19 18:40:21 - root - INFO - Health check called
2026-07-19 18:40:51 - root - INFO - Health check called
2026-07-19 18:41:21 - root - INFO - Health check called
2026-07-19 18:41:51 - root - INFO - Health check called
2026-07-19 18:42:21 - root - INFO - Health check called
2026-07-19 18:42:51 - root - INFO - Health check called
2026-07-19 18:43:22 - root - INFO - Health check called
2026-07-19 18:43:52 - root - INFO - Health check called
2026-07-19 18:44:22 - root - INFO - Health check called
2026-07-19 18:44:52 - root - INFO - Health check called
2026-07-19 18:45:22 - root - INFO - Health check called
2026-07-19 18:45:52 - root - INFO - Health check called
2026-07-19 18:46:22 - root - INFO - Health check called
2026-07-19 18:46:53 - root - INFO - Health check called
2026-07-19 18:47:23 - root - INFO - Health check called
2026-07-19 18:47:53 - root - INFO - Health check called
2026-07-19 18:48:23 - root - INFO - Health check called
2026-07-19 18:48:53 - root - INFO - Health check called
2026-07-19 18:49:23 - root - INFO - Health check called
2026-07-19 18:49:53 - root - INFO - Health check called
2026-07-19 18:50:24 - root - INFO - Health check called
2026-07-19 18:50:54 - root - INFO - Health check called
2026-07-19 18:51:24 - root - INFO - Health check called
2026-07-19 18:51:54 - root - INFO - Health check called
2026-07-19 18:52:24 - root - INFO - Health check called
2026-07-19 18:52:54 - root - INFO - Health check called
2026-07-19 18:53:24 - root - INFO - Health check called
2026-07-19 18:53:54 - root - INFO - Health check called
2026-07-19 18:54:25 - root - INFO - Health check called
2026-07-19 18:54:55 - root - INFO - Health check called
2026-07-19 18:55:25 - root - INFO - Health check called
2026-07-19 18:55:55 - root - INFO - Health check called
2026-07-19 18:56:25 - root - INFO - Health check called
2026-07-19 18:56:55 - root - INFO - Health check called
2026-07-19 18:57:25 - root - INFO - Health check called
2026-07-19 18:57:56 - root - INFO - Health check called
2026-07-19 18:58:26 - root - INFO - Health check called
2026-07-19 18:58:56 - root - INFO - Health check called
2026-07-19 18:59:26 - root - INFO - Health check called
2026-07-19 18:59:56 - root - INFO - Health check called
2026-07-19 19:00:26 - root - INFO - Health check called
2026-07-19 19:00:56 - root - INFO - Health check called
2026-07-19 19:01:27 - root - INFO - Health check called
2026-07-19 19:01:57 - root - INFO - Health check called
2026-07-19 19:02:27 - root - INFO - Health check called
2026-07-19 19:02:57 - root - INFO - Health check called
2026-07-19 19:03:27 - root - INFO - Health check called
2026-07-19 19:03:57 - root - INFO - Health check called
2026-07-19 19:04:27 - root - INFO - Health check called
2026-07-19 19:04:58 - root - INFO - Health check called
2026-07-19 19:05:28 - root - INFO - Health check called
2026-07-19 19:05:58 - root - INFO - Health check called
2026-07-19 19:06:28 - root - INFO - Health check called
2026-07-19 19:06:58 - root - INFO - Health check called
2026-07-19 19:07:28 - root - INFO - Health check called
2026-07-19 19:07:58 - root - INFO - Health check called
2026-07-19 19:08:28 - root - INFO - Health check called
2026-07-19 19:08:59 - root - INFO - Health check called
2026-07-19 19:09:29 - root - INFO - Health check called
2026-07-19 19:09:59 - root - INFO - Health check called
2026-07-19 19:10:29 - root - INFO - Health check called
2026-07-19 19:10:59 - root - INFO - Health check called
2026-07-19 19:11:29 - root - INFO - Health check called
2026-07-19 19:11:59 - root - INFO - Health check called
2026-07-19 19:12:30 - root - INFO - Health check called
2026-07-19 19:13:00 - root - INFO - Health check called
2026-07-19 19:13:30 - root - INFO - Health check called
2026-07-19 19:14:00 - root - INFO - Health check called
2026-07-19 19:14:30 - root - INFO - Health check called
2026-07-19 19:15:00 - root - INFO - Health check called
2026-07-19 19:15:30 - root - INFO - Health check called
2026-07-19 19:16:01 - root - INFO - Health check called
2026-07-19 19:16:31 - root - INFO - Health check called
2026-07-19 19:17:01 - root - INFO - Health check called
2026-07-19 19:17:31 - root - INFO - Health check called
2026-07-19 19:18:01 - root - INFO - Health check called
2026-07-19 19:18:31 - root - INFO - Health check called
2026-07-19 19:19:01 - root - INFO - Health check called
2026-07-19 19:19:32 - root - INFO - Health check called
2026-07-19 19:20:02 - root - INFO - Health check called
2026-07-19 19:20:32 - root - INFO - Health check called
2026-07-19 19:21:02 - root - INFO - Health check called
2026-07-19 19:21:32 - root - INFO - Health check called
2026-07-19 19:22:02 - root - INFO - Health check called
2026-07-19 19:22:32 - root - INFO - Health check called
2026-07-19 19:23:03 - root - INFO - Health check called
2026-07-19 19:23:33 - root - INFO - Health check called
2026-07-19 19:24:03 - root - INFO - Health check called
2026-07-19 19:24:33 - root - INFO - Health check called
2026-07-19 19:25:03 - root - INFO - Health check called
2026-07-19 19:25:33 - root - INFO - Health check called
2026-07-19 19:26:03 - root - INFO - Health check called
2026-07-19 19:26:34 - root - INFO - Health check called
2026-07-19 19:27:04 - root - INFO - Health check called
2026-07-19 19:27:34 - root - INFO - Health check called
2026-07-19 19:28:04 - root - INFO - Health check called
2026-07-19 19:28:34 - root - INFO - Health check called
2026-07-19 19:29:04 - root - INFO - Health check called
2026-07-19 19:29:34 - root - INFO - Health check called
2026-07-19 19:30:05 - root - INFO - Health check called
2026-07-19 19:30:35 - root - INFO - Health check called
2026-07-19 19:31:05 - root - INFO - Health check called
2026-07-19 19:31:35 - root - INFO - Health check called
2026-07-19 19:32:05 - root - INFO - Health check called
2026-07-19 19:32:35 - root - INFO - Health check called
2026-07-19 19:33:05 - root - INFO - Health check called
2026-07-19 19:33:36 - root - INFO - Health check called
2026-07-19 19:34:06 - root - INFO - Health check called
2026-07-19 19:34:36 - root - INFO - Health check called
2026-07-19 19:35:06 - root - INFO - Health check called
2026-07-19 19:35:36 - root - INFO - Health check called
2026-07-19 19:36:06 - root - INFO - Health check called
2026-07-19 19:36:36 - root - INFO - Health check called
2026-07-19 19:37:07 - root - INFO - Health check called
2026-07-19 19:37:37 - root - INFO - Health check called
2026-07-19 19:38:07 - root - INFO - Health check called
2026-07-19 19:38:37 - root - INFO - Health check called
2026-07-19 19:39:07 - root - INFO - Health check called
2026-07-19 19:39:37 - root - INFO - Health check called
2026-07-19 19:40:07 - root - INFO - Health check called
2026-07-19 19:40:38 - root - INFO - Health check called
2026-07-19 19:41:08 - root - INFO - Health check called
2026-07-19 19:41:38 - root - INFO - Health check called
2026-07-19 19:42:08 - root - INFO - Health check called
2026-07-19 19:42:38 - root - INFO - Health check called
2026-07-19 19:43:08 - root - INFO - Health check called
2026-07-19 19:43:38 - root - INFO - Health check called
2026-07-19 19:44:08 - root - INFO - Health check called
2026-07-19 19:44:39 - root - INFO - Health check called
2026-07-19 19:45:09 - root - INFO - Health check called
2026-07-19 19:45:39 - root - INFO - Health check called
2026-07-19 19:46:09 - root - INFO - Health check called
2026-07-19 19:46:39 - root - INFO - Health check called
2026-07-19 19:47:09 - root - INFO - Health check called
2026-07-19 19:47:39 - root - INFO - Health check called
2026-07-19 19:48:10 - root - INFO - Health check called
2026-07-19 19:48:40 - root - INFO - Health check called
2026-07-19 19:49:10 - root - INFO - Health check called
2026-07-19 19:49:40 - root - INFO - Health check called
2026-07-19 19:50:10 - root - INFO - Health check called
2026-07-19 19:50:40 - root - INFO - Health check called
2026-07-19 19:51:10 - root - INFO - Health check called
2026-07-19 19:51:41 - root - INFO - Health check called
2026-07-19 19:52:11 - root - INFO - Health check called
2026-07-19 19:52:41 - root - INFO - Health check called
2026-07-19 19:53:11 - root - INFO - Health check called
2026-07-19 19:53:41 - root - INFO - Health check called
2026-07-19 19:54:11 - root - INFO - Health check called
2026-07-19 19:54:41 - root - INFO - Health check called
2026-07-19 19:55:12 - root - INFO - Health check called
2026-07-19 19:55:42 - root - INFO - Health check called
2026-07-19 19:56:12 - root - INFO - Health check called
2026-07-19 19:56:42 - root - INFO - Health check called
2026-07-19 19:57:12 - root - INFO - Health check called
2026-07-19 19:57:42 - root - INFO - Health check called
2026-07-19 19:58:12 - root - INFO - Health check called
2026-07-19 19:58:43 - root - INFO - Health check called
2026-07-19 19:59:13 - root - INFO - Health check called
2026-07-19 19:59:43 - root - INFO - Health check called
2026-07-19 20:00:13 - root - INFO - Health check called
2026-07-19 20:00:43 - root - INFO - Health check called
2026-07-19 20:01:13 - root - INFO - Health check called
2026-07-19 20:01:43 - root - INFO - Health check called
2026-07-19 20:02:14 - root - INFO - Health check called
2026-07-19 20:02:44 - root - INFO - Health check called
2026-07-19 20:03:14 - root - INFO - Health check called
2026-07-19 20:03:44 - root - INFO - Health check called
2026-07-19 20:04:14 - root - INFO - Health check called
2026-07-19 20:04:44 - root - INFO - Health check called
2026-07-19 20:05:14 - root - INFO - Health check called
2026-07-19 20:05:45 - root - INFO - Health check called
2026-07-19 20:06:15 - root - INFO - Health check called
2026-07-19 20:06:45 - root - INFO - Health check called
2026-07-19 20:07:15 - root - INFO - Health check called
2026-07-19 20:07:45 - root - INFO - Health check called
2026-07-19 20:08:15 - root - INFO - Health check called
2026-07-19 20:08:45 - root - INFO - Health check called
2026-07-19 20:09:15 - root - INFO - Health check called
2026-07-19 20:09:46 - root - INFO - Health check called
2026-07-19 20:10:16 - root - INFO - Health check called
2026-07-19 20:10:46 - root - INFO - Health check called
2026-07-19 20:11:16 - root - INFO - Health check called
2026-07-19 20:11:46 - root - INFO - Health check called
2026-07-19 20:12:16 - root - INFO - Health check called
2026-07-19 20:12:46 - root - INFO - Health check called
2026-07-19 20:13:17 - root - INFO - Health check called
2026-07-19 20:13:47 - root - INFO - Health check called
2026-07-19 20:14:17 - root - INFO - Health check called
2026-07-19 20:14:47 - root - INFO - Health check called
2026-07-19 20:15:17 - root - INFO - Health check called
2026-07-19 20:15:47 - root - INFO - Health check called
2026-07-19 20:16:17 - root - INFO - Health check called
2026-07-19 20:16:48 - root - INFO - Health check called
2026-07-19 20:17:18 - root - INFO - Health check called
2026-07-19 20:17:48 - root - INFO - Health check called
2026-07-19 20:18:18 - root - INFO - Health check called
2026-07-19 20:18:48 - root - INFO - Health check called
2026-07-19 20:19:18 - root - INFO - Health check called
2026-07-19 20:19:48 - root - INFO - Health check called
2026-07-19 20:20:19 - root - INFO - Health check called
2026-07-19 20:20:49 - root - INFO - Health check called
2026-07-19 20:21:19 - root - INFO - Health check called
2026-07-19 20:21:49 - root - INFO - Health check called
2026-07-19 20:22:19 - root - INFO - Health check called
2026-07-19 20:22:49 - root - INFO - Health check called
2026-07-19 20:23:19 - root - INFO - Health check called
2026-07-19 20:23:49 - root - INFO - Health check called
2026-07-19 20:24:20 - root - INFO - Health check called
2026-07-19 20:24:50 - root - INFO - Health check called
2026-07-19 20:25:20 - root - INFO - Health check called
2026-07-19 20:25:50 - root - INFO - Health check called
2026-07-19 20:26:20 - root - INFO - Health check called
2026-07-19 20:26:50 - root - INFO - Health check called
2026-07-19 20:27:20 - root - INFO - Health check called
2026-07-19 20:27:51 - root - INFO - Health check called
2026-07-19 20:28:21 - root - INFO - Health check called
2026-07-19 20:28:51 - root - INFO - Health check called
2026-07-19 20:29:21 - root - INFO - Health check called
2026-07-19 20:29:51 - root - INFO - Health check called
2026-07-19 20:30:21 - root - INFO - Health check called
2026-07-19 20:30:51 - root - INFO - Health check called
2026-07-19 20:31:22 - root - INFO - Health check called
2026-07-19 20:31:52 - root - INFO - Health check called
2026-07-19 20:32:22 - root - INFO - Health check called
2026-07-19 20:32:52 - root - INFO - Health check called
2026-07-19 20:33:22 - root - INFO - Health check called
2026-07-19 20:33:52 - root - INFO - Health check called
2026-07-19 20:34:22 - root - INFO - Health check called
2026-07-19 20:34:53 - root - INFO - Health check called
2026-07-19 20:35:23 - root - INFO - Health check called
2026-07-19 20:35:53 - root - INFO - Health check called
2026-07-19 20:36:23 - root - INFO - Health check called
2026-07-19 20:36:53 - root - INFO - Health check called
2026-07-19 20:37:23 - root - INFO - Health check called
2026-07-19 20:37:53 - root - INFO - Health check called
2026-07-19 20:38:23 - root - INFO - Health check called
2026-07-19 20:38:54 - root - INFO - Health check called
2026-07-19 20:39:24 - root - INFO - Health check called
2026-07-19 20:39:54 - root - INFO - Health check called
2026-07-19 20:40:24 - root - INFO - Health check called
2026-07-19 20:40:54 - root - INFO - Health check called
2026-07-19 20:41:24 - root - INFO - Health check called
2026-07-19 20:41:54 - root - INFO - Health check called
2026-07-19 20:42:25 - root - INFO - Health check called
2026-07-19 20:42:55 - root - INFO - Health check called
2026-07-19 20:43:25 - root - INFO - Health check called
2026-07-19 20:43:55 - root - INFO - Health check called
2026-07-19 20:44:25 - root - INFO - Health check called
2026-07-19 20:44:55 - root - INFO - Health check called
2026-07-19 20:45:25 - root - INFO - Health check called
2026-07-19 20:45:56 - root - INFO - Health check called
2026-07-19 20:46:26 - root - INFO - Health check called
2026-07-19 20:46:56 - root - INFO - Health check called
2026-07-19 20:47:26 - root - INFO - Health check called
2026-07-19 20:47:56 - root - INFO - Health check called
2026-07-19 20:48:26 - root - INFO - Health check called
2026-07-19 20:48:56 - root - INFO - Health check called
2026-07-19 20:49:26 - root - INFO - Health check called
2026-07-19 20:49:57 - root - INFO - Health check called
2026-07-19 20:50:27 - root - INFO - Health check called
2026-07-19 20:50:57 - root - INFO - Health check called
2026-07-19 20:51:27 - root - INFO - Health check called
2026-07-19 20:51:57 - root - INFO - Health check called
2026-07-19 20:52:27 - root - INFO - Health check called
2026-07-19 20:52:57 - root - INFO - Health check called
2026-07-19 20:53:28 - root - INFO - Health check called
2026-07-19 20:53:58 - root - INFO - Health check called
2026-07-19 20:54:28 - root - INFO - Health check called
2026-07-19 20:54:58 - root - INFO - Health check called
2026-07-19 20:55:28 - root - INFO - Health check called
2026-07-19 20:55:58 - root - INFO - Health check called
2026-07-19 20:56:28 - root - INFO - Health check called
2026-07-19 20:56:59 - root - INFO - Health check called
2026-07-19 20:57:29 - root - INFO - Health check called
2026-07-19 20:57:59 - root - INFO - Health check called
2026-07-19 20:58:29 - root - INFO - Health check called
2026-07-19 20:58:59 - root - INFO - Health check called
2026-07-19 20:59:29 - root - INFO - Health check called
2026-07-19 20:59:59 - root - INFO - Health check called
2026-07-19 21:00:30 - root - INFO - Health check called
2026-07-19 21:01:00 - root - INFO - Health check called
2026-07-19 21:01:30 - root - INFO - Health check called
2026-07-19 21:02:00 - root - INFO - Health check called
2026-07-19 21:02:30 - root - INFO - Health check called
2026-07-19 21:03:00 - root - INFO - Health check called
2026-07-19 21:03:30 - root - INFO - Health check called
2026-07-19 21:04:01 - root - INFO - Health check called
2026-07-19 21:04:31 - root - INFO - Health check called
2026-07-19 21:05:01 - root - INFO - Health check called
2026-07-19 21:05:31 - root - INFO - Health check called
2026-07-19 21:06:01 - root - INFO - Health check called
2026-07-19 21:06:31 - root - INFO - Health check called
2026-07-19 21:07:01 - root - INFO - Health check called
2026-07-19 21:07:32 - root - INFO - Health check called
2026-07-19 21:08:02 - root - INFO - Health check called
2026-07-19 21:08:32 - root - INFO - Health check called
2026-07-19 21:09:02 - root - INFO - Health check called
2026-07-19 21:09:32 - root - INFO - Health check called
2026-07-19 21:10:02 - root - INFO - Health check called
2026-07-19 21:10:32 - root - INFO - Health check called
2026-07-19 21:11:03 - root - INFO - Health check called
2026-07-19 21:11:33 - root - INFO - Health check called
2026-07-19 21:12:03 - root - INFO - Health check called
2026-07-19 21:12:33 - root - INFO - Health check called
2026-07-19 21:13:03 - root - INFO - Health check called
2026-07-19 21:13:33 - root - INFO - Health check called
2026-07-19 21:14:03 - root - INFO - Health check called
2026-07-19 21:14:34 - root - INFO - Health check called
2026-07-19 21:15:04 - root - INFO - Health check called
2026-07-19 21:15:34 - root - INFO - Health check called
2026-07-19 21:16:04 - root - INFO - Health check called
2026-07-19 21:16:34 - root - INFO - Health check called
2026-07-19 21:17:04 - root - INFO - Health check called
2026-07-19 21:17:34 - root - INFO - Health check called
2026-07-19 21:18:05 - root - INFO - Health check called
2026-07-19 21:18:35 - root - INFO - Health check called
2026-07-19 21:19:05 - root - INFO - Health check called
2026-07-19 21:19:35 - root - INFO - Health check called
2026-07-19 21:20:05 - root - INFO - Health check called
2026-07-19 21:20:35 - root - INFO - Health check called
2026-07-19 21:21:05 - root - INFO - Health check called
2026-07-19 21:21:36 - root - INFO - Health check called
2026-07-19 21:22:06 - root - INFO - Health check called
2026-07-19 21:22:36 - root - INFO - Health check called
2026-07-19 21:23:06 - root - INFO - Health check called
2026-07-19 21:23:36 - root - INFO - Health check called
2026-07-19 21:24:06 - root - INFO - Health check called
2026-07-19 21:24:36 - root - INFO - Health check called
2026-07-19 21:25:07 - root - INFO - Health check called
2026-07-19 21:25:37 - root - INFO - Health check called
2026-07-19 21:26:07 - root - INFO - Health check called
2026-07-19 21:26:37 - root - INFO - Health check called
2026-07-19 21:27:07 - root - INFO - Health check called
2026-07-19 21:27:37 - root - INFO - Health check called
2026-07-19 21:28:07 - root - INFO - Health check called
2026-07-19 21:28:38 - root - INFO - Health check called
2026-07-19 21:29:08 - root - INFO - Health check called
2026-07-19 21:29:38 - root - INFO - Health check called
2026-07-19 21:30:08 - root - INFO - Health check called
2026-07-19 21:30:38 - root - INFO - Health check called
2026-07-19 21:31:08 - root - INFO - Health check called
2026-07-19 21:31:38 - root - INFO - Health check called
2026-07-19 21:32:09 - root - INFO - Health check called
2026-07-19 21:32:39 - root - INFO - Health check called
2026-07-19 21:33:09 - root - INFO - Health check called
2026-07-19 21:33:39 - root - INFO - Health check called
2026-07-19 21:34:09 - root - INFO - Health check called
2026-07-19 21:34:39 - root - INFO - Health check called
2026-07-19 21:35:09 - root - INFO - Health check called
2026-07-19 21:35:40 - root - INFO - Health check called
2026-07-19 21:36:10 - root - INFO - Health check called
2026-07-19 21:36:40 - root - INFO - Health check called
2026-07-19 21:37:10 - root - INFO - Health check called
2026-07-19 21:37:40 - root - INFO - Health check called
2026-07-19 21:38:10 - root - INFO - Health check called
2026-07-19 21:38:40 - root - INFO - Health check called
2026-07-19 21:39:11 - root - INFO - Health check called
2026-07-19 21:39:41 - root - INFO - Health check called
2026-07-19 21:40:11 - root - INFO - Health check called
2026-07-19 21:40:41 - root - INFO - Health check called
2026-07-19 21:41:11 - root - INFO - Health check called
2026-07-19 21:41:41 - root - INFO - Health check called
2026-07-19 21:42:11 - root - INFO - Health check called
2026-07-19 21:42:42 - root - INFO - Health check called
2026-07-19 21:43:12 - root - INFO - Health check called
2026-07-19 21:43:42 - root - INFO - Health check called
2026-07-19 21:44:12 - root - INFO - Health check called
2026-07-19 21:44:42 - root - INFO - Health check called
2026-07-19 21:45:12 - root - INFO - Health check called
2026-07-19 21:45:42 - root - INFO - Health check called
2026-07-19 21:46:13 - root - INFO - Health check called
2026-07-19 21:46:43 - root - INFO - Health check called
2026-07-19 21:47:13 - root - INFO - Health check called
2026-07-19 21:47:43 - root - INFO - Health check called
2026-07-19 21:48:13 - root - INFO - Health check called
2026-07-19 21:48:43 - root - INFO - Health check called
2026-07-19 21:49:13 - root - INFO - Health check called
2026-07-19 21:49:44 - root - INFO - Health check called
2026-07-19 21:50:14 - root - INFO - Health check called
2026-07-19 21:50:44 - root - INFO - Health check called
2026-07-19 21:51:14 - root - INFO - Health check called
2026-07-19 21:51:44 - root - INFO - Health check called
2026-07-19 21:52:14 - root - INFO - Health check called
2026-07-19 21:52:44 - root - INFO - Health check called
2026-07-19 21:53:15 - root - INFO - Health check called
2026-07-19 21:53:45 - root - INFO - Health check called
2026-07-19 21:54:15 - root - INFO - Health check called
2026-07-19 21:54:45 - root - INFO - Health check called
2026-07-19 21:55:15 - root - INFO - Health check called
2026-07-19 21:55:45 - root - INFO - Health check called
2026-07-19 21:56:15 - root - INFO - Health check called
2026-07-19 21:56:46 - root - INFO - Health check called
2026-07-19 21:57:16 - root - INFO - Health check called
2026-07-19 21:57:46 - root - INFO - Health check called
2026-07-19 21:58:16 - root - INFO - Health check called
2026-07-19 21:58:46 - root - INFO - Health check called
2026-07-19 21:59:16 - root - INFO - Health check called
2026-07-19 21:59:46 - root - INFO - Health check called
2026-07-19 22:00:17 - root - INFO - Health check called
2026-07-19 22:00:47 - root - INFO - Health check called
2026-07-19 22:01:17 - root - INFO - Health check called
2026-07-19 22:01:47 - root - INFO - Health check called
2026-07-19 22:02:17 - root - INFO - Health check called
2026-07-19 22:02:47 - root - INFO - Health check called
2026-07-19 22:03:17 - root - INFO - Health check called
2026-07-19 22:03:48 - root - INFO - Health check called
2026-07-19 22:04:18 - root - INFO - Health check called
2026-07-19 22:04:48 - root - INFO - Health check called
2026-07-19 22:05:18 - root - INFO - Health check called
2026-07-19 22:05:48 - root - INFO - Health check called
2026-07-19 22:06:18 - root - INFO - Health check called
2026-07-19 22:06:48 - root - INFO - Health check called
2026-07-19 22:07:19 - root - INFO - Health check called
2026-07-19 22:07:49 - root - INFO - Health check called
2026-07-19 22:08:19 - root - INFO - Health check called
2026-07-19 22:08:49 - root - INFO - Health check called
2026-07-19 22:09:19 - root - INFO - Health check called
2026-07-19 22:09:49 - root - INFO - Health check called
2026-07-19 22:10:19 - root - INFO - Health check called
2026-07-19 22:10:50 - root - INFO - Health check called
2026-07-19 22:11:20 - root - INFO - Health check called
2026-07-19 22:11:50 - root - INFO - Health check called
2026-07-19 22:12:20 - root - INFO - Health check called
2026-07-19 22:12:50 - root - INFO - Health check called
2026-07-19 22:13:20 - root - INFO - Health check called
2026-07-19 22:13:50 - root - INFO - Health check called
2026-07-19 22:14:21 - root - INFO - Health check called
2026-07-19 22:14:51 - root - INFO - Health check called
2026-07-19 22:15:21 - root - INFO - Health check called
2026-07-19 22:15:51 - root - INFO - Health check called
2026-07-19 22:16:21 - root - INFO - Health check called
2026-07-19 22:16:51 - root - INFO - Health check called
2026-07-19 22:17:21 - root - INFO - Health check called
2026-07-19 22:17:52 - root - INFO - Health check called
2026-07-19 22:18:22 - root - INFO - Health check called
2026-07-19 22:18:52 - root - INFO - Health check called
2026-07-19 22:19:22 - root - INFO - Health check called
2026-07-19 22:19:52 - root - INFO - Health check called
2026-07-19 22:20:22 - root - INFO - Health check called
2026-07-19 22:20:52 - root - INFO - Health check called
2026-07-19 22:21:23 - root - INFO - Health check called
2026-07-19 22:21:53 - root - INFO - Health check called
2026-07-19 22:22:23 - root - INFO - Health check called
2026-07-19 22:22:53 - root - INFO - Health check called
2026-07-19 22:23:23 - root - INFO - Health check called
2026-07-19 22:23:53 - root - INFO - Health check called
2026-07-19 22:24:23 - root - INFO - Health check called
2026-07-19 22:24:54 - root - INFO - Health check called
2026-07-19 22:25:24 - root - INFO - Health check called
2026-07-19 22:25:54 - root - INFO - Health check called
2026-07-19 22:26:24 - root - INFO - Health check called
2026-07-19 22:26:54 - root - INFO - Health check called
2026-07-19 22:27:24 - root - INFO - Health check called
2026-07-19 22:27:54 - root - INFO - Health check called
2026-07-19 22:28:25 - root - INFO - Health check called
2026-07-19 22:28:55 - root - INFO - Health check called
2026-07-19 22:29:25 - root - INFO - Health check called
2026-07-19 22:29:55 - root - INFO - Health check called
2026-07-19 22:30:25 - root - INFO - Health check called
2026-07-19 22:30:55 - root - INFO - Health check called
2026-07-19 22:31:25 - root - INFO - Health check called
2026-07-19 22:31:56 - root - INFO - Health check called
2026-07-19 22:32:26 - root - INFO - Health check called
2026-07-19 22:32:56 - root - INFO - Health check called
2026-07-19 22:33:26 - root - INFO - Health check called
2026-07-19 22:33:56 - root - INFO - Health check called
2026-07-19 22:34:26 - root - INFO - Health check called
2026-07-19 22:34:56 - root - INFO - Health check called
2026-07-19 22:35:27 - root - INFO - Health check called
2026-07-19 22:35:57 - root - INFO - Health check called
2026-07-19 22:36:27 - root - INFO - Health check called
2026-07-19 22:36:57 - root - INFO - Health check called
2026-07-19 22:37:27 - root - INFO - Health check called
2026-07-19 22:37:57 - root - INFO - Health check called
2026-07-19 22:38:27 - root - INFO - Health check called
2026-07-19 22:38:58 - root - INFO - Health check called
2026-07-19 22:39:28 - root - INFO - Health check called
2026-07-19 22:39:58 - root - INFO - Health check called
2026-07-19 22:40:28 - root - INFO - Health check called
2026-07-19 22:40:58 - root - INFO - Health check called
2026-07-19 22:41:28 - root - INFO - Health check called
2026-07-19 22:41:58 - root - INFO - Health check called
2026-07-19 22:42:29 - root - INFO - Health check called
2026-07-19 22:42:59 - root - INFO - Health check called
2026-07-19 22:43:29 - root - INFO - Health check called
2026-07-19 22:43:59 - root - INFO - Health check called
2026-07-19 22:44:29 - root - INFO - Health check called
2026-07-19 22:44:59 - root - INFO - Health check called
2026-07-19 22:45:29 - root - INFO - Health check called
2026-07-19 22:46:00 - root - INFO - Health check called
2026-07-19 22:46:30 - root - INFO - Health check called
2026-07-19 22:47:00 - root - INFO - Health check called
2026-07-19 22:47:30 - root - INFO - Health check called
2026-07-19 22:48:00 - root - INFO - Health check called
2026-07-19 22:48:30 - root - INFO - Health check called
2026-07-19 22:49:01 - root - INFO - Health check called
2026-07-19 22:49:31 - root - INFO - Health check called
2026-07-19 22:50:01 - root - INFO - Health check called
2026-07-19 22:50:31 - root - INFO - Health check called
2026-07-19 22:51:01 - root - INFO - Health check called
2026-07-19 22:51:31 - root - INFO - Health check called
2026-07-19 22:52:01 - root - INFO - Health check called
2026-07-19 22:52:31 - root - INFO - Health check called
2026-07-19 22:53:02 - root - INFO - Health check called
2026-07-19 22:53:32 - root - INFO - Health check called
2026-07-19 22:54:02 - root - INFO - Health check called
2026-07-19 22:54:32 - root - INFO - Health check called
2026-07-19 22:55:02 - root - INFO - Health check called
2026-07-19 22:55:32 - root - INFO - Health check called
2026-07-19 22:56:02 - root - INFO - Health check called
2026-07-19 22:56:33 - root - INFO - Health check called
2026-07-19 22:57:03 - root - INFO - Health check called
2026-07-19 22:57:33 - root - INFO - Health check called
2026-07-19 22:58:03 - root - INFO - Health check called
2026-07-19 22:58:33 - root - INFO - Health check called
2026-07-19 22:59:03 - root - INFO - Health check called
2026-07-19 22:59:33 - root - INFO - Health check called
2026-07-19 23:00:04 - root - INFO - Health check called
2026-07-19 23:00:34 - root - INFO - Health check called
2026-07-19 23:01:04 - root - INFO - Health check called
2026-07-19 23:01:34 - root - INFO - Health check called
2026-07-19 23:02:04 - root - INFO - Health check called
2026-07-19 23:02:34 - root - INFO - Health check called
2026-07-19 23:03:05 - root - INFO - Health check called
2026-07-19 23:03:35 - root - INFO - Health check called
2026-07-19 23:04:05 - root - INFO - Health check called
2026-07-19 23:04:35 - root - INFO - Health check called
2026-07-19 23:05:05 - root - INFO - Health check called
2026-07-19 23:05:35 - root - INFO - Health check called
2026-07-19 23:06:05 - root - INFO - Health check called
2026-07-19 23:06:35 - root - INFO - Health check called
2026-07-19 23:07:06 - root - INFO - Health check called
2026-07-19 23:07:36 - root - INFO - Health check called
2026-07-19 23:08:06 - root - INFO - Health check called
2026-07-19 23:08:36 - root - INFO - Health check called
2026-07-19 23:09:06 - root - INFO - Health check called
2026-07-19 23:09:36 - root - INFO - Health check called
2026-07-19 23:10:07 - root - INFO - Health check called
2026-07-19 23:10:37 - root - INFO - Health check called
2026-07-19 23:11:07 - root - INFO - Health check called
2026-07-19 23:11:37 - root - INFO - Health check called
2026-07-19 23:12:07 - root - INFO - Health check called
2026-07-19 23:12:37 - root - INFO - Health check called
2026-07-19 23:13:07 - root - INFO - Health check called
2026-07-19 23:13:37 - root - INFO - Health check called
2026-07-19 23:14:13 - root - INFO - Health check called
2026-07-19 23:14:43 - root - INFO - Health check called
2026-07-19 23:44:13 - root - INFO - Health check called
2026-07-20 00:01:14 - root - INFO - Health check called
2026-07-20 00:01:45 - root - INFO - Health check called
2026-07-20 00:18:32 - root - INFO - Health check called
2026-07-20 00:19:02 - root - INFO - Health check called
2026-07-20 00:19:32 - root - INFO - Health check called
2026-07-20 00:20:02 - root - INFO - Health check called
2026-07-20 00:20:32 - root - INFO - Health check called
2026-07-20 00:21:03 - root - INFO - Health check called
2026-07-20 00:21:33 - root - INFO - Health check called
2026-07-20 00:39:47 - root - INFO - Health check called
2026-07-20 00:40:17 - root - INFO - Health check called
2026-07-20 00:40:47 - root - INFO - Health check called
2026-07-20 00:41:17 - root - INFO - Health check called
2026-07-20 00:41:47 - root - INFO - Health check called
2026-07-20 00:59:55 - root - INFO - Health check called
2026-07-20 01:00:25 - root - INFO - Health check called
2026-07-20 01:14:49 - root - INFO - Health check called
2026-07-20 01:15:19 - root - INFO - Health check called
2026-07-20 01:32:34 - root - INFO - Health check called
2026-07-20 01:33:04 - root - INFO - Health check called
2026-07-20 02:39:26 - root - INFO - Health check called
2026-07-20 02:56:15 - root - INFO - Health check called
2026-07-20 02:56:45 - root - INFO - Health check called
2026-07-20 03:14:21 - root - INFO - Health check called
2026-07-20 03:14:51 - root - INFO - Health check called
2026-07-20 04:32:15 - root - INFO - Health check called
2026-07-20 04:47:48 - root - INFO - Health check called
2026-07-20 04:48:19 - root - INFO - Health check called
2026-07-20 05:06:35 - root - INFO - Health check called
2026-07-20 05:07:06 - root - INFO - Health check called
2026-07-20 05:10:22 - root - INFO - Health check called
2026-07-20 05:28:35 - root - INFO - Health check called
2026-07-20 05:29:05 - root - INFO - Health check called
2026-07-20 05:46:08 - root - INFO - Health check called
2026-07-20 05:46:38 - root - INFO - Health check called
2026-07-20 06:04:42 - root - INFO - Health check called
2026-07-20 06:05:12 - root - INFO - Health check called
2026-07-20 06:21:20 - root - INFO - Health check called
2026-07-20 06:37:22 - root - INFO - Health check called
2026-07-20 06:37:52 - root - INFO - Health check called
2026-07-20 06:55:49 - root - INFO - Health check called
2026-07-20 06:56:19 - root - INFO - Health check called
2026-07-20 07:11:27 - root - INFO - Health check called
2026-07-20 07:25:34 - root - INFO - Health check called
2026-07-20 07:26:04 - root - INFO - Health check called
2026-07-20 07:43:37 - root - INFO - Health check called
2026-07-20 07:44:07 - root - INFO - Health check called
2026-07-20 07:59:36 - root - INFO - Health check called
2026-07-20 08:12:06 - root - INFO - Health check called
2026-07-20 08:12:36 - root - INFO - Health check called
2026-07-20 08:29:27 - root - INFO - Health check called
2026-07-20 08:29:58 - root - INFO - Health check called
2026-07-20 08:47:23 - root - INFO - Health check called
2026-07-20 09:05:37 - root - INFO - Health check called
2026-07-20 09:06:08 - root - INFO - Health check called
2026-07-20 09:13:15 - root - INFO - Health check called
2026-07-20 09:13:45 - root - INFO - Health check called
2026-07-20 09:29:23 - root - INFO - Health check called
2026-07-20 09:29:53 - root - INFO - Health check called
2026-07-20 09:46:22 - root - INFO - Health check called
2026-07-20 09:51:05 - root - INFO - Health check called
2026-07-20 09:51:35 - root - INFO - Health check called
2026-07-20 09:52:05 - root - INFO - Health check called
2026-07-20 09:52:35 - root - INFO - Health check called
2026-07-20 09:53:05 - root - INFO - Health check called
2026-07-20 09:53:35 - root - INFO - Health check called
2026-07-20 09:54:05 - root - INFO - Health check called
2026-07-20 09:54:36 - root - INFO - Health check called
2026-07-20 09:55:06 - root - INFO - Health check called
2026-07-20 09:55:36 - root - INFO - Health check called
2026-07-20 09:56:06 - root - INFO - Health check called
2026-07-20 09:56:36 - root - INFO - Health check called
2026-07-20 09:57:06 - root - INFO - Health check called
2026-07-20 09:57:36 - root - INFO - Health check called
2026-07-20 09:58:06 - root - INFO - Health check called
2026-07-20 09:58:37 - root - INFO - Health check called
2026-07-20 09:59:07 - root - INFO - Health check called
2026-07-20 09:59:37 - root - INFO - Health check called
2026-07-20 10:00:07 - root - INFO - Health check called
2026-07-20 10:00:37 - root - INFO - Health check called
2026-07-20 10:01:08 - root - INFO - Health check called
2026-07-20 10:01:38 - root - INFO - Health check called
2026-07-20 10:02:08 - root - INFO - Health check called
2026-07-20 10:02:38 - root - INFO - Health check called
2026-07-20 10:03:08 - root - INFO - Health check called
2026-07-20 10:03:39 - root - INFO - Health check called
2026-07-20 10:04:09 - root - INFO - Health check called
2026-07-20 10:04:39 - root - INFO - Health check called
2026-07-20 10:05:09 - root - INFO - Health check called
2026-07-20 10:05:39 - root - INFO - Health check called
2026-07-20 10:06:09 - root - INFO - Health check called
2026-07-20 10:06:40 - root - INFO - Health check called
2026-07-20 10:07:10 - root - INFO - Health check called
2026-07-20 10:07:40 - root - INFO - Health check called
2026-07-20 10:08:10 - root - INFO - Health check called
2026-07-20 10:08:40 - root - INFO - Health check called
2026-07-20 10:09:10 - root - INFO - Health check called
2026-07-20 10:09:41 - root - INFO - Health check called
2026-07-20 10:10:11 - root - INFO - Health check called
2026-07-20 10:10:41 - root - INFO - Health check called
2026-07-20 10:11:11 - root - INFO - Health check called
2026-07-20 10:11:41 - root - INFO - Health check called
2026-07-20 10:12:11 - root - INFO - Health check called
2026-07-20 10:12:41 - root - INFO - Health check called
2026-07-20 10:13:12 - root - INFO - Health check called
2026-07-20 10:13:42 - root - INFO - Health check called
2026-07-20 10:14:12 - root - INFO - Health check called
2026-07-20 10:14:42 - root - INFO - Health check called
2026-07-20 10:15:12 - root - INFO - Health check called
2026-07-20 10:15:42 - root - INFO - Health check called
2026-07-20 10:16:12 - root - INFO - Health check called
2026-07-20 10:16:43 - root - INFO - Health check called
2026-07-20 10:17:13 - root - INFO - Health check called
2026-07-20 10:17:43 - root - INFO - Health check called
2026-07-20 10:18:13 - root - INFO - Health check called
2026-07-20 10:18:43 - root - INFO - Health check called
2026-07-20 10:19:13 - root - INFO - Health check called
2026-07-20 10:19:43 - root - INFO - Health check called
2026-07-20 10:20:14 - root - INFO - Health check called
2026-07-20 10:20:44 - root - INFO - Health check called
2026-07-20 10:21:14 - root - INFO - Health check called
2026-07-20 10:21:44 - root - INFO - Health check called
2026-07-20 10:22:14 - root - INFO - Health check called
2026-07-20 10:22:44 - root - INFO - Health check called
2026-07-20 10:23:14 - root - INFO - Health check called
2026-07-20 10:23:44 - root - INFO - Health check called
2026-07-20 10:24:15 - root - INFO - Health check called
2026-07-20 10:24:45 - root - INFO - Health check called
2026-07-20 10:25:15 - root - INFO - Health check called
2026-07-20 10:25:45 - root - INFO - Health check called
2026-07-20 10:26:15 - root - INFO - Health check called
2026-07-20 10:26:45 - root - INFO - Health check called
2026-07-20 10:27:15 - root - INFO - Health check called
2026-07-20 10:27:46 - root - INFO - Health check called
2026-07-20 10:28:16 - root - INFO - Health check called
2026-07-20 10:28:46 - root - INFO - Health check called
2026-07-20 10:29:16 - root - INFO - Health check called
2026-07-20 10:29:46 - root - INFO - Health check called
2026-07-20 10:30:16 - root - INFO - Health check called
2026-07-20 10:30:46 - root - INFO - Health check called
2026-07-20 10:31:17 - root - INFO - Health check called
2026-07-20 10:31:47 - root - INFO - Health check called
2026-07-20 10:32:17 - root - INFO - Health check called
2026-07-20 10:32:47 - root - INFO - Health check called
2026-07-20 10:33:17 - root - INFO - Health check called
2026-07-20 10:33:47 - root - INFO - Health check called
2026-07-20 10:34:17 - root - INFO - Health check called
2026-07-20 10:34:48 - root - INFO - Health check called
2026-07-20 10:35:18 - root - INFO - Health check called
2026-07-20 10:35:48 - root - INFO - Health check called
2026-07-20 10:36:18 - root - INFO - Health check called
2026-07-20 10:36:48 - root - INFO - Health check called
2026-07-20 10:37:18 - root - INFO - Health check called
2026-07-20 10:37:48 - root - INFO - Health check called
2026-07-20 10:38:18 - root - INFO - Health check called
2026-07-20 10:38:49 - root - INFO - Health check called
2026-07-20 10:39:19 - root - INFO - Health check called
2026-07-20 10:39:49 - root - INFO - Health check called
2026-07-20 10:40:19 - root - INFO - Health check called
2026-07-20 10:40:49 - root - INFO - Health check called
2026-07-20 10:41:19 - root - INFO - Health check called
2026-07-20 10:41:49 - root - INFO - Health check called
2026-07-20 10:42:20 - root - INFO - Health check called
2026-07-20 10:42:50 - root - INFO - Health check called
2026-07-20 10:43:20 - root - INFO - Health check called
2026-07-20 10:43:50 - root - INFO - Health check called
2026-07-20 10:44:20 - root - INFO - Health check called
2026-07-20 10:44:50 - root - INFO - Health check called
2026-07-20 10:45:20 - root - INFO - Health check called
2026-07-20 10:45:51 - root - INFO - Health check called
2026-07-20 10:46:21 - root - INFO - Health check called
2026-07-20 10:46:51 - root - INFO - Health check called
2026-07-20 10:47:21 - root - INFO - Health check called
2026-07-20 10:47:51 - root - INFO - Health check called
2026-07-20 10:48:21 - root - INFO - Health check called
2026-07-20 10:48:51 - root - INFO - Health check called
2026-07-20 10:49:22 - root - INFO - Health check called
2026-07-20 10:49:52 - root - INFO - Health check called
2026-07-20 10:50:22 - root - INFO - Health check called
2026-07-20 10:50:52 - root - INFO - Health check called
2026-07-20 10:51:22 - root - INFO - Health check called
2026-07-20 10:51:52 - root - INFO - Health check called
2026-07-20 10:52:22 - root - INFO - Health check called
2026-07-20 10:52:52 - root - INFO - Health check called
2026-07-20 10:53:23 - root - INFO - Health check called
2026-07-20 10:53:53 - root - INFO - Health check called
2026-07-20 10:54:23 - root - INFO - Health check called
2026-07-20 10:54:53 - root - INFO - Health check called
2026-07-20 10:55:23 - root - INFO - Health check called
2026-07-20 10:55:53 - root - INFO - Health check called
2026-07-20 10:56:23 - root - INFO - Health check called
2026-07-20 10:56:54 - root - INFO - Health check called
2026-07-20 10:57:24 - root - INFO - Health check called
2026-07-20 10:57:54 - root - INFO - Health check called
2026-07-20 10:58:24 - root - INFO - Health check called
2026-07-20 10:58:54 - root - INFO - Health check called
2026-07-20 10:59:24 - root - INFO - Health check called
2026-07-20 10:59:54 - root - INFO - Health check called
2026-07-20 11:00:25 - root - INFO - Health check called
2026-07-20 11:00:55 - root - INFO - Health check called
2026-07-20 11:01:25 - root - INFO - Health check called
2026-07-20 11:01:55 - root - INFO - Health check called
2026-07-20 11:02:25 - root - INFO - Health check called
2026-07-20 11:02:55 - root - INFO - Health check called
2026-07-20 11:03:25 - root - INFO - Health check called
2026-07-20 11:03:56 - root - INFO - Health check called
2026-07-20 11:04:26 - root - INFO - Health check called
2026-07-20 11:04:56 - root - INFO - Health check called
2026-07-20 11:05:26 - root - INFO - Health check called
2026-07-20 11:05:56 - root - INFO - Health check called
2026-07-20 11:06:26 - root - INFO - Health check called
2026-07-20 11:06:56 - root - INFO - Health check called
2026-07-20 11:07:27 - root - INFO - Health check called
2026-07-20 11:07:57 - root - INFO - Health check called
2026-07-20 11:08:27 - root - INFO - Health check called
2026-07-20 11:08:57 - root - INFO - Health check called
2026-07-20 11:09:27 - root - INFO - Health check called
2026-07-20 11:09:57 - root - INFO - Health check called
2026-07-20 11:10:27 - root - INFO - Health check called
2026-07-20 11:10:58 - root - INFO - Health check called
2026-07-20 11:11:28 - root - INFO - Health check called
2026-07-20 11:11:58 - root - INFO - Health check called
2026-07-20 11:12:28 - root - INFO - Health check called
2026-07-20 11:12:58 - root - INFO - Health check called
2026-07-20 11:13:28 - root - INFO - Health check called
2026-07-20 11:13:58 - root - INFO - Health check called
2026-07-20 11:14:29 - root - INFO - Health check called
2026-07-20 11:14:59 - root - INFO - Health check called
2026-07-20 11:15:29 - root - INFO - Health check called
2026-07-20 11:15:59 - root - INFO - Health check called
2026-07-20 11:16:29 - root - INFO - Health check called
2026-07-20 11:16:59 - root - INFO - Health check called
2026-07-20 11:17:29 - root - INFO - Health check called
2026-07-20 11:17:59 - root - INFO - Health check called
2026-07-20 11:18:30 - root - INFO - Health check called
2026-07-20 11:19:00 - root - INFO - Health check called
2026-07-20 11:19:30 - root - INFO - Health check called
2026-07-20 11:20:00 - root - INFO - Health check called
2026-07-20 11:20:30 - root - INFO - Health check called
2026-07-20 11:21:00 - root - INFO - Health check called
2026-07-20 11:21:30 - root - INFO - Health check called
2026-07-20 11:22:01 - root - INFO - Health check called
2026-07-20 11:22:31 - root - INFO - Health check called
2026-07-20 11:23:01 - root - INFO - Health check called
2026-07-20 11:23:31 - root - INFO - Health check called
2026-07-20 11:24:01 - root - INFO - Health check called
2026-07-20 11:24:31 - root - INFO - Health check called
2026-07-20 11:25:01 - root - INFO - Health check called
2026-07-20 11:25:32 - root - INFO - Health check called
2026-07-20 11:26:02 - root - INFO - Health check called
2026-07-20 11:26:32 - root - INFO - Health check called
2026-07-20 11:27:02 - root - INFO - Health check called
2026-07-20 11:27:32 - root - INFO - Health check called
2026-07-20 11:28:02 - root - INFO - Health check called
2026-07-20 11:28:32 - root - INFO - Health check called
2026-07-20 11:29:03 - root - INFO - Health check called
2026-07-20 11:29:33 - root - INFO - Health check called
2026-07-20 11:30:03 - root - INFO - Health check called
2026-07-20 11:30:33 - root - INFO - Health check called
2026-07-20 11:31:03 - root - INFO - Health check called
2026-07-20 11:31:33 - root - INFO - Health check called
2026-07-20 11:32:03 - root - INFO - Health check called
2026-07-20 11:32:34 - root - INFO - Health check called
2026-07-20 11:33:04 - root - INFO - Health check called
2026-07-20 11:33:34 - root - INFO - Health check called
2026-07-20 11:34:04 - root - INFO - Health check called
2026-07-20 11:34:34 - root - INFO - Health check called
2026-07-20 11:35:04 - root - INFO - Health check called
2026-07-20 11:35:34 - root - INFO - Health check called
2026-07-20 11:36:05 - root - INFO - Health check called
2026-07-20 11:36:35 - root - INFO - Health check called
2026-07-20 11:37:05 - root - INFO - Health check called
2026-07-20 11:37:35 - root - INFO - Health check called
2026-07-20 11:38:05 - root - INFO - Health check called
2026-07-20 11:38:35 - root - INFO - Health check called
2026-07-20 11:39:05 - root - INFO - Health check called
2026-07-20 11:39:36 - root - INFO - Health check called
2026-07-20 11:40:06 - root - INFO - Health check called
2026-07-20 11:40:36 - root - INFO - Health check called
2026-07-20 11:41:06 - root - INFO - Health check called
2026-07-20 11:41:36 - root - INFO - Health check called
2026-07-20 11:42:06 - root - INFO - Health check called
2026-07-20 11:42:36 - root - INFO - Health check called
2026-07-20 11:43:07 - root - INFO - Health check called
2026-07-20 11:43:37 - root - INFO - Health check called
2026-07-20 11:44:07 - root - INFO - Health check called
2026-07-20 11:44:37 - root - INFO - Health check called
2026-07-20 11:45:07 - root - INFO - Health check called
2026-07-20 11:45:37 - root - INFO - Health check called
2026-07-20 11:46:07 - root - INFO - Health check called
2026-07-20 11:46:38 - root - INFO - Health check called
2026-07-20 11:47:08 - root - INFO - Health check called
2026-07-20 11:47:38 - root - INFO - Health check called
2026-07-20 11:48:08 - root - INFO - Health check called
2026-07-20 11:48:38 - root - INFO - Health check called
2026-07-20 11:49:08 - root - INFO - Health check called
2026-07-20 11:49:38 - root - INFO - Health check called
2026-07-20 11:50:09 - root - INFO - Health check called
2026-07-20 11:50:39 - root - INFO - Health check called
2026-07-20 11:51:09 - root - INFO - Health check called
2026-07-20 11:51:39 - root - INFO - Health check called
2026-07-20 11:52:09 - root - INFO - Health check called
2026-07-20 11:52:39 - root - INFO - Health check called
2026-07-20 11:53:10 - root - INFO - Health check called
2026-07-20 11:53:40 - root - INFO - Health check called
2026-07-20 11:54:10 - root - INFO - Health check called
2026-07-20 11:54:40 - root - INFO - Health check called
2026-07-20 11:55:10 - root - INFO - Health check called
2026-07-20 11:55:40 - root - INFO - Health check called
2026-07-20 11:56:10 - root - INFO - Health check called
2026-07-20 11:56:41 - root - INFO - Health check called
2026-07-20 11:57:11 - root - INFO - Health check called
2026-07-20 11:57:41 - root - INFO - Health check called
2026-07-20 11:58:11 - root - INFO - Health check called
2026-07-20 11:58:41 - root - INFO - Health check called
2026-07-20 11:59:11 - root - INFO - Health check called
2026-07-20 11:59:41 - root - INFO - Health check called
2026-07-20 12:00:12 - root - INFO - Health check called
2026-07-20 12:00:42 - root - INFO - Health check called
2026-07-20 12:01:12 - root - INFO - Health check called
2026-07-20 12:01:42 - root - INFO - Health check called
2026-07-20 12:02:12 - root - INFO - Health check called
2026-07-20 12:02:42 - root - INFO - Health check called
2026-07-20 12:03:12 - root - INFO - Health check called
2026-07-20 12:03:43 - root - INFO - Health check called
2026-07-20 12:04:13 - root - INFO - Health check called
2026-07-20 12:04:43 - root - INFO - Health check called
2026-07-20 12:05:13 - root - INFO - Health check called
2026-07-20 12:05:43 - root - INFO - Health check called
2026-07-20 12:06:13 - root - INFO - Health check called
2026-07-20 12:06:43 - root - INFO - Health check called
2026-07-20 12:07:13 - root - INFO - Health check called
2026-07-20 12:07:44 - root - INFO - Health check called
2026-07-20 12:08:14 - root - INFO - Health check called
2026-07-20 12:08:44 - root - INFO - Health check called
2026-07-20 12:09:14 - root - INFO - Health check called
2026-07-20 12:09:44 - root - INFO - Health check called
2026-07-20 12:10:14 - root - INFO - Health check called
2026-07-20 12:10:44 - root - INFO - Health check called
2026-07-20 12:11:15 - root - INFO - Health check called
2026-07-20 12:11:45 - root - INFO - Health check called
2026-07-20 12:12:15 - root - INFO - Health check called
2026-07-20 12:12:45 - root - INFO - Health check called
2026-07-20 12:13:15 - root - INFO - Health check called
2026-07-20 12:13:45 - root - INFO - Health check called
2026-07-20 12:14:15 - root - INFO - Health check called
2026-07-20 12:14:46 - root - INFO - Health check called
2026-07-20 12:15:16 - root - INFO - Health check called
2026-07-20 12:15:46 - root - INFO - Health check called
2026-07-20 12:16:16 - root - INFO - Health check called
2026-07-20 12:16:46 - root - INFO - Health check called
2026-07-20 12:17:16 - root - INFO - Health check called
2026-07-20 12:17:46 - root - INFO - Health check called
2026-07-20 12:18:17 - root - INFO - Health check called
2026-07-20 12:18:47 - root - INFO - Health check called
2026-07-20 12:19:17 - root - INFO - Health check called
2026-07-20 12:19:47 - root - INFO - Health check called
2026-07-20 12:20:17 - root - INFO - Health check called
2026-07-20 12:20:47 - root - INFO - Health check called
2026-07-20 12:21:17 - root - INFO - Health check called
2026-07-20 12:21:47 - root - INFO - Health check called
2026-07-20 12:22:18 - root - INFO - Health check called
2026-07-20 12:22:48 - root - INFO - Health check called
2026-07-20 12:23:18 - root - INFO - Health check called
2026-07-20 12:23:48 - root - INFO - Health check called
2026-07-20 12:24:18 - root - INFO - Health check called
2026-07-20 12:24:48 - root - INFO - Health check called
2026-07-20 12:25:18 - root - INFO - Health check called
2026-07-20 12:25:49 - root - INFO - Health check called
2026-07-20 12:26:19 - root - INFO - Health check called
2026-07-20 12:26:49 - root - INFO - Health check called
2026-07-20 12:27:19 - root - INFO - Health check called
2026-07-20 12:27:49 - root - INFO - Health check called
2026-07-20 12:28:19 - root - INFO - Health check called
2026-07-20 12:28:49 - root - INFO - Health check called
2026-07-20 12:29:20 - root - INFO - Health check called
2026-07-20 12:29:50 - root - INFO - Health check called
2026-07-20 12:30:20 - root - INFO - Health check called
2026-07-20 12:30:50 - root - INFO - Health check called
2026-07-20 12:31:20 - root - INFO - Health check called
2026-07-20 12:31:50 - root - INFO - Health check called
2026-07-20 12:32:20 - root - INFO - Health check called
2026-07-20 12:32:50 - root - INFO - Health check called
2026-07-20 12:33:21 - root - INFO - Health check called
2026-07-20 12:33:51 - root - INFO - Health check called
2026-07-20 12:34:21 - root - INFO - Health check called
2026-07-20 12:34:51 - root - INFO - Health check called
2026-07-20 12:35:21 - root - INFO - Health check called
2026-07-20 12:35:51 - root - INFO - Health check called
2026-07-20 12:36:21 - root - INFO - Health check called
2026-07-20 12:36:52 - root - INFO - Health check called
2026-07-20 12:37:22 - root - INFO - Health check called
2026-07-20 12:37:52 - root - INFO - Health check called
2026-07-20 12:38:22 - root - INFO - Health check called
2026-07-20 12:38:52 - root - INFO - Health check called
2026-07-20 12:39:22 - root - INFO - Health check called
2026-07-20 12:39:52 - root - INFO - Health check called
2026-07-20 12:40:23 - root - INFO - Health check called
2026-07-20 12:40:53 - root - INFO - Health check called
2026-07-20 12:41:23 - root - INFO - Health check called
2026-07-20 12:41:53 - root - INFO - Health check called
2026-07-20 12:42:23 - root - INFO - Health check called
2026-07-20 12:42:53 - root - INFO - Health check called
2026-07-20 12:43:23 - root - INFO - Health check called
2026-07-20 12:43:54 - root - INFO - Health check called
2026-07-20 12:44:24 - root - INFO - Health check called
2026-07-20 12:44:54 - root - INFO - Health check called
2026-07-20 12:45:24 - root - INFO - Health check called
2026-07-20 12:45:54 - root - INFO - Health check called
2026-07-20 12:46:24 - root - INFO - Health check called
2026-07-20 12:46:54 - root - INFO - Health check called
2026-07-20 12:47:25 - root - INFO - Health check called
2026-07-20 12:47:55 - root - INFO - Health check called
2026-07-20 12:48:25 - root - INFO - Health check called
2026-07-20 12:48:55 - root - INFO - Health check called
2026-07-20 12:49:25 - root - INFO - Health check called
2026-07-20 12:49:55 - root - INFO - Health check called
2026-07-20 12:50:25 - root - INFO - Health check called
2026-07-20 12:50:55 - root - INFO - Health check called
2026-07-20 12:51:26 - root - INFO - Health check called
2026-07-20 12:51:56 - root - INFO - Health check called
2026-07-20 12:52:26 - root - INFO - Health check called
2026-07-20 12:52:56 - root - INFO - Health check called
2026-07-20 12:53:26 - root - INFO - Health check called
2026-07-20 12:53:56 - root - INFO - Health check called
2026-07-20 12:54:26 - root - INFO - Health check called
2026-07-20 12:54:57 - root - INFO - Health check called
2026-07-20 12:55:27 - root - INFO - Health check called
2026-07-20 12:55:57 - root - INFO - Health check called
2026-07-20 12:56:27 - root - INFO - Health check called
2026-07-20 12:56:57 - root - INFO - Health check called
2026-07-20 12:57:27 - root - INFO - Health check called
2026-07-20 12:57:57 - root - INFO - Health check called
2026-07-20 12:58:28 - root - INFO - Health check called
2026-07-20 12:58:58 - root - INFO - Health check called
2026-07-20 12:59:28 - root - INFO - Health check called
2026-07-20 12:59:58 - root - INFO - Health check called
2026-07-20 13:00:28 - root - INFO - Health check called
2026-07-20 13:00:58 - root - INFO - Health check called
2026-07-20 13:01:28 - root - INFO - Health check called
2026-07-20 13:01:59 - root - INFO - Health check called
2026-07-20 13:02:29 - root - INFO - Health check called
2026-07-20 13:02:59 - root - INFO - Health check called
2026-07-20 13:03:29 - root - INFO - Health check called
2026-07-20 13:03:59 - root - INFO - Health check called
2026-07-20 13:04:29 - root - INFO - Health check called
2026-07-20 13:04:59 - root - INFO - Health check called
2026-07-20 13:05:29 - root - INFO - Health check called
2026-07-20 13:06:00 - root - INFO - Health check called
2026-07-20 13:06:30 - root - INFO - Health check called
2026-07-20 13:07:00 - root - INFO - Health check called
2026-07-20 13:07:30 - root - INFO - Health check called
2026-07-20 13:08:00 - root - INFO - Health check called
2026-07-20 13:08:30 - root - INFO - Health check called
2026-07-20 13:09:00 - root - INFO - Health check called
2026-07-20 13:09:31 - root - INFO - Health check called
2026-07-20 13:10:01 - root - INFO - Health check called
2026-07-20 13:10:31 - root - INFO - Health check called
2026-07-20 13:11:01 - root - INFO - Health check called
2026-07-20 13:11:31 - root - INFO - Health check called
2026-07-20 13:12:01 - root - INFO - Health check called
2026-07-20 13:12:31 - root - INFO - Health check called
2026-07-20 13:13:02 - root - INFO - Health check called
2026-07-20 13:13:32 - root - INFO - Health check called
2026-07-20 13:14:02 - root - INFO - Health check called
2026-07-20 13:14:32 - root - INFO - Health check called
2026-07-20 13:15:02 - root - INFO - Health check called
2026-07-20 13:15:32 - root - INFO - Health check called
2026-07-20 13:16:02 - root - INFO - Health check called
2026-07-20 13:16:33 - root - INFO - Health check called
2026-07-20 13:17:03 - root - INFO - Health check called
2026-07-20 13:17:33 - root - INFO - Health check called
2026-07-20 13:18:03 - root - INFO - Health check called
2026-07-20 13:18:33 - root - INFO - Health check called
2026-07-20 13:19:03 - root - INFO - Health check called
2026-07-20 13:19:33 - root - INFO - Health check called
2026-07-20 13:20:04 - root - INFO - Health check called
2026-07-20 13:20:34 - root - INFO - Health check called
2026-07-20 13:21:04 - root - INFO - Health check called
2026-07-20 13:21:34 - root - INFO - Health check called
2026-07-20 13:22:04 - root - INFO - Health check called
2026-07-20 13:22:34 - root - INFO - Health check called
2026-07-20 13:23:04 - root - INFO - Health check called
2026-07-20 13:23:34 - root - INFO - Health check called
2026-07-20 13:24:05 - root - INFO - Health check called
2026-07-20 13:24:35 - root - INFO - Health check called
2026-07-20 13:25:05 - root - INFO - Health check called
2026-07-20 13:25:35 - root - INFO - Health check called
2026-07-20 13:26:05 - root - INFO - Health check called
2026-07-20 13:26:35 - root - INFO - Health check called
2026-07-20 13:27:05 - root - INFO - Health check called
2026-07-20 13:27:36 - root - INFO - Health check called
2026-07-20 13:28:06 - root - INFO - Health check called
2026-07-20 13:28:36 - root - INFO - Health check called
2026-07-20 13:29:06 - root - INFO - Health check called
2026-07-20 13:29:36 - root - INFO - Health check called
2026-07-20 13:30:06 - root - INFO - Health check called
2026-07-20 13:30:36 - root - INFO - Health check called
2026-07-20 13:31:07 - root - INFO - Health check called
2026-07-20 13:31:37 - root - INFO - Health check called
2026-07-20 13:32:07 - root - INFO - Health check called
2026-07-20 13:32:37 - root - INFO - Health check called
2026-07-20 13:33:07 - root - INFO - Health check called
2026-07-20 13:33:37 - root - INFO - Health check called
2026-07-20 13:34:07 - root - INFO - Health check called
2026-07-20 13:34:38 - root - INFO - Health check called
2026-07-20 13:35:08 - root - INFO - Health check called
2026-07-20 13:35:38 - root - INFO - Health check called
2026-07-20 13:36:08 - root - INFO - Health check called
2026-07-20 13:36:38 - root - INFO - Health check called
2026-07-20 13:37:08 - root - INFO - Health check called
2026-07-20 13:37:38 - root - INFO - Health check called
2026-07-20 13:38:09 - root - INFO - Health check called
2026-07-20 13:38:39 - root - INFO - Health check called
2026-07-20 13:39:09 - root - INFO - Health check called
2026-07-20 13:39:39 - root - INFO - Health check called
2026-07-20 13:40:09 - root - INFO - Health check called
2026-07-20 13:40:39 - root - INFO - Health check called
2026-07-20 13:41:09 - root - INFO - Health check called
2026-07-20 13:41:40 - root - INFO - Health check called
2026-07-20 13:42:10 - root - INFO - Health check called
2026-07-20 13:42:40 - root - INFO - Health check called
2026-07-20 13:43:10 - root - INFO - Health check called
2026-07-20 13:43:40 - root - INFO - Health check called
2026-07-20 13:44:10 - root - INFO - Health check called
2026-07-20 13:44:41 - root - INFO - Health check called
2026-07-20 13:45:11 - root - INFO - Health check called
2026-07-20 13:45:41 - root - INFO - Health check called
2026-07-20 13:46:11 - root - INFO - Health check called
2026-07-20 13:46:41 - root - INFO - Health check called
2026-07-20 13:47:11 - root - INFO - Health check called
2026-07-20 13:47:41 - root - INFO - Health check called
2026-07-20 13:48:12 - root - INFO - Health check called
2026-07-20 13:48:42 - root - INFO - Health check called
2026-07-20 13:49:12 - root - INFO - Health check called
2026-07-20 13:49:42 - root - INFO - Health check called
2026-07-20 13:50:12 - root - INFO - Health check called
2026-07-20 13:50:42 - root - INFO - Health check called
2026-07-20 13:51:12 - root - INFO - Health check called
2026-07-20 13:51:43 - root - INFO - Health check called
2026-07-20 13:52:13 - root - INFO - Health check called
2026-07-20 13:52:43 - root - INFO - Health check called
2026-07-20 13:53:13 - root - INFO - Health check called
2026-07-20 13:53:43 - root - INFO - Health check called
2026-07-20 13:54:13 - root - INFO - Health check called
2026-07-20 13:54:43 - root - INFO - Health check called
2026-07-20 13:55:14 - root - INFO - Health check called
2026-07-20 13:55:44 - root - INFO - Health check called
2026-07-20 13:56:14 - root - INFO - Health check called
2026-07-20 13:56:44 - root - INFO - Health check called
2026-07-20 13:57:14 - root - INFO - Health check called
2026-07-20 13:57:44 - root - INFO - Health check called
2026-07-20 13:58:14 - root - INFO - Health check called
2026-07-20 13:58:45 - root - INFO - Health check called
2026-07-20 13:59:15 - root - INFO - Health check called
2026-07-20 13:59:45 - root - INFO - Health check called
2026-07-20 14:00:15 - root - INFO - Health check called
2026-07-20 14:00:45 - root - INFO - Health check called
2026-07-20 14:01:15 - root - INFO - Health check called
2026-07-20 14:01:45 - root - INFO - Health check called
2026-07-20 14:02:16 - root - INFO - Health check called
2026-07-20 14:02:46 - root - INFO - Health check called
2026-07-20 14:03:16 - root - INFO - Health check called
2026-07-20 14:03:46 - root - INFO - Health check called
2026-07-20 14:04:16 - root - INFO - Health check called
2026-07-20 14:04:46 - root - INFO - Health check called
2026-07-20 14:05:16 - root - INFO - Health check called
2026-07-20 14:05:46 - root - INFO - Health check called
2026-07-20 14:06:17 - root - INFO - Health check called
2026-07-20 14:06:47 - root - INFO - Health check called
2026-07-20 14:07:17 - root - INFO - Health check called
2026-07-20 14:07:47 - root - INFO - Health check called
2026-07-20 14:08:17 - root - INFO - Health check called
2026-07-20 14:08:47 - root - INFO - Health check called
2026-07-20 14:09:17 - root - INFO - Health check called
2026-07-20 14:09:48 - root - INFO - Health check called
2026-07-20 14:10:18 - root - INFO - Health check called
2026-07-20 14:10:48 - root - INFO - Health check called
2026-07-20 14:11:18 - root - INFO - Health check called
2026-07-20 14:11:48 - root - INFO - Health check called
2026-07-20 14:12:18 - root - INFO - Health check called
2026-07-20 14:12:48 - root - INFO - Health check called
2026-07-20 14:13:19 - root - INFO - Health check called
2026-07-20 14:13:49 - root - INFO - Health check called
2026-07-20 14:14:19 - root - INFO - Health check called
2026-07-20 14:14:49 - root - INFO - Health check called
2026-07-20 14:15:19 - root - INFO - Health check called
2026-07-20 14:15:49 - root - INFO - Health check called
2026-07-20 14:16:19 - root - INFO - Health check called
2026-07-20 14:16:50 - root - INFO - Health check called
2026-07-20 14:17:20 - root - INFO - Health check called
2026-07-20 14:17:50 - root - INFO - Health check called
2026-07-20 14:18:20 - root - INFO - Health check called
2026-07-20 14:18:50 - root - INFO - Health check called
2026-07-20 14:19:20 - root - INFO - Health check called
2026-07-20 14:19:50 - root - INFO - Health check called
2026-07-20 14:20:20 - root - INFO - Health check called
2026-07-20 14:20:51 - root - INFO - Health check called
2026-07-20 14:21:21 - root - INFO - Health check called
2026-07-20 14:21:51 - root - INFO - Health check called
2026-07-20 14:22:21 - root - INFO - Health check called
2026-07-20 14:22:51 - root - INFO - Health check called
2026-07-20 14:23:21 - root - INFO - Health check called
2026-07-20 14:23:51 - root - INFO - Health check called
2026-07-20 14:24:22 - root - INFO - Health check called
2026-07-20 14:24:52 - root - INFO - Health check called
2026-07-20 14:25:22 - root - INFO - Health check called
2026-07-20 14:25:52 - root - INFO - Health check called
2026-07-20 14:26:22 - root - INFO - Health check called
2026-07-20 14:26:52 - root - INFO - Health check called
2026-07-20 14:27:22 - root - INFO - Health check called
2026-07-20 14:27:53 - root - INFO - Health check called
2026-07-20 14:28:23 - root - INFO - Health check called
2026-07-20 14:28:53 - root - INFO - Health check called
2026-07-20 14:29:23 - root - INFO - Health check called
2026-07-20 14:29:53 - root - INFO - Health check called
2026-07-20 14:30:23 - root - INFO - Health check called
2026-07-20 14:30:53 - root - INFO - Health check called
2026-07-20 14:31:24 - root - INFO - Health check called
2026-07-20 14:31:54 - root - INFO - Health check called
2026-07-20 14:32:24 - root - INFO - Health check called
2026-07-20 14:32:54 - root - INFO - Health check called
2026-07-20 14:33:24 - root - INFO - Health check called
2026-07-20 14:33:54 - root - INFO - Health check called
2026-07-20 14:34:24 - root - INFO - Health check called
2026-07-20 14:34:55 - root - INFO - Health check called
2026-07-20 14:35:25 - root - INFO - Health check called
2026-07-20 14:35:55 - root - INFO - Health check called
2026-07-20 14:36:25 - root - INFO - Health check called
2026-07-20 14:36:55 - root - INFO - Health check called
2026-07-20 14:37:25 - root - INFO - Health check called
2026-07-20 14:37:55 - root - INFO - Health check called
2026-07-20 14:38:26 - root - INFO - Health check called
2026-07-20 14:38:56 - root - INFO - Health check called
2026-07-20 14:39:26 - root - INFO - Health check called
2026-07-20 14:39:56 - root - INFO - Health check called
2026-07-20 14:40:26 - root - INFO - Health check called
2026-07-20 14:40:56 - root - INFO - Health check called
2026-07-20 14:41:26 - root - INFO - Health check called
2026-07-20 14:41:57 - root - INFO - Health check called
2026-07-20 14:42:27 - root - INFO - Health check called
2026-07-20 14:42:57 - root - INFO - Health check called
2026-07-20 14:43:27 - root - INFO - Health check called
2026-07-20 14:43:57 - root - INFO - Health check called
2026-07-20 14:44:27 - root - INFO - Health check called
2026-07-20 14:44:57 - root - INFO - Health check called
2026-07-20 14:45:27 - root - INFO - Health check called
2026-07-20 14:45:58 - root - INFO - Health check called
2026-07-20 14:46:28 - root - INFO - Health check called
2026-07-20 14:46:58 - root - INFO - Health check called
2026-07-20 14:47:28 - root - INFO - Health check called
2026-07-20 14:47:58 - root - INFO - Health check called
2026-07-20 14:48:28 - root - INFO - Health check called
2026-07-20 14:48:58 - root - INFO - Health check called
2026-07-20 14:49:29 - root - INFO - Health check called
2026-07-20 14:49:59 - root - INFO - Health check called
2026-07-20 14:50:29 - root - INFO - Health check called
2026-07-20 14:50:59 - root - INFO - Health check called
2026-07-20 14:51:29 - root - INFO - Health check called
2026-07-20 14:51:59 - root - INFO - Health check called
2026-07-20 14:52:29 - root - INFO - Health check called
2026-07-20 14:53:00 - root - INFO - Health check called
2026-07-20 14:53:30 - root - INFO - Health check called
2026-07-20 14:54:00 - root - INFO - Health check called
2026-07-20 14:54:30 - root - INFO - Health check called
2026-07-20 14:55:00 - root - INFO - Health check called
2026-07-20 14:55:30 - root - INFO - Health check called
2026-07-20 14:56:00 - root - INFO - Health check called
2026-07-20 14:56:30 - root - INFO - Health check called
2026-07-20 14:57:01 - root - INFO - Health check called
2026-07-20 14:57:31 - root - INFO - Health check called
2026-07-20 14:58:01 - root - INFO - Health check called
2026-07-20 14:58:31 - root - INFO - Health check called
2026-07-20 14:59:01 - root - INFO - Health check called
2026-07-20 14:59:31 - root - INFO - Health check called
2026-07-20 15:00:01 - root - INFO - Health check called
2026-07-20 15:00:32 - root - INFO - Health check called
2026-07-20 15:01:02 - root - INFO - Health check called
2026-07-20 15:01:32 - root - INFO - Health check called
2026-07-20 15:02:02 - root - INFO - Health check called
2026-07-20 15:02:32 - root - INFO - Health check called
2026-07-20 15:03:02 - root - INFO - Health check called
2026-07-20 15:03:32 - root - INFO - Health check called
2026-07-20 15:04:03 - root - INFO - Health check called
2026-07-20 15:04:33 - root - INFO - Health check called
2026-07-20 15:05:03 - root - INFO - Health check called
2026-07-20 15:05:33 - root - INFO - Health check called
2026-07-20 15:06:03 - root - INFO - Health check called
2026-07-20 15:06:33 - root - INFO - Health check called
2026-07-20 15:07:03 - root - INFO - Health check called
2026-07-20 15:07:34 - root - INFO - Health check called
2026-07-20 15:08:04 - root - INFO - Health check called
2026-07-20 15:08:34 - root - INFO - Health check called
2026-07-20 15:09:04 - root - INFO - Health check called
2026-07-20 15:09:34 - root - INFO - Health check called
2026-07-20 15:10:04 - root - INFO - Health check called
2026-07-20 15:10:34 - root - INFO - Health check called
2026-07-20 15:11:05 - root - INFO - Health check called
2026-07-20 15:11:35 - root - INFO - Health check called
2026-07-20 15:12:05 - root - INFO - Health check called
2026-07-20 15:12:35 - root - INFO - Health check called
2026-07-20 15:13:05 - root - INFO - Health check called
2026-07-20 15:13:35 - root - INFO - Health check called
2026-07-20 15:14:05 - root - INFO - Health check called
2026-07-20 15:14:36 - root - INFO - Health check called
2026-07-20 15:15:06 - root - INFO - Health check called
2026-07-20 15:15:36 - root - INFO - Health check called
2026-07-20 15:16:06 - root - INFO - Health check called
2026-07-20 15:16:36 - root - INFO - Health check called
2026-07-20 15:17:06 - root - INFO - Health check called
2026-07-20 15:17:36 - root - INFO - Health check called
2026-07-20 15:18:07 - root - INFO - Health check called
2026-07-20 15:18:37 - root - INFO - Health check called
2026-07-20 15:19:07 - root - INFO - Health check called
2026-07-20 15:19:37 - root - INFO - Health check called
2026-07-20 15:20:07 - root - INFO - Health check called
2026-07-20 15:20:37 - root - INFO - Health check called
2026-07-20 15:21:07 - root - INFO - Health check called
2026-07-20 15:21:38 - root - INFO - Health check called
2026-07-20 15:22:08 - root - INFO - Health check called
2026-07-20 15:22:38 - root - INFO - Health check called
2026-07-20 15:23:08 - root - INFO - Health check called
2026-07-20 15:23:38 - root - INFO - Health check called
2026-07-20 15:24:08 - root - INFO - Health check called
2026-07-20 15:24:38 - root - INFO - Health check called
2026-07-20 15:25:08 - root - INFO - Health check called
2026-07-20 15:25:39 - root - INFO - Health check called
2026-07-20 15:26:09 - root - INFO - Health check called
2026-07-20 15:26:39 - root - INFO - Health check called
2026-07-20 15:27:09 - root - INFO - Health check called
2026-07-20 15:27:39 - root - INFO - Health check called
2026-07-20 15:28:09 - root - INFO - Health check called
2026-07-20 15:28:39 - root - INFO - Health check called
2026-07-20 15:29:10 - root - INFO - Health check called
2026-07-20 15:29:40 - root - INFO - Health check called
2026-07-20 15:30:10 - root - INFO - Health check called
2026-07-20 15:30:40 - root - INFO - Health check called
2026-07-20 15:31:10 - root - INFO - Health check called
2026-07-20 15:31:40 - root - INFO - Health check called
2026-07-20 15:32:10 - root - INFO - Health check called
2026-07-20 15:32:41 - root - INFO - Health check called
2026-07-20 15:33:11 - root - INFO - Health check called
2026-07-20 15:33:41 - root - INFO - Health check called
2026-07-20 15:34:11 - root - INFO - Health check called
2026-07-20 15:34:41 - root - INFO - Health check called
2026-07-20 15:35:11 - root - INFO - Health check called
2026-07-20 15:35:41 - root - INFO - Health check called
2026-07-20 15:36:12 - root - INFO - Health check called
2026-07-20 15:36:42 - root - INFO - Health check called
2026-07-20 15:37:12 - root - INFO - Health check called
2026-07-20 15:37:42 - root - INFO - Health check called
2026-07-20 15:38:12 - root - INFO - Health check called
2026-07-20 15:38:42 - root - INFO - Health check called
2026-07-20 15:39:12 - root - INFO - Health check called
2026-07-20 15:39:43 - root - INFO - Health check called
2026-07-20 15:40:13 - root - INFO - Health check called
2026-07-20 15:40:43 - root - INFO - Health check called
2026-07-20 15:41:13 - root - INFO - Health check called
2026-07-20 15:41:43 - root - INFO - Health check called
2026-07-20 15:42:13 - root - INFO - Health check called
2026-07-20 15:42:43 - root - INFO - Health check called
2026-07-20 15:43:13 - root - INFO - Health check called
2026-07-20 15:43:44 - root - INFO - Health check called
2026-07-20 15:44:14 - root - INFO - Health check called
2026-07-20 15:44:44 - root - INFO - Health check called
2026-07-20 15:45:14 - root - INFO - Health check called
2026-07-20 15:45:44 - root - INFO - Health check called
2026-07-20 15:46:14 - root - INFO - Health check called
2026-07-20 15:46:45 - root - INFO - Health check called
2026-07-20 15:47:15 - root - INFO - Health check called
2026-07-20 15:47:45 - root - INFO - Health check called
2026-07-20 15:48:15 - root - INFO - Health check called
2026-07-20 15:48:45 - root - INFO - Health check called
2026-07-20 15:49:15 - root - INFO - Health check called
2026-07-20 15:49:45 - root - INFO - Health check called
2026-07-20 15:50:16 - root - INFO - Health check called
2026-07-20 15:50:46 - root - INFO - Health check called
2026-07-20 15:51:16 - root - INFO - Health check called
2026-07-20 15:51:46 - root - INFO - Health check called
2026-07-20 15:52:16 - root - INFO - Health check called
2026-07-20 15:52:46 - root - INFO - Health check called
2026-07-20 15:53:16 - root - INFO - Health check called
2026-07-20 15:53:46 - root - INFO - Health check called
2026-07-20 15:54:17 - root - INFO - Health check called
2026-07-20 15:54:47 - root - INFO - Health check called
2026-07-20 15:55:17 - root - INFO - Health check called
2026-07-20 15:55:47 - root - INFO - Health check called
2026-07-20 15:56:17 - root - INFO - Health check called
2026-07-20 15:56:47 - root - INFO - Health check called
2026-07-20 15:57:17 - root - INFO - Health check called
2026-07-20 15:57:48 - root - INFO - Health check called
2026-07-20 15:58:18 - root - INFO - Health check called
2026-07-20 15:58:48 - root - INFO - Health check called
2026-07-20 15:59:18 - root - INFO - Health check called
2026-07-20 15:59:48 - root - INFO - Health check called
2026-07-20 16:00:18 - root - INFO - Health check called
2026-07-20 16:00:48 - root - INFO - Health check called
2026-07-20 16:01:19 - root - INFO - Health check called
2026-07-20 16:01:49 - root - INFO - Health check called
2026-07-20 16:02:19 - root - INFO - Health check called
2026-07-20 16:02:49 - root - INFO - Health check called
2026-07-20 16:03:19 - root - INFO - Health check called
2026-07-20 16:03:49 - root - INFO - Health check called
2026-07-20 16:04:19 - root - INFO - Health check called
2026-07-20 16:04:50 - root - INFO - Health check called
2026-07-20 16:05:20 - root - INFO - Health check called
2026-07-20 16:05:50 - root - INFO - Health check called
2026-07-20 16:06:20 - root - INFO - Health check called
2026-07-20 16:06:50 - root - INFO - Health check called
2026-07-20 16:07:20 - root - INFO - Health check called
2026-07-20 16:07:50 - root - INFO - Health check called
2026-07-20 16:08:21 - root - INFO - Health check called
2026-07-20 16:08:51 - root - INFO - Health check called
2026-07-20 16:09:21 - root - INFO - Health check called
2026-07-20 16:09:51 - root - INFO - Health check called
2026-07-20 16:10:21 - root - INFO - Health check called
2026-07-20 16:10:51 - root - INFO - Health check called
2026-07-20 16:11:21 - root - INFO - Health check called
2026-07-20 16:11:51 - root - INFO - Health check called
2026-07-20 16:12:22 - root - INFO - Health check called
2026-07-20 16:12:52 - root - INFO - Health check called
2026-07-20 16:13:22 - root - INFO - Health check called
2026-07-20 16:13:52 - root - INFO - Health check called
2026-07-20 16:14:22 - root - INFO - Health check called
2026-07-20 16:14:52 - root - INFO - Health check called
2026-07-20 16:15:22 - root - INFO - Health check called
2026-07-20 16:15:53 - root - INFO - Health check called
2026-07-20 16:16:23 - root - INFO - Health check called
2026-07-20 16:16:53 - root - INFO - Health check called
2026-07-20 16:17:23 - root - INFO - Health check called
2026-07-20 16:17:53 - root - INFO - Health check called
2026-07-20 16:18:23 - root - INFO - Health check called
2026-07-20 16:18:53 - root - INFO - Health check called
2026-07-20 16:19:24 - root - INFO - Health check called
2026-07-20 16:19:54 - root - INFO - Health check called
2026-07-20 16:20:24 - root - INFO - Health check called
2026-07-20 16:20:54 - root - INFO - Health check called
2026-07-20 16:21:24 - root - INFO - Health check called
2026-07-20 16:21:54 - root - INFO - Health check called
2026-07-20 16:22:24 - root - INFO - Health check called
2026-07-20 16:22:55 - root - INFO - Health check called
2026-07-20 16:23:25 - root - INFO - Health check called
2026-07-20 16:23:55 - root - INFO - Health check called
2026-07-20 16:24:25 - root - INFO - Health check called
2026-07-20 16:24:55 - root - INFO - Health check called
2026-07-20 16:25:25 - root - INFO - Health check called
2026-07-20 16:25:55 - root - INFO - Health check called
2026-07-20 16:26:26 - root - INFO - Health check called
2026-07-20 16:26:56 - root - INFO - Health check called
2026-07-20 16:27:26 - root - INFO - Health check called
2026-07-20 16:27:56 - root - INFO - Health check called
2026-07-20 16:28:26 - root - INFO - Health check called
2026-07-20 16:28:56 - root - INFO - Health check called
2026-07-20 16:29:26 - root - INFO - Health check called
2026-07-20 16:29:57 - root - INFO - Health check called
2026-07-20 16:30:27 - root - INFO - Health check called
2026-07-20 16:30:57 - root - INFO - Health check called
2026-07-20 16:31:27 - root - INFO - Health check called
2026-07-20 16:31:57 - root - INFO - Health check called
2026-07-20 16:32:27 - root - INFO - Health check called
2026-07-20 16:32:57 - root - INFO - Health check called
2026-07-20 16:33:28 - root - INFO - Health check called
2026-07-20 16:33:58 - root - INFO - Health check called
2026-07-20 16:34:28 - root - INFO - Health check called
2026-07-20 16:34:58 - root - INFO - Health check called
2026-07-20 16:35:28 - root - INFO - Health check called
2026-07-20 16:35:58 - root - INFO - Health check called
2026-07-20 16:36:28 - root - INFO - Health check called
2026-07-20 16:36:58 - root - INFO - Health check called
2026-07-20 16:37:29 - root - INFO - Health check called
2026-07-20 16:37:59 - root - INFO - Health check called
2026-07-20 16:38:29 - root - INFO - Health check called
2026-07-20 16:38:59 - root - INFO - Health check called
2026-07-20 16:39:29 - root - INFO - Health check called
2026-07-20 16:39:59 - root - INFO - Health check called
2026-07-20 16:40:29 - root - INFO - Health check called
2026-07-20 16:41:00 - root - INFO - Health check called
2026-07-20 16:41:30 - root - INFO - Health check called
2026-07-20 16:42:00 - root - INFO - Health check called
2026-07-20 16:42:30 - root - INFO - Health check called
2026-07-20 16:43:00 - root - INFO - Health check called
2026-07-20 16:43:30 - root - INFO - Health check called
2026-07-20 16:44:00 - root - INFO - Health check called
2026-07-20 16:44:31 - root - INFO - Health check called
2026-07-20 16:45:01 - root - INFO - Health check called
2026-07-20 16:45:31 - root - INFO - Health check called
2026-07-20 16:46:01 - root - INFO - Health check called
2026-07-20 16:46:31 - root - INFO - Health check called
2026-07-20 16:47:01 - root - INFO - Health check called
2026-07-20 16:47:31 - root - INFO - Health check called
2026-07-20 16:48:02 - root - INFO - Health check called
2026-07-20 16:48:32 - root - INFO - Health check called
2026-07-20 16:49:02 - root - INFO - Health check called
2026-07-20 16:49:32 - root - INFO - Health check called
2026-07-20 16:50:02 - root - INFO - Health check called
2026-07-20 16:50:32 - root - INFO - Health check called
2026-07-20 16:51:02 - root - INFO - Health check called
2026-07-20 16:51:32 - root - INFO - Health check called
2026-07-20 16:52:03 - root - INFO - Health check called
2026-07-20 16:52:33 - root - INFO - Health check called
2026-07-20 16:53:03 - root - INFO - Health check called
2026-07-20 16:53:33 - root - INFO - Health check called
2026-07-20 16:54:03 - root - INFO - Health check called
2026-07-20 16:54:33 - root - INFO - Health check called
2026-07-20 16:55:03 - root - INFO - Health check called
2026-07-20 16:55:34 - root - INFO - Health check called
2026-07-20 16:56:04 - root - INFO - Health check called
2026-07-20 16:56:34 - root - INFO - Health check called
2026-07-20 16:57:04 - root - INFO - Health check called
2026-07-20 16:57:34 - root - INFO - Health check called
2026-07-20 16:58:04 - root - INFO - Health check called
2026-07-20 16:58:34 - root - INFO - Health check called
2026-07-20 16:59:05 - root - INFO - Health check called
2026-07-20 16:59:35 - root - INFO - Health check called
2026-07-20 17:00:05 - root - INFO - Health check called
2026-07-20 17:00:35 - root - INFO - Health check called
2026-07-20 17:01:05 - root - INFO - Health check called
2026-07-20 17:01:35 - root - INFO - Health check called
2026-07-20 17:02:05 - root - INFO - Health check called
2026-07-20 17:02:36 - root - INFO - Health check called
2026-07-20 17:03:06 - root - INFO - Health check called
2026-07-20 17:03:36 - root - INFO - Health check called
2026-07-20 17:04:06 - root - INFO - Health check called
2026-07-20 17:04:36 - root - INFO - Health check called
2026-07-20 17:05:06 - root - INFO - Health check called
2026-07-20 17:05:36 - root - INFO - Health check called
2026-07-20 17:06:06 - root - INFO - Health check called
2026-07-20 17:06:37 - root - INFO - Health check called
2026-07-20 17:07:07 - root - INFO - Health check called
2026-07-20 17:07:37 - root - INFO - Health check called
2026-07-20 17:08:07 - root - INFO - Health check called
2026-07-20 17:08:37 - root - INFO - Health check called
2026-07-20 17:09:07 - root - INFO - Health check called
2026-07-20 17:09:37 - root - INFO - Health check called
2026-07-20 17:10:08 - root - INFO - Health check called
2026-07-20 17:10:38 - root - INFO - Health check called
2026-07-20 17:11:08 - root - INFO - Health check called
2026-07-20 17:11:38 - root - INFO - Health check called
2026-07-20 17:12:08 - root - INFO - Health check called
2026-07-20 17:12:38 - root - INFO - Health check called
2026-07-20 17:13:08 - root - INFO - Health check called
2026-07-20 17:13:39 - root - INFO - Health check called
2026-07-20 17:14:09 - root - INFO - Health check called
2026-07-20 17:14:39 - root - INFO - Health check called
2026-07-20 17:15:09 - root - INFO - Health check called
2026-07-20 17:15:39 - root - INFO - Health check called
2026-07-20 17:16:09 - root - INFO - Health check called
2026-07-20 17:16:39 - root - INFO - Health check called
2026-07-20 17:17:10 - root - INFO - Health check called
2026-07-20 17:17:40 - root - INFO - Health check called
2026-07-20 17:18:10 - root - INFO - Health check called
2026-07-20 17:18:40 - root - INFO - Health check called
2026-07-20 17:19:10 - root - INFO - Health check called
2026-07-20 17:19:40 - root - INFO - Health check called
2026-07-20 17:20:10 - root - INFO - Health check called
2026-07-20 17:20:41 - root - INFO - Health check called
2026-07-20 17:21:11 - root - INFO - Health check called
2026-07-20 17:21:41 - root - INFO - Health check called
2026-07-20 17:22:11 - root - INFO - Health check called
2026-07-20 17:22:41 - root - INFO - Health check called
2026-07-20 17:23:11 - root - INFO - Health check called
2026-07-20 17:23:41 - root - INFO - Health check called
2026-07-20 17:24:12 - root - INFO - Health check called
2026-07-20 17:24:42 - root - INFO - Health check called
2026-07-20 17:25:12 - root - INFO - Health check called
2026-07-20 17:25:42 - root - INFO - Health check called
2026-07-20 17:26:12 - root - INFO - Health check called
2026-07-20 17:26:42 - root - INFO - Health check called
2026-07-20 17:27:12 - root - INFO - Health check called
2026-07-20 17:27:43 - root - INFO - Health check called
2026-07-20 17:28:13 - root - INFO - Health check called
2026-07-20 17:28:43 - root - INFO - Health check called
2026-07-20 17:29:13 - root - INFO - Health check called
2026-07-20 17:29:43 - root - INFO - Health check called
2026-07-20 17:30:13 - root - INFO - Health check called
2026-07-20 17:30:43 - root - INFO - Health check called
2026-07-20 17:31:14 - root - INFO - Health check called
2026-07-20 17:31:44 - root - INFO - Health check called
2026-07-20 17:32:14 - root - INFO - Health check called
2026-07-20 17:32:44 - root - INFO - Health check called
2026-07-20 17:33:14 - root - INFO - Health check called
2026-07-20 17:33:44 - root - INFO - Health check called
2026-07-20 17:34:14 - root - INFO - Health check called
2026-07-20 17:34:45 - root - INFO - Health check called
2026-07-20 17:35:15 - root - INFO - Health check called
2026-07-20 17:35:45 - root - INFO - Health check called
2026-07-20 17:36:15 - root - INFO - Health check called
2026-07-20 17:36:45 - root - INFO - Health check called
2026-07-20 17:37:15 - root - INFO - Health check called
2026-07-20 17:37:45 - root - INFO - Health check called
2026-07-20 17:38:16 - root - INFO - Health check called
2026-07-20 17:38:46 - root - INFO - Health check called
2026-07-20 17:39:16 - root - INFO - Health check called
2026-07-20 17:39:46 - root - INFO - Health check called
2026-07-20 17:40:16 - root - INFO - Health check called
2026-07-20 17:40:46 - root - INFO - Health check called
2026-07-20 17:41:16 - root - INFO - Health check called
2026-07-20 17:41:46 - root - INFO - Health check called
2026-07-20 17:42:17 - root - INFO - Health check called
2026-07-20 17:42:47 - root - INFO - Health check called
2026-07-20 17:43:17 - root - INFO - Health check called
2026-07-20 17:43:47 - root - INFO - Health check called
2026-07-20 17:44:17 - root - INFO - Health check called
2026-07-20 17:44:47 - root - INFO - Health check called
2026-07-20 17:45:17 - root - INFO - Health check called
2026-07-20 17:45:48 - root - INFO - Health check called
2026-07-20 17:46:18 - root - INFO - Health check called
2026-07-20 17:46:48 - root - INFO - Health check called
2026-07-20 17:47:18 - root - INFO - Health check called
2026-07-20 17:47:48 - root - INFO - Health check called
2026-07-20 17:48:18 - root - INFO - Health check called
2026-07-20 17:48:48 - root - INFO - Health check called
2026-07-20 17:49:19 - root - INFO - Health check called
2026-07-20 17:49:49 - root - INFO - Health check called
2026-07-20 17:50:19 - root - INFO - Health check called
2026-07-20 17:50:49 - root - INFO - Health check called
2026-07-20 17:51:19 - root - INFO - Health check called
2026-07-20 17:51:49 - root - INFO - Health check called
2026-07-20 17:52:19 - root - INFO - Health check called
2026-07-20 17:52:50 - root - INFO - Health check called
2026-07-20 17:53:20 - root - INFO - Health check called
2026-07-20 17:53:50 - root - INFO - Health check called
2026-07-20 17:54:20 - root - INFO - Health check called
2026-07-20 17:54:50 - root - INFO - Health check called
2026-07-20 17:55:20 - root - INFO - Health check called
2026-07-20 17:55:50 - root - INFO - Health check called
2026-07-20 17:56:21 - root - INFO - Health check called
2026-07-20 17:56:51 - root - INFO - Health check called
2026-07-20 17:57:21 - root - INFO - Health check called
2026-07-20 17:57:51 - root - INFO - Health check called
2026-07-20 17:58:21 - root - INFO - Health check called
2026-07-20 17:58:51 - root - INFO - Health check called
2026-07-20 17:59:21 - root - INFO - Health check called
2026-07-20 17:59:52 - root - INFO - Health check called
2026-07-20 18:00:22 - root - INFO - Health check called
2026-07-20 18:00:52 - root - INFO - Health check called
2026-07-20 18:01:22 - root - INFO - Health check called
2026-07-20 18:01:52 - root - INFO - Health check called
2026-07-20 18:02:22 - root - INFO - Health check called
2026-07-20 18:02:52 - root - INFO - Health check called
2026-07-20 18:03:22 - root - INFO - Health check called
2026-07-20 18:03:53 - root - INFO - Health check called
2026-07-20 18:04:23 - root - INFO - Health check called
2026-07-20 18:04:53 - root - INFO - Health check called
2026-07-20 18:05:23 - root - INFO - Health check called
2026-07-20 18:05:53 - root - INFO - Health check called
2026-07-20 18:06:23 - root - INFO - Health check called
2026-07-20 18:06:53 - root - INFO - Health check called
2026-07-20 18:07:24 - root - INFO - Health check called
2026-07-20 18:07:54 - root - INFO - Health check called
2026-07-20 18:08:24 - root - INFO - Health check called
2026-07-20 18:08:54 - root - INFO - Health check called
2026-07-20 18:09:24 - root - INFO - Health check called
2026-07-20 18:09:54 - root - INFO - Health check called
2026-07-20 18:10:24 - root - INFO - Health check called
2026-07-20 18:10:55 - root - INFO - Health check called
2026-07-20 18:11:25 - root - INFO - Health check called
2026-07-20 18:11:55 - root - INFO - Health check called
2026-07-20 18:12:25 - root - INFO - Health check called
2026-07-20 18:12:55 - root - INFO - Health check called
2026-07-20 18:13:25 - root - INFO - Health check called
2026-07-20 18:13:55 - root - INFO - Health check called
2026-07-20 18:14:26 - root - INFO - Health check called
2026-07-20 18:14:56 - root - INFO - Health check called
2026-07-20 18:15:26 - root - INFO - Health check called
2026-07-20 18:15:56 - root - INFO - Health check called
2026-07-20 18:16:26 - root - INFO - Health check called
2026-07-20 18:16:56 - root - INFO - Health check called
2026-07-20 18:17:26 - root - INFO - Health check called
2026-07-20 18:17:57 - root - INFO - Health check called
2026-07-20 18:18:27 - root - INFO - Health check called
2026-07-20 18:18:57 - root - INFO - Health check called
2026-07-20 18:19:27 - root - INFO - Health check called
2026-07-20 18:19:57 - root - INFO - Health check called
2026-07-20 18:20:27 - root - INFO - Health check called
2026-07-20 18:20:57 - root - INFO - Health check called
2026-07-20 18:21:28 - root - INFO - Health check called
2026-07-20 18:21:58 - root - INFO - Health check called
2026-07-20 18:22:28 - root - INFO - Health check called
2026-07-20 18:22:58 - root - INFO - Health check called
2026-07-20 18:23:28 - root - INFO - Health check called
2026-07-20 18:23:58 - root - INFO - Health check called
2026-07-20 18:24:28 - root - INFO - Health check called
2026-07-20 18:24:59 - root - INFO - Health check called
2026-07-20 18:25:29 - root - INFO - Health check called
2026-07-20 18:25:59 - root - INFO - Health check called
2026-07-20 18:26:29 - root - INFO - Health check called
2026-07-20 18:26:59 - root - INFO - Health check called
2026-07-20 18:27:29 - root - INFO - Health check called
2026-07-20 18:27:59 - root - INFO - Health check called
2026-07-20 18:28:30 - root - INFO - Health check called
2026-07-20 18:29:00 - root - INFO - Health check called
2026-07-20 18:29:30 - root - INFO - Health check called
2026-07-20 18:30:00 - root - INFO - Health check called
2026-07-20 18:30:30 - root - INFO - Health check called
2026-07-20 18:31:00 - root - INFO - Health check called
2026-07-20 18:31:30 - root - INFO - Health check called
2026-07-20 18:32:00 - root - INFO - Health check called
2026-07-20 18:32:31 - root - INFO - Health check called
2026-07-20 18:33:01 - root - INFO - Health check called
2026-07-20 18:33:31 - root - INFO - Health check called
2026-07-20 18:34:01 - root - INFO - Health check called
2026-07-20 18:34:31 - root - INFO - Health check called
2026-07-20 18:35:01 - root - INFO - Health check called
2026-07-20 18:35:31 - root - INFO - Health check called
2026-07-20 18:36:02 - root - INFO - Health check called
2026-07-20 18:36:32 - root - INFO - Health check called
2026-07-20 18:37:02 - root - INFO - Health check called
2026-07-20 18:37:32 - root - INFO - Health check called
2026-07-20 18:38:02 - root - INFO - Health check called
2026-07-20 18:38:32 - root - INFO - Health check called
2026-07-20 18:39:02 - root - INFO - Health check called
2026-07-20 18:39:33 - root - INFO - Health check called
2026-07-20 18:40:03 - root - INFO - Health check called
2026-07-20 18:40:33 - root - INFO - Health check called
2026-07-20 18:41:03 - root - INFO - Health check called
2026-07-20 18:41:33 - root - INFO - Health check called
2026-07-20 18:42:03 - root - INFO - Health check called
2026-07-20 18:42:34 - root - INFO - Health check called
2026-07-20 18:43:04 - root - INFO - Health check called
2026-07-20 18:43:34 - root - INFO - Health check called
2026-07-20 18:44:04 - root - INFO - Health check called
2026-07-20 18:44:34 - root - INFO - Health check called
2026-07-20 18:45:04 - root - INFO - Health check called
2026-07-20 18:45:34 - root - INFO - Health check called
2026-07-20 18:46:04 - root - INFO - Health check called
2026-07-20 18:46:35 - root - INFO - Health check called
2026-07-20 18:47:05 - root - INFO - Health check called
2026-07-20 18:47:35 - root - INFO - Health check called
2026-07-20 18:48:05 - root - INFO - Health check called
2026-07-20 18:48:35 - root - INFO - Health check called
2026-07-20 18:49:05 - root - INFO - Health check called
2026-07-20 18:49:35 - root - INFO - Health check called
2026-07-20 18:50:06 - root - INFO - Health check called
2026-07-20 18:50:36 - root - INFO - Health check called
2026-07-20 18:51:06 - root - INFO - Health check called
2026-07-20 18:51:36 - root - INFO - Health check called
2026-07-20 18:52:06 - root - INFO - Health check called
2026-07-20 18:52:36 - root - INFO - Health check called
2026-07-20 18:53:06 - root - INFO - Health check called
2026-07-20 18:53:37 - root - INFO - Health check called
2026-07-20 18:54:07 - root - INFO - Health check called
2026-07-20 18:54:37 - root - INFO - Health check called
2026-07-20 18:55:07 - root - INFO - Health check called
2026-07-20 18:55:37 - root - INFO - Health check called
2026-07-20 18:56:07 - root - INFO - Health check called
2026-07-20 18:56:37 - root - INFO - Health check called
2026-07-20 18:57:08 - root - INFO - Health check called
2026-07-20 18:57:38 - root - INFO - Health check called
2026-07-20 18:58:08 - root - INFO - Health check called
2026-07-20 18:58:38 - root - INFO - Health check called
2026-07-20 18:59:08 - root - INFO - Health check called
2026-07-20 18:59:38 - root - INFO - Health check called
2026-07-20 19:00:08 - root - INFO - Health check called
2026-07-20 19:00:39 - root - INFO - Health check called
2026-07-20 19:01:09 - root - INFO - Health check called
2026-07-20 19:01:39 - root - INFO - Health check called
2026-07-20 19:02:09 - root - INFO - Health check called
2026-07-20 19:02:39 - root - INFO - Health check called
2026-07-20 19:03:09 - root - INFO - Health check called
2026-07-20 19:03:39 - root - INFO - Health check called
2026-07-20 19:04:10 - root - INFO - Health check called
2026-07-20 19:04:40 - root - INFO - Health check called
2026-07-20 19:05:10 - root - INFO - Health check called
2026-07-20 19:05:40 - root - INFO - Health check called
2026-07-20 19:06:10 - root - INFO - Health check called
2026-07-20 19:06:40 - root - INFO - Health check called
2026-07-20 19:07:10 - root - INFO - Health check called
2026-07-20 19:07:40 - root - INFO - Health check called
2026-07-20 19:08:11 - root - INFO - Health check called
2026-07-20 19:08:41 - root - INFO - Health check called
2026-07-20 19:09:11 - root - INFO - Health check called
2026-07-20 19:09:41 - root - INFO - Health check called
2026-07-20 19:10:11 - root - INFO - Health check called
2026-07-20 19:10:41 - root - INFO - Health check called
2026-07-20 19:11:12 - root - INFO - Health check called
2026-07-20 19:11:42 - root - INFO - Health check called
2026-07-20 19:12:12 - root - INFO - Health check called
2026-07-20 19:12:42 - root - INFO - Health check called
2026-07-20 19:13:12 - root - INFO - Health check called
2026-07-20 19:13:42 - root - INFO - Health check called
2026-07-20 19:14:12 - root - INFO - Health check called
2026-07-20 19:14:43 - root - INFO - Health check called
2026-07-20 19:15:13 - root - INFO - Health check called
2026-07-20 19:15:43 - root - INFO - Health check called
2026-07-20 19:16:13 - root - INFO - Health check called
2026-07-20 19:16:43 - root - INFO - Health check called
2026-07-20 19:17:13 - root - INFO - Health check called
2026-07-20 19:17:43 - root - INFO - Health check called
2026-07-20 19:18:13 - root - INFO - Health check called
2026-07-20 19:18:44 - root - INFO - Health check called
2026-07-20 19:19:14 - root - INFO - Health check called
2026-07-20 19:19:44 - root - INFO - Health check called
2026-07-20 19:20:14 - root - INFO - Health check called
2026-07-20 19:20:44 - root - INFO - Health check called
2026-07-20 19:21:14 - root - INFO - Health check called
2026-07-20 19:21:44 - root - INFO - Health check called
2026-07-20 19:22:15 - root - INFO - Health check called
2026-07-20 19:22:45 - root - INFO - Health check called
2026-07-20 19:23:15 - root - INFO - Health check called
2026-07-20 19:23:45 - root - INFO - Health check called
2026-07-20 19:24:15 - root - INFO - Health check called
2026-07-20 19:24:45 - root - INFO - Health check called
2026-07-20 19:25:15 - root - INFO - Health check called
2026-07-20 19:25:46 - root - INFO - Health check called
2026-07-20 19:26:16 - root - INFO - Health check called
2026-07-20 19:26:46 - root - INFO - Health check called
2026-07-20 19:27:16 - root - INFO - Health check called
2026-07-20 19:27:46 - root - INFO - Health check called
2026-07-20 19:28:16 - root - INFO - Health check called
2026-07-20 19:28:46 - root - INFO - Health check called
2026-07-20 19:29:17 - root - INFO - Health check called
2026-07-20 19:29:47 - root - INFO - Health check called
2026-07-20 19:30:17 - root - INFO - Health check called
2026-07-20 19:30:47 - root - INFO - Health check called
2026-07-20 19:31:17 - root - INFO - Health check called
2026-07-20 19:31:47 - root - INFO - Health check called
2026-07-20 19:32:17 - root - INFO - Health check called
2026-07-20 19:32:48 - root - INFO - Health check called
2026-07-20 19:33:18 - root - INFO - Health check called
2026-07-20 19:33:48 - root - INFO - Health check called
2026-07-20 19:34:18 - root - INFO - Health check called
2026-07-20 19:34:48 - root - INFO - Health check called
2026-07-20 19:35:18 - root - INFO - Health check called
2026-07-20 19:35:48 - root - INFO - Health check called
2026-07-20 19:36:19 - root - INFO - Health check called
2026-07-20 19:36:49 - root - INFO - Health check called
2026-07-20 19:37:19 - root - INFO - Health check called
2026-07-20 19:37:49 - root - INFO - Health check called
2026-07-20 19:38:19 - root - INFO - Health check called
2026-07-20 19:38:49 - root - INFO - Health check called
2026-07-20 19:39:19 - root - INFO - Health check called
2026-07-20 19:39:50 - root - INFO - Health check called
2026-07-20 19:40:20 - root - INFO - Health check called
2026-07-20 19:40:50 - root - INFO - Health check called
2026-07-20 19:41:20 - root - INFO - Health check called
2026-07-20 19:41:50 - root - INFO - Health check called
2026-07-20 19:42:20 - root - INFO - Health check called
2026-07-20 19:42:50 - root - INFO - Health check called
2026-07-20 19:43:21 - root - INFO - Health check called
2026-07-20 19:43:51 - root - INFO - Health check called
2026-07-20 19:44:21 - root - INFO - Health check called
2026-07-20 19:44:51 - root - INFO - Health check called
2026-07-20 19:45:21 - root - INFO - Health check called
2026-07-20 19:45:51 - root - INFO - Health check called
2026-07-20 19:46:21 - root - INFO - Health check called
2026-07-20 19:46:51 - root - INFO - Health check called
2026-07-20 19:47:22 - root - INFO - Health check called
2026-07-20 19:47:52 - root - INFO - Health check called
2026-07-20 19:48:22 - root - INFO - Health check called
2026-07-20 19:48:52 - root - INFO - Health check called
2026-07-20 19:49:22 - root - INFO - Health check called
2026-07-20 19:49:52 - root - INFO - Health check called
2026-07-20 19:50:22 - root - INFO - Health check called
2026-07-20 19:50:53 - root - INFO - Health check called
2026-07-20 19:51:23 - root - INFO - Health check called
2026-07-20 19:51:53 - root - INFO - Health check called
2026-07-20 19:52:23 - root - INFO - Health check called
2026-07-20 19:52:53 - root - INFO - Health check called
2026-07-20 19:53:23 - root - INFO - Health check called
2026-07-20 19:53:53 - root - INFO - Health check called
2026-07-20 19:54:24 - root - INFO - Health check called
2026-07-20 19:54:54 - root - INFO - Health check called
2026-07-20 19:55:24 - root - INFO - Health check called
2026-07-20 19:55:54 - root - INFO - Health check called
2026-07-20 19:56:24 - root - INFO - Health check called
2026-07-20 19:56:54 - root - INFO - Health check called
2026-07-20 19:57:24 - root - INFO - Health check called
2026-07-20 19:57:55 - root - INFO - Health check called
2026-07-20 19:58:25 - root - INFO - Health check called
2026-07-20 19:58:55 - root - INFO - Health check called
2026-07-20 19:59:25 - root - INFO - Health check called
2026-07-20 19:59:55 - root - INFO - Health check called
2026-07-20 20:00:25 - root - INFO - Health check called
2026-07-20 20:00:56 - root - INFO - Health check called
2026-07-20 20:01:26 - root - INFO - Health check called
2026-07-20 20:01:56 - root - INFO - Health check called
2026-07-20 20:02:26 - root - INFO - Health check called
2026-07-20 20:02:56 - root - INFO - Health check called
2026-07-20 20:03:26 - root - INFO - Health check called
2026-07-20 20:03:57 - root - INFO - Health check called
2026-07-20 20:04:27 - root - INFO - Health check called
2026-07-20 20:04:57 - root - INFO - Health check called
2026-07-20 20:05:27 - root - INFO - Health check called
2026-07-20 20:05:57 - root - INFO - Health check called
2026-07-20 20:06:27 - root - INFO - Health check called
2026-07-20 20:06:57 - root - INFO - Health check called
2026-07-20 20:07:28 - root - INFO - Health check called
2026-07-20 20:07:58 - root - INFO - Health check called
2026-07-20 20:08:28 - root - INFO - Health check called
2026-07-20 20:08:58 - root - INFO - Health check called
2026-07-20 20:09:28 - root - INFO - Health check called
2026-07-20 20:09:58 - root - INFO - Health check called
2026-07-20 20:10:28 - root - INFO - Health check called
2026-07-20 20:10:59 - root - INFO - Health check called
2026-07-20 20:11:29 - root - INFO - Health check called
2026-07-20 20:11:59 - root - INFO - Health check called
2026-07-20 20:12:29 - root - INFO - Health check called
2026-07-20 20:12:59 - root - INFO - Health check called
2026-07-20 20:13:29 - root - INFO - Health check called
2026-07-20 20:13:59 - root - INFO - Health check called
2026-07-20 20:14:30 - root - INFO - Health check called
2026-07-20 20:15:00 - root - INFO - Health check called
2026-07-20 20:15:30 - root - INFO - Health check called
2026-07-20 20:16:00 - root - INFO - Health check called
2026-07-20 20:16:30 - root - INFO - Health check called
2026-07-20 20:17:00 - root - INFO - Health check called
2026-07-20 20:17:30 - root - INFO - Health check called
2026-07-20 20:18:01 - root - INFO - Health check called
2026-07-20 20:18:31 - root - INFO - Health check called
2026-07-20 20:19:01 - root - INFO - Health check called
2026-07-20 20:19:31 - root - INFO - Health check called
2026-07-20 20:20:01 - root - INFO - Health check called
2026-07-20 20:20:31 - root - INFO - Health check called
2026-07-20 20:21:01 - root - INFO - Health check called
2026-07-20 20:21:32 - root - INFO - Health check called
2026-07-20 20:22:02 - root - INFO - Health check called
2026-07-20 20:22:32 - root - INFO - Health check called
2026-07-20 20:23:02 - root - INFO - Health check called
2026-07-20 20:23:32 - root - INFO - Health check called
2026-07-20 20:24:02 - root - INFO - Health check called
2026-07-20 20:24:32 - root - INFO - Health check called
2026-07-20 20:25:02 - root - INFO - Health check called
2026-07-20 20:25:33 - root - INFO - Health check called
2026-07-20 20:26:03 - root - INFO - Health check called
2026-07-20 20:26:33 - root - INFO - Health check called
2026-07-20 20:27:03 - root - INFO - Health check called
2026-07-20 20:27:33 - root - INFO - Health check called
2026-07-20 20:28:03 - root - INFO - Health check called
2026-07-20 20:28:33 - root - INFO - Health check called
2026-07-20 20:29:04 - root - INFO - Health check called
2026-07-20 20:29:34 - root - INFO - Health check called
2026-07-20 20:30:04 - root - INFO - Health check called
2026-07-20 20:30:34 - root - INFO - Health check called
2026-07-20 20:31:04 - root - INFO - Health check called
2026-07-20 20:31:34 - root - INFO - Health check called
2026-07-20 20:32:04 - root - INFO - Health check called
2026-07-20 20:32:35 - root - INFO - Health check called
2026-07-20 20:33:05 - root - INFO - Health check called
2026-07-20 20:33:35 - root - INFO - Health check called
2026-07-20 20:34:05 - root - INFO - Health check called
2026-07-20 20:34:35 - root - INFO - Health check called
2026-07-20 20:35:05 - root - INFO - Health check called
2026-07-20 20:35:35 - root - INFO - Health check called
2026-07-20 20:36:06 - root - INFO - Health check called
2026-07-20 20:36:36 - root - INFO - Health check called
2026-07-20 20:37:06 - root - INFO - Health check called
2026-07-20 20:37:36 - root - INFO - Health check called
2026-07-20 20:38:06 - root - INFO - Health check called
2026-07-20 20:38:36 - root - INFO - Health check called
2026-07-20 20:39:06 - root - INFO - Health check called
2026-07-20 20:39:37 - root - INFO - Health check called
2026-07-20 20:40:07 - root - INFO - Health check called
2026-07-20 20:40:37 - root - INFO - Health check called
2026-07-20 20:41:07 - root - INFO - Health check called
2026-07-20 20:41:37 - root - INFO - Health check called
2026-07-20 20:42:07 - root - INFO - Health check called
2026-07-20 20:42:37 - root - INFO - Health check called
2026-07-20 20:43:08 - root - INFO - Health check called
2026-07-20 20:43:38 - root - INFO - Health check called
2026-07-20 20:44:08 - root - INFO - Health check called
2026-07-20 20:44:38 - root - INFO - Health check called
2026-07-20 20:45:08 - root - INFO - Health check called
2026-07-20 20:45:38 - root - INFO - Health check called
2026-07-20 20:46:08 - root - INFO - Health check called
2026-07-20 20:46:38 - root - INFO - Health check called
2026-07-20 20:47:09 - root - INFO - Health check called
2026-07-20 20:47:39 - root - INFO - Health check called
2026-07-20 20:48:09 - root - INFO - Health check called
2026-07-20 20:48:39 - root - INFO - Health check called
2026-07-20 20:49:09 - root - INFO - Health check called
2026-07-20 20:49:39 - root - INFO - Health check called
2026-07-20 20:50:09 - root - INFO - Health check called
2026-07-20 20:50:40 - root - INFO - Health check called
2026-07-20 20:51:10 - root - INFO - Health check called
2026-07-20 20:51:40 - root - INFO - Health check called
2026-07-20 20:52:10 - root - INFO - Health check called
2026-07-20 20:52:40 - root - INFO - Health check called
2026-07-20 20:53:10 - root - INFO - Health check called
2026-07-20 20:53:40 - root - INFO - Health check called
2026-07-20 20:54:11 - root - INFO - Health check called
2026-07-20 20:54:41 - root - INFO - Health check called
2026-07-20 20:55:11 - root - INFO - Health check called
2026-07-20 20:55:41 - root - INFO - Health check called
2026-07-20 20:56:11 - root - INFO - Health check called
2026-07-20 20:56:41 - root - INFO - Health check called
2026-07-20 20:57:11 - root - INFO - Health check called
2026-07-20 20:57:42 - root - INFO - Health check called
2026-07-20 20:58:12 - root - INFO - Health check called
2026-07-20 20:58:42 - root - INFO - Health check called
2026-07-20 20:59:12 - root - INFO - Health check called
2026-07-20 20:59:42 - root - INFO - Health check called
2026-07-20 21:00:12 - root - INFO - Health check called
2026-07-20 21:00:42 - root - INFO - Health check called
2026-07-20 21:01:13 - root - INFO - Health check called
2026-07-20 21:01:43 - root - INFO - Health check called
2026-07-20 21:02:13 - root - INFO - Health check called
2026-07-20 21:02:43 - root - INFO - Health check called
2026-07-20 21:03:13 - root - INFO - Health check called
2026-07-20 21:03:43 - root - INFO - Health check called
2026-07-20 21:04:13 - root - INFO - Health check called
2026-07-20 21:04:44 - root - INFO - Health check called
2026-07-20 21:05:14 - root - INFO - Health check called
2026-07-20 21:05:44 - root - INFO - Health check called
2026-07-20 21:06:14 - root - INFO - Health check called
2026-07-20 21:06:44 - root - INFO - Health check called
2026-07-20 21:07:14 - root - INFO - Health check called
2026-07-20 21:07:44 - root - INFO - Health check called
2026-07-20 21:08:15 - root - INFO - Health check called
2026-07-20 21:08:45 - root - INFO - Health check called
2026-07-20 21:09:15 - root - INFO - Health check called
2026-07-20 21:09:45 - root - INFO - Health check called
2026-07-20 21:10:15 - root - INFO - Health check called
2026-07-20 21:10:45 - root - INFO - Health check called
2026-07-20 21:11:15 - root - INFO - Health check called
2026-07-20 21:11:46 - root - INFO - Health check called
2026-07-20 21:12:16 - root - INFO - Health check called
2026-07-20 21:12:46 - root - INFO - Health check called
2026-07-20 21:13:16 - root - INFO - Health check called
2026-07-20 21:13:46 - root - INFO - Health check called
2026-07-20 21:14:16 - root - INFO - Health check called
2026-07-20 21:14:46 - root - INFO - Health check called
2026-07-20 21:15:17 - root - INFO - Health check called
2026-07-20 21:15:47 - root - INFO - Health check called
2026-07-20 21:16:17 - root - INFO - Health check called
2026-07-20 21:16:47 - root - INFO - Health check called
2026-07-20 21:17:17 - root - INFO - Health check called
2026-07-20 21:17:47 - root - INFO - Health check called
2026-07-20 21:18:17 - root - INFO - Health check called
2026-07-20 21:18:48 - root - INFO - Health check called
2026-07-20 21:19:18 - root - INFO - Health check called
2026-07-20 21:19:48 - root - INFO - Health check called
2026-07-20 21:20:18 - root - INFO - Health check called
2026-07-20 21:20:48 - root - INFO - Health check called
2026-07-20 21:21:18 - root - INFO - Health check called
2026-07-20 21:21:48 - root - INFO - Health check called
2026-07-20 21:22:19 - root - INFO - Health check called
2026-07-20 21:22:49 - root - INFO - Health check called
2026-07-20 21:23:19 - root - INFO - Health check called
2026-07-20 21:23:49 - root - INFO - Health check called
2026-07-20 21:24:19 - root - INFO - Health check called
2026-07-20 21:24:49 - root - INFO - Health check called
2026-07-20 21:25:19 - root - INFO - Health check called
2026-07-20 21:25:50 - root - INFO - Health check called
2026-07-20 21:26:20 - root - INFO - Health check called
2026-07-20 21:26:50 - root - INFO - Health check called
2026-07-20 21:27:20 - root - INFO - Health check called
2026-07-20 21:27:50 - root - INFO - Health check called
2026-07-20 21:28:20 - root - INFO - Health check called
2026-07-20 21:28:50 - root - INFO - Health check called
2026-07-20 21:29:21 - root - INFO - Health check called
2026-07-20 21:29:51 - root - INFO - Health check called
2026-07-20 21:30:21 - root - INFO - Health check called
2026-07-20 21:30:51 - root - INFO - Health check called
2026-07-20 21:31:21 - root - INFO - Health check called
2026-07-20 21:31:51 - root - INFO - Health check called
2026-07-20 21:32:21 - root - INFO - Health check called
2026-07-20 21:32:51 - root - INFO - Health check called
2026-07-20 21:33:22 - root - INFO - Health check called
2026-07-20 21:33:52 - root - INFO - Health check called
2026-07-20 21:34:22 - root - INFO - Health check called
2026-07-20 21:34:52 - root - INFO - Health check called
2026-07-20 21:35:22 - root - INFO - Health check called
2026-07-20 21:35:52 - root - INFO - Health check called
2026-07-20 21:36:22 - root - INFO - Health check called
2026-07-20 21:36:53 - root - INFO - Health check called
2026-07-20 21:37:23 - root - INFO - Health check called
2026-07-20 21:37:53 - root - INFO - Health check called
2026-07-20 21:38:23 - root - INFO - Health check called
2026-07-20 21:38:53 - root - INFO - Health check called
2026-07-20 21:39:23 - root - INFO - Health check called
2026-07-20 21:39:53 - root - INFO - Health check called
2026-07-20 21:40:24 - root - INFO - Health check called
2026-07-20 21:40:54 - root - INFO - Health check called
2026-07-20 21:41:24 - root - INFO - Health check called
2026-07-20 21:41:54 - root - INFO - Health check called
2026-07-20 21:42:24 - root - INFO - Health check called
2026-07-20 21:42:54 - root - INFO - Health check called
2026-07-20 21:43:24 - root - INFO - Health check called
2026-07-20 21:43:55 - root - INFO - Health check called
2026-07-20 21:44:25 - root - INFO - Health check called
2026-07-20 21:44:55 - root - INFO - Health check called
2026-07-20 21:45:25 - root - INFO - Health check called
2026-07-20 21:45:55 - root - INFO - Health check called
2026-07-20 21:46:25 - root - INFO - Health check called
2026-07-20 21:46:55 - root - INFO - Health check called
2026-07-20 21:47:25 - root - INFO - Health check called
2026-07-20 21:47:56 - root - INFO - Health check called
2026-07-20 21:48:26 - root - INFO - Health check called
2026-07-20 21:48:56 - root - INFO - Health check called
2026-07-20 21:49:26 - root - INFO - Health check called
2026-07-20 21:49:56 - root - INFO - Health check called
2026-07-20 21:50:26 - root - INFO - Health check called
2026-07-20 21:50:56 - root - INFO - Health check called
2026-07-20 21:51:27 - root - INFO - Health check called
2026-07-20 21:51:57 - root - INFO - Health check called
2026-07-20 21:52:27 - root - INFO - Health check called
2026-07-20 21:52:57 - root - INFO - Health check called
2026-07-20 21:53:27 - root - INFO - Health check called
2026-07-20 21:53:57 - root - INFO - Health check called
2026-07-20 21:54:27 - root - INFO - Health check called
2026-07-20 21:54:58 - root - INFO - Health check called
2026-07-20 21:55:28 - root - INFO - Health check called
2026-07-20 21:55:58 - root - INFO - Health check called
2026-07-20 21:56:28 - root - INFO - Health check called
2026-07-20 21:56:58 - root - INFO - Health check called
2026-07-20 21:57:28 - root - INFO - Health check called
2026-07-20 21:57:58 - root - INFO - Health check called
2026-07-20 21:58:29 - root - INFO - Health check called
2026-07-20 21:58:59 - root - INFO - Health check called
2026-07-20 21:59:29 - root - INFO - Health check called
2026-07-20 21:59:59 - root - INFO - Health check called
2026-07-20 22:00:29 - root - INFO - Health check called
2026-07-20 22:00:59 - root - INFO - Health check called
2026-07-20 22:01:29 - root - INFO - Health check called
2026-07-20 22:02:00 - root - INFO - Health check called
2026-07-20 22:02:30 - root - INFO - Health check called
2026-07-20 22:03:00 - root - INFO - Health check called
2026-07-20 22:03:30 - root - INFO - Health check called
2026-07-20 22:04:00 - root - INFO - Health check called
2026-07-20 22:04:30 - root - INFO - Health check called
2026-07-20 22:05:00 - root - INFO - Health check called
2026-07-20 22:05:31 - root - INFO - Health check called
2026-07-20 22:06:01 - root - INFO - Health check called
2026-07-20 22:06:31 - root - INFO - Health check called
2026-07-20 22:07:01 - root - INFO - Health check called
2026-07-20 22:07:31 - root - INFO - Health check called
2026-07-20 22:08:01 - root - INFO - Health check called
2026-07-20 22:08:31 - root - INFO - Health check called
2026-07-20 22:09:02 - root - INFO - Health check called
2026-07-20 22:09:32 - root - INFO - Health check called
2026-07-20 22:10:02 - root - INFO - Health check called
2026-07-20 22:10:32 - root - INFO - Health check called
2026-07-20 22:11:02 - root - INFO - Health check called
2026-07-20 22:11:32 - root - INFO - Health check called
2026-07-20 22:12:02 - root - INFO - Health check called
2026-07-20 22:12:33 - root - INFO - Health check called
2026-07-20 22:13:03 - root - INFO - Health check called
2026-07-20 22:13:33 - root - INFO - Health check called
2026-07-20 22:14:03 - root - INFO - Health check called
2026-07-20 22:14:33 - root - INFO - Health check called
2026-07-20 22:15:03 - root - INFO - Health check called
2026-07-20 22:15:33 - root - INFO - Health check called
2026-07-20 22:16:03 - root - INFO - Health check called
2026-07-20 22:16:34 - root - INFO - Health check called
2026-07-20 22:17:04 - root - INFO - Health check called
2026-07-20 22:17:34 - root - INFO - Health check called
2026-07-20 22:18:04 - root - INFO - Health check called
2026-07-20 22:18:34 - root - INFO - Health check called
2026-07-20 22:19:04 - root - INFO - Health check called
2026-07-20 22:19:34 - root - INFO - Health check called
2026-07-20 22:20:05 - root - INFO - Health check called
2026-07-20 22:20:35 - root - INFO - Health check called
2026-07-20 22:21:05 - root - INFO - Health check called
2026-07-20 22:21:35 - root - INFO - Health check called
2026-07-20 22:22:05 - root - INFO - Health check called
2026-07-20 22:22:35 - root - INFO - Health check called
2026-07-20 22:23:05 - root - INFO - Health check called
2026-07-20 22:23:36 - root - INFO - Health check called
2026-07-20 22:24:06 - root - INFO - Health check called
2026-07-20 22:24:36 - root - INFO - Health check called
2026-07-20 22:25:06 - root - INFO - Health check called
2026-07-20 22:25:36 - root - INFO - Health check called
2026-07-20 22:26:06 - root - INFO - Health check called
2026-07-20 22:26:36 - root - INFO - Health check called
2026-07-20 22:27:07 - root - INFO - Health check called
2026-07-20 22:27:37 - root - INFO - Health check called
2026-07-20 22:28:07 - root - INFO - Health check called
2026-07-20 22:28:37 - root - INFO - Health check called
2026-07-20 22:29:07 - root - INFO - Health check called
2026-07-20 22:29:37 - root - INFO - Health check called
2026-07-20 22:30:07 - root - INFO - Health check called
2026-07-20 22:30:38 - root - INFO - Health check called
2026-07-20 22:31:08 - root - INFO - Health check called
2026-07-20 22:31:38 - root - INFO - Health check called
2026-07-20 22:32:08 - root - INFO - Health check called
2026-07-20 22:32:38 - root - INFO - Health check called
2026-07-20 22:33:08 - root - INFO - Health check called
2026-07-20 22:33:38 - root - INFO - Health check called
2026-07-20 22:34:09 - root - INFO - Health check called
2026-07-20 22:34:39 - root - INFO - Health check called
2026-07-20 22:35:09 - root - INFO - Health check called
2026-07-20 22:35:39 - root - INFO - Health check called
2026-07-20 22:36:09 - root - INFO - Health check called
2026-07-20 22:36:39 - root - INFO - Health check called
2026-07-20 22:37:09 - root - INFO - Health check called
2026-07-20 22:37:39 - root - INFO - Health check called
2026-07-20 22:38:10 - root - INFO - Health check called
2026-07-20 22:38:40 - root - INFO - Health check called
2026-07-20 22:39:10 - root - INFO - Health check called
2026-07-20 22:39:40 - root - INFO - Health check called
2026-07-20 22:40:10 - root - INFO - Health check called
2026-07-20 22:40:40 - root - INFO - Health check called
2026-07-20 22:41:10 - root - INFO - Health check called
2026-07-20 22:41:41 - root - INFO - Health check called
2026-07-20 22:42:11 - root - INFO - Health check called
2026-07-20 22:42:41 - root - INFO - Health check called
2026-07-20 22:43:11 - root - INFO - Health check called
2026-07-20 22:43:41 - root - INFO - Health check called
2026-07-20 22:44:11 - root - INFO - Health check called
2026-07-20 22:44:41 - root - INFO - Health check called
2026-07-20 22:45:12 - root - INFO - Health check called
2026-07-20 22:45:42 - root - INFO - Health check called
2026-07-20 22:46:12 - root - INFO - Health check called
2026-07-20 22:46:42 - root - INFO - Health check called
2026-07-20 22:47:12 - root - INFO - Health check called
2026-07-20 22:47:42 - root - INFO - Health check called
2026-07-20 22:48:12 - root - INFO - Health check called
2026-07-20 22:48:43 - root - INFO - Health check called
2026-07-20 22:49:13 - root - INFO - Health check called
2026-07-20 22:49:43 - root - INFO - Health check called
2026-07-20 22:50:13 - root - INFO - Health check called
2026-07-20 22:50:43 - root - INFO - Health check called
2026-07-20 22:51:13 - root - INFO - Health check called
2026-07-20 22:51:43 - root - INFO - Health check called
2026-07-20 22:52:14 - root - INFO - Health check called
2026-07-20 22:52:44 - root - INFO - Health check called
2026-07-20 22:53:14 - root - INFO - Health check called
2026-07-20 22:53:44 - root - INFO - Health check called
2026-07-20 22:54:14 - root - INFO - Health check called
2026-07-20 22:54:44 - root - INFO - Health check called
2026-07-20 22:55:14 - root - INFO - Health check called
2026-07-20 22:55:45 - root - INFO - Health check called
2026-07-20 22:56:15 - root - INFO - Health check called
2026-07-20 22:56:45 - root - INFO - Health check called
2026-07-20 22:57:15 - root - INFO - Health check called
2026-07-20 22:57:45 - root - INFO - Health check called
2026-07-20 22:58:15 - root - INFO - Health check called
2026-07-20 22:58:45 - root - INFO - Health check called
2026-07-20 22:59:16 - root - INFO - Health check called
2026-07-20 22:59:46 - root - INFO - Health check called
2026-07-20 23:00:16 - root - INFO - Health check called
2026-07-20 23:00:46 - root - INFO - Health check called
2026-07-20 23:01:16 - root - INFO - Health check called
2026-07-20 23:01:46 - root - INFO - Health check called
2026-07-20 23:02:16 - root - INFO - Health check called
2026-07-20 23:02:46 - root - INFO - Health check called
2026-07-20 23:03:17 - root - INFO - Health check called
2026-07-20 23:03:47 - root - INFO - Health check called
2026-07-20 23:04:17 - root - INFO - Health check called
2026-07-20 23:04:47 - root - INFO - Health check called
2026-07-20 23:05:17 - root - INFO - Health check called
2026-07-20 23:05:47 - root - INFO - Health check called
2026-07-20 23:06:17 - root - INFO - Health check called
2026-07-20 23:06:48 - root - INFO - Health check called
2026-07-20 23:07:18 - root - INFO - Health check called
2026-07-20 23:07:48 - root - INFO - Health check called
2026-07-20 23:08:18 - root - INFO - Health check called
2026-07-20 23:08:48 - root - INFO - Health check called
2026-07-20 23:09:18 - root - INFO - Health check called
2026-07-20 23:09:48 - root - INFO - Health check called
2026-07-20 23:10:19 - root - INFO - Health check called
2026-07-20 23:10:49 - root - INFO - Health check called
2026-07-20 23:11:19 - root - INFO - Health check called
2026-07-20 23:11:49 - root - INFO - Health check called
2026-07-20 23:12:19 - root - INFO - Health check called
2026-07-20 23:12:49 - root - INFO - Health check called
2026-07-20 23:13:19 - root - INFO - Health check called
2026-07-20 23:13:50 - root - INFO - Health check called
2026-07-20 23:14:20 - root - INFO - Health check called
2026-07-20 23:14:50 - root - INFO - Health check called
2026-07-20 23:15:20 - root - INFO - Health check called
2026-07-20 23:15:50 - root - INFO - Health check called
2026-07-20 23:16:20 - root - INFO - Health check called
2026-07-20 23:16:50 - root - INFO - Health check called
2026-07-20 23:17:21 - root - INFO - Health check called
2026-07-20 23:17:51 - root - INFO - Health check called
2026-07-20 23:18:21 - root - INFO - Health check called
2026-07-20 23:18:51 - root - INFO - Health check called
2026-07-20 23:19:21 - root - INFO - Health check called
2026-07-20 23:19:51 - root - INFO - Health check called
2026-07-20 23:20:21 - root - INFO - Health check called
2026-07-20 23:20:52 - root - INFO - Health check called
2026-07-20 23:21:22 - root - INFO - Health check called
2026-07-20 23:21:52 - root - INFO - Health check called
2026-07-20 23:22:22 - root - INFO - Health check called
2026-07-20 23:22:52 - root - INFO - Health check called
2026-07-20 23:23:22 - root - INFO - Health check called
2026-07-20 23:23:52 - root - INFO - Health check called
2026-07-20 23:24:23 - root - INFO - Health check called
2026-07-20 23:24:53 - root - INFO - Health check called
2026-07-20 23:25:23 - root - INFO - Health check called
2026-07-20 23:25:53 - root - INFO - Health check called
2026-07-20 23:26:23 - root - INFO - Health check called
2026-07-20 23:26:53 - root - INFO - Health check called
2026-07-20 23:27:23 - root - INFO - Health check called
2026-07-20 23:27:54 - root - INFO - Health check called
2026-07-20 23:28:24 - root - INFO - Health check called
2026-07-20 23:28:54 - root - INFO - Health check called
2026-07-20 23:29:24 - root - INFO - Health check called
2026-07-20 23:29:54 - root - INFO - Health check called
2026-07-20 23:30:24 - root - INFO - Health check called
2026-07-20 23:30:54 - root - INFO - Health check called
2026-07-20 23:31:25 - root - INFO - Health check called
2026-07-20 23:31:55 - root - INFO - Health check called
2026-07-20 23:32:25 - root - INFO - Health check called
2026-07-20 23:32:55 - root - INFO - Health check called
2026-07-20 23:33:25 - root - INFO - Health check called
2026-07-20 23:33:55 - root - INFO - Health check called
2026-07-20 23:34:25 - root - INFO - Health check called
2026-07-20 23:34:55 - root - INFO - Health check called
2026-07-20 23:35:26 - root - INFO - Health check called
2026-07-20 23:35:56 - root - INFO - Health check called
2026-07-20 23:36:26 - root - INFO - Health check called
2026-07-20 23:36:56 - root - INFO - Health check called
2026-07-20 23:37:26 - root - INFO - Health check called
2026-07-20 23:37:56 - root - INFO - Health check called
2026-07-20 23:38:26 - root - INFO - Health check called
2026-07-20 23:38:57 - root - INFO - Health check called
2026-07-20 23:39:27 - root - INFO - Health check called
2026-07-20 23:39:57 - root - INFO - Health check called
2026-07-20 23:40:27 - root - INFO - Health check called
2026-07-20 23:40:57 - root - INFO - Health check called
2026-07-20 23:41:27 - root - INFO - Health check called
2026-07-20 23:41:57 - root - INFO - Health check called
2026-07-20 23:42:28 - root - INFO - Health check called
2026-07-20 23:42:58 - root - INFO - Health check called
2026-07-20 23:43:28 - root - INFO - Health check called
2026-07-20 23:43:58 - root - INFO - Health check called
2026-07-20 23:44:28 - root - INFO - Health check called
2026-07-20 23:44:58 - root - INFO - Health check called
2026-07-20 23:45:28 - root - INFO - Health check called
2026-07-20 23:45:59 - root - INFO - Health check called
2026-07-20 23:46:29 - root - INFO - Health check called
2026-07-20 23:46:59 - root - INFO - Health check called
2026-07-20 23:47:29 - root - INFO - Health check called
2026-07-20 23:47:59 - root - INFO - Health check called
2026-07-20 23:48:29 - root - INFO - Health check called
2026-07-20 23:48:59 - root - INFO - Health check called
2026-07-20 23:49:30 - root - INFO - Health check called
2026-07-20 23:50:00 - root - INFO - Health check called
2026-07-20 23:50:30 - root - INFO - Health check called
2026-07-20 23:51:00 - root - INFO - Health check called
2026-07-20 23:51:30 - root - INFO - Health check called
2026-07-20 23:52:00 - root - INFO - Health check called
2026-07-20 23:52:30 - root - INFO - Health check called
2026-07-20 23:53:01 - root - INFO - Health check called
2026-07-20 23:53:31 - root - INFO - Health check called
2026-07-20 23:54:01 - root - INFO - Health check called
2026-07-20 23:54:31 - root - INFO - Health check called
2026-07-20 23:55:01 - root - INFO - Health check called
2026-07-20 23:55:31 - root - INFO - Health check called
2026-07-20 23:56:01 - root - INFO - Health check called
2026-07-20 23:56:32 - root - INFO - Health check called
2026-07-20 23:57:02 - root - INFO - Health check called
2026-07-20 23:57:32 - root - INFO - Health check called
2026-07-20 23:58:02 - root - INFO - Health check called
2026-07-20 23:58:32 - root - INFO - Health check called
2026-07-20 23:59:02 - root - INFO - Health check called
2026-07-20 23:59:32 - root - INFO - Health check called
2026-07-21 00:00:03 - root - INFO - Health check called
2026-07-21 00:00:33 - root - INFO - Health check called
2026-07-21 00:01:03 - root - INFO - Health check called
2026-07-21 00:01:33 - root - INFO - Health check called
2026-07-21 00:02:03 - root - INFO - Health check called
2026-07-21 00:02:33 - root - INFO - Health check called
2026-07-21 00:03:03 - root - INFO - Health check called
2026-07-21 00:03:33 - root - INFO - Health check called
2026-07-21 00:04:04 - root - INFO - Health check called
2026-07-21 00:04:34 - root - INFO - Health check called
2026-07-21 00:05:04 - root - INFO - Health check called
2026-07-21 00:05:34 - root - INFO - Health check called
2026-07-21 00:06:04 - root - INFO - Health check called
2026-07-21 00:06:34 - root - INFO - Health check called
2026-07-21 00:07:04 - root - INFO - Health check called
2026-07-21 00:07:35 - root - INFO - Health check called
2026-07-21 00:08:05 - root - INFO - Health check called
2026-07-21 00:08:35 - root - INFO - Health check called
2026-07-21 00:09:05 - root - INFO - Health check called
2026-07-21 00:09:35 - root - INFO - Health check called
2026-07-21 00:10:05 - root - INFO - Health check called
2026-07-21 00:10:35 - root - INFO - Health check called
2026-07-21 00:11:06 - root - INFO - Health check called
2026-07-21 00:11:36 - root - INFO - Health check called
2026-07-21 00:12:06 - root - INFO - Health check called
2026-07-21 00:12:36 - root - INFO - Health check called
2026-07-21 00:13:06 - root - INFO - Health check called
2026-07-21 00:13:36 - root - INFO - Health check called
2026-07-21 00:14:06 - root - INFO - Health check called
2026-07-21 00:14:37 - root - INFO - Health check called
2026-07-21 00:15:07 - root - INFO - Health check called
2026-07-21 00:15:37 - root - INFO - Health check called
2026-07-21 00:16:07 - root - INFO - Health check called
2026-07-21 00:16:37 - root - INFO - Health check called
2026-07-21 00:17:07 - root - INFO - Health check called
2026-07-21 00:17:37 - root - INFO - Health check called
2026-07-21 00:18:08 - root - INFO - Health check called
2026-07-21 00:18:38 - root - INFO - Health check called
2026-07-21 00:19:08 - root - INFO - Health check called
2026-07-21 00:19:38 - root - INFO - Health check called
2026-07-21 00:20:08 - root - INFO - Health check called
2026-07-21 00:20:38 - root - INFO - Health check called
2026-07-21 00:21:08 - root - INFO - Health check called
2026-07-21 00:21:39 - root - INFO - Health check called
2026-07-21 00:22:09 - root - INFO - Health check called
2026-07-21 00:22:39 - root - INFO - Health check called
2026-07-21 00:23:09 - root - INFO - Health check called
2026-07-21 00:23:39 - root - INFO - Health check called
2026-07-21 00:24:09 - root - INFO - Health check called
2026-07-21 00:24:39 - root - INFO - Health check called
2026-07-21 00:25:10 - root - INFO - Health check called
2026-07-21 00:25:40 - root - INFO - Health check called
2026-07-21 00:26:10 - root - INFO - Health check called
2026-07-21 00:26:40 - root - INFO - Health check called
2026-07-21 00:27:10 - root - INFO - Health check called
2026-07-21 00:27:40 - root - INFO - Health check called
2026-07-21 00:28:10 - root - INFO - Health check called
2026-07-21 00:28:40 - root - INFO - Health check called
2026-07-21 00:29:11 - root - INFO - Health check called
2026-07-21 00:29:41 - root - INFO - Health check called
2026-07-21 00:30:11 - root - INFO - Health check called
2026-07-21 00:30:41 - root - INFO - Health check called
2026-07-21 00:31:11 - root - INFO - Health check called
2026-07-21 00:31:41 - root - INFO - Health check called
2026-07-21 00:32:11 - root - INFO - Health check called
2026-07-21 00:32:42 - root - INFO - Health check called
2026-07-23 14:21:42 - root - INFO - TELEGRAM_WEBHOOK_URL not set — skipping webhook registration
2026-07-23 14:22:12 - root - INFO - Health check called
2026-07-23 14:22:42 - root - INFO - Health check called
2026-07-23 14:23:12 - root - INFO - Health check called
2026-07-23 14:23:43 - root - INFO - Health check called
2026-07-23 14:24:13 - root - INFO - Health check called
2026-07-23 14:24:17 - app.api.v1.endpoints.users - INFO - MODIFIED get_garage called, has_new_code=True
2026-07-23 14:24:41 - app.core.protection_middleware - ERROR - Protection middleware error: Error -2 connecting to redis:6379. Name or service not known.
2026-07-23 14:24:49 - root - INFO - Health check called
2026-07-23 14:24:49 - app.core.protection_middleware - ERROR - Protection middleware error: Error -2 connecting to redis:6379. Name or service not known.
2026-07-23 14:24:58 - app.core.protection_middleware - ERROR - Protection middleware error: Error -2 connecting to redis:6379. Name or service not known.
2026-07-23 14:25:05 - app.core.protection_middleware - ERROR - Protection middleware error: Error -2 connecting to redis:6379. Name or service not known.
2026-07-23 14:25:14 - app.core.protection_middleware - ERROR - Protection middleware error: Error -2 connecting to redis:6379. Name or service not known.
2026-07-23 14:25:21 - app.core.protection_middleware - ERROR - Protection middleware error: Error -2 connecting to redis:6379. Name or service not known.
2026-07-23 14:25:21 - root - INFO - Health check called
2026-07-23 14:25:30 - app.core.protection_middleware - ERROR - Protection middleware error: Error -2 connecting to redis:6379. Name or service not known.
2026-07-23 14:25:37 - app.core.protection_middleware - ERROR - Protection middleware error: Error -2 connecting to redis:6379. Name or service not known.
2026-07-23 14:25:46 - app.core.protection_middleware - ERROR - Protection middleware error: Error -2 connecting to redis:6379. Name or service not known.
2026-07-23 14:25:53 - app.core.protection_middleware - ERROR - Protection middleware error: Error -2 connecting to redis:6379. Name or service not known.
2026-07-23 14:25:53 - root - INFO - Health check called
2026-07-23 14:26:02 - app.core.protection_middleware - ERROR - Protection middleware error: Error 111 connecting to redis:6379. Connection refused.
2026-07-23 14:26:09 - app.core.protection_middleware - ERROR - Protection middleware error: Error -2 connecting to redis:6379. Name or service not known.
2026-07-23 14:26:18 - app.core.protection_middleware - ERROR - Protection middleware error: Error -2 connecting to redis:6379. Name or service not known.
2026-07-23 14:26:26 - root - INFO - Health check called
2026-07-23 14:26:26 - app.core.protection_middleware - ERROR - Protection middleware error: Error -2 connecting to redis:6379. Name or service not known.
2026-07-23 14:26:35 - app.core.protection_middleware - ERROR - Protection middleware error: Error -2 connecting to redis:6379. Name or service not known.
2026-07-23 14:26:42 - app.core.protection_middleware - ERROR - Protection middleware error: Error -2 connecting to redis:6379. Name or service not known.
2026-07-23 14:26:51 - app.core.protection_middleware - ERROR - Protection middleware error: Error -2 connecting to redis:6379. Name or service not known.
2026-07-23 14:26:58 - root - INFO - Health check called
2026-07-23 14:26:58 - app.core.protection_middleware - ERROR - Protection middleware error: Error -2 connecting to redis:6379. Name or service not known.
2026-07-23 14:27:07 - app.core.protection_middleware - ERROR - Protection middleware error: Error -2 connecting to redis:6379. Name or service not known.
2026-07-23 14:27:14 - app.core.protection_middleware - ERROR - Protection middleware error: Error -2 connecting to redis:6379. Name or service not known.
2026-07-23 14:27:23 - app.core.protection_middleware - ERROR - Protection middleware error: Error -2 connecting to redis:6379. Name or service not known.
2026-07-23 14:27:30 - root - INFO - Health check called
2026-07-23 14:27:30 - app.core.protection_middleware - ERROR - Protection middleware error: Error -2 connecting to redis:6379. Name or service not known.
2026-07-23 14:28:00 - root - INFO - Health check called
2026-07-23 14:28:35 - root - INFO - Health check called
2026-07-23 14:29:08 - root - INFO - Health check called
2026-07-23 14:29:38 - root - INFO - Health check called
2026-07-23 14:29:56 - httpx - INFO - HTTP Request: POST https://api.novaposhta.ua/v2.0/json/ "HTTP/1.1 200 OK"
2026-07-23 14:29:56 - httpx - INFO - HTTP Request: POST https://api.novaposhta.ua/v2.0/json/ "HTTP/1.1 200 OK"
2026-07-23 14:29:56 - httpx - INFO - HTTP Request: POST https://api.novaposhta.ua/v2.0/json/ "HTTP/1.1 200 OK"
2026-07-23 14:30:08 - root - INFO - Health check called
2026-07-23 14:30:43 - root - INFO - Health check called
2026-07-23 14:31:15 - root - INFO - Health check called
2026-07-23 14:31:47 - root - INFO - Health check called
2026-07-23 14:32:20 - root - INFO - Health check called
2026-07-23 14:32:52 - root - INFO - Health check called
2026-07-23 14:33:23 - root - INFO - TELEGRAM_WEBHOOK_URL not set — skipping webhook registration
2026-07-23 14:33:23 - root - INFO - Health check called
2026-07-23 14:33:53 - root - INFO - Health check called
2026-07-23 14:34:23 - root - INFO - Health check called
2026-07-23 14:34:54 - root - INFO - Health check called
2026-07-23 14:35:24 - root - INFO - Health check called
2026-07-23 14:35:31 - root - INFO - TELEGRAM_WEBHOOK_URL not set — skipping webhook registration
2026-07-23 14:35:54 - root - INFO - Health check called
2026-07-23 14:36:24 - root - INFO - Health check called
2026-07-23 14:36:54 - root - INFO - Health check called
2026-07-23 14:37:24 - root - INFO - Health check called
2026-07-23 14:37:55 - root - INFO - Health check called
2026-07-23 14:38:10 - root - INFO - TELEGRAM_WEBHOOK_URL not set — skipping webhook registration
2026-07-23 14:38:25 - root - INFO - Health check called
2026-07-23 14:38:55 - root - INFO - Health check called
2026-07-23 14:39:25 - root - INFO - Health check called
2026-07-23 14:39:55 - root - INFO - Health check called
2026-07-23 14:40:25 - root - INFO - Health check called
2026-07-23 14:40:55 - root - INFO - Health check called
2026-07-23 14:41:26 - root - INFO - Health check called
2026-07-23 14:41:56 - root - INFO - Health check called
2026-07-23 14:42:26 - root - INFO - Health check called
2026-07-23 14:42:56 - root - INFO - Health check called
2026-07-23 14:43:26 - root - INFO - Health check called
2026-07-23 14:43:56 - root - INFO - Health check called
2026-07-23 14:44:26 - root - INFO - Health check called
2026-07-23 14:44:57 - root - INFO - Health check called
2026-07-23 14:45:27 - root - INFO - Health check called
2026-07-23 14:45:57 - root - INFO - Health check called
2026-07-23 14:46:27 - root - INFO - Health check called
2026-07-23 14:46:57 - root - INFO - Health check called
2026-07-23 14:47:27 - root - INFO - Health check called
2026-07-23 14:47:58 - root - INFO - Health check called
2026-07-23 14:48:28 - root - INFO - Health check called
2026-07-23 14:48:58 - root - INFO - Health check called
2026-07-23 14:49:32 - root - INFO - Health check called
2026-07-23 14:50:02 - root - INFO - Health check called
2026-07-23 14:50:32 - root - INFO - Health check called
2026-07-23 14:51:02 - root - INFO - Health check called
2026-07-23 14:51:32 - root - INFO - Health check called
2026-07-23 14:52:02 - root - INFO - Health check called
2026-07-23 14:52:33 - root - INFO - Health check called
2026-07-23 14:53:03 - root - INFO - Health check called
2026-07-23 14:53:33 - root - INFO - Health check called
2026-07-23 14:54:03 - root - INFO - Health check called
2026-07-23 14:54:33 - root - INFO - Health check called
2026-07-23 14:55:03 - root - INFO - Health check called
2026-07-23 14:55:33 - root - INFO - Health check called
2026-07-23 14:56:04 - root - INFO - Health check called
2026-07-23 14:56:34 - root - INFO - Health check called
2026-07-23 14:57:04 - root - INFO - Health check called
2026-07-23 14:57:34 - root - INFO - Health check called
2026-07-23 14:58:04 - root - INFO - Health check called
2026-07-23 14:58:34 - root - INFO - Health check called
2026-07-23 14:59:04 - root - INFO - Health check called
2026-07-23 14:59:35 - root - INFO - Health check called
2026-07-23 15:00:05 - root - INFO - Health check called
2026-07-23 15:00:35 - root - INFO - Health check called
2026-07-23 15:01:05 - root - INFO - Health check called
2026-07-23 15:01:35 - root - INFO - Health check called
2026-07-23 15:02:06 - root - INFO - Health check called
2026-07-23 15:02:36 - root - INFO - Health check called
2026-07-23 15:03:06 - root - INFO - Health check called
2026-07-23 15:03:36 - root - INFO - Health check called
2026-07-23 15:04:06 - root - INFO - Health check called
2026-07-23 15:04:36 - root - INFO - Health check called
2026-07-23 15:05:07 - root - INFO - Health check called
2026-07-23 15:05:37 - root - INFO - Health check called
2026-07-23 15:06:07 - root - INFO - Health check called
2026-07-23 15:06:37 - root - INFO - Health check called
2026-07-23 15:07:07 - root - INFO - Health check called
2026-07-23 15:07:37 - root - INFO - Health check called
2026-07-23 15:08:08 - root - INFO - Health check called
2026-07-23 15:08:38 - root - INFO - Health check called
2026-07-23 15:09:08 - root - INFO - Health check called
2026-07-23 15:09:38 - root - INFO - Health check called
2026-07-23 15:10:08 - root - INFO - Health check called
2026-07-23 15:10:38 - root - INFO - Health check called
2026-07-23 15:11:08 - root - INFO - Health check called
2026-07-23 15:11:39 - root - INFO - Health check called
2026-07-23 15:12:09 - root - INFO - Health check called
2026-07-23 15:12:39 - root - INFO - Health check called
2026-07-23 15:13:09 - root - INFO - Health check called
2026-07-23 15:13:39 - root - INFO - Health check called
2026-07-23 15:14:09 - root - INFO - Health check called
2026-07-23 15:14:39 - root - INFO - Health check called
2026-07-23 15:15:10 - root - INFO - Health check called
2026-07-23 15:15:40 - root - INFO - Health check called
2026-07-23 15:16:10 - root - INFO - Health check called
2026-07-23 15:16:40 - root - INFO - Health check called
2026-07-23 15:17:10 - root - INFO - Health check called
2026-07-23 15:17:40 - root - INFO - Health check called
2026-07-23 15:18:10 - root - INFO - Health check called
2026-07-23 15:18:41 - root - INFO - Health check called
2026-07-23 15:19:11 - root - INFO - Health check called
2026-07-23 15:19:41 - root - INFO - Health check called
2026-07-23 15:20:11 - root - INFO - Health check called
2026-07-23 15:20:41 - root - INFO - Health check called
2026-07-23 15:21:11 - root - INFO - Health check called
2026-07-23 15:21:41 - root - INFO - Health check called
2026-07-23 15:22:12 - root - INFO - Health check called
2026-07-23 15:22:42 - root - INFO - Health check called
2026-07-23 15:23:12 - root - INFO - Health check called
2026-07-23 15:23:42 - root - INFO - Health check called
2026-07-23 15:24:12 - root - INFO - Health check called
2026-07-23 15:24:42 - root - INFO - Health check called
2026-07-23 15:25:12 - root - INFO - Health check called
2026-07-23 15:25:42 - root - INFO - Health check called
2026-07-23 15:26:13 - root - INFO - Health check called
2026-07-23 15:26:43 - root - INFO - Health check called
2026-07-23 15:27:13 - root - INFO - Health check called
2026-07-23 15:27:43 - root - INFO - Health check called
2026-07-23 15:28:13 - root - INFO - Health check called
2026-07-23 15:28:43 - root - INFO - Health check called
2026-07-23 15:29:13 - root - INFO - Health check called
2026-07-23 15:29:44 - root - INFO - Health check called
2026-07-23 15:30:14 - root - INFO - Health check called
2026-07-23 15:30:44 - root - INFO - Health check called
2026-07-23 15:31:14 - root - INFO - Health check called
2026-07-23 15:31:44 - root - INFO - Health check called
2026-07-23 15:32:14 - root - INFO - Health check called
2026-07-23 15:32:44 - root - INFO - Health check called
2026-07-23 15:33:15 - root - INFO - Health check called
2026-07-23 15:33:45 - root - INFO - Health check called
2026-07-23 15:34:15 - root - INFO - Health check called
2026-07-23 15:34:45 - root - INFO - Health check called
2026-07-23 15:35:15 - root - INFO - Health check called
2026-07-23 15:35:45 - root - INFO - Health check called
2026-07-23 15:36:15 - root - INFO - Health check called
2026-07-23 15:36:46 - root - INFO - Health check called
2026-07-23 15:37:16 - root - INFO - Health check called
2026-07-23 15:37:46 - root - INFO - Health check called
2026-07-23 15:38:16 - root - INFO - Health check called
2026-07-23 15:38:46 - root - INFO - Health check called
2026-07-23 15:39:16 - root - INFO - Health check called
2026-07-23 15:39:46 - root - INFO - Health check called
2026-07-23 15:40:17 - root - INFO - Health check called
2026-07-23 15:40:47 - root - INFO - Health check called
2026-07-23 15:41:17 - root - INFO - Health check called
2026-07-23 15:41:47 - root - INFO - Health check called
2026-07-23 15:42:17 - root - INFO - Health check called
2026-07-23 15:42:47 - root - INFO - Health check called
2026-07-23 15:43:17 - root - INFO - Health check called
2026-07-23 15:43:48 - root - INFO - Health check called
2026-07-23 15:44:18 - root - INFO - Health check called
2026-07-23 15:44:48 - root - INFO - Health check called
2026-07-23 15:45:18 - root - INFO - Health check called
2026-07-23 15:45:48 - root - INFO - Health check called
2026-07-23 15:46:18 - root - INFO - Health check called
2026-07-23 15:46:48 - root - INFO - Health check called
2026-07-23 15:47:19 - root - INFO - Health check called
2026-07-23 15:47:49 - root - INFO - Health check called
2026-07-23 15:48:19 - root - INFO - Health check called
2026-07-23 15:48:49 - root - INFO - Health check called
2026-07-23 15:49:19 - root - INFO - Health check called
2026-07-23 15:49:49 - root - INFO - Health check called
2026-07-23 15:50:19 - root - INFO - Health check called
2026-07-23 15:50:49 - root - INFO - Health check called
2026-07-23 15:51:20 - root - INFO - Health check called
2026-07-23 15:51:50 - root - INFO - Health check called
2026-07-23 15:52:20 - root - INFO - Health check called
2026-07-23 15:52:50 - root - INFO - Health check called
2026-07-23 15:53:20 - root - INFO - Health check called
2026-07-23 15:53:50 - root - INFO - Health check called
2026-07-23 15:54:20 - root - INFO - Health check called
2026-07-23 15:54:51 - root - INFO - Health check called
2026-07-23 15:55:21 - root - INFO - Health check called
2026-07-23 15:55:51 - root - INFO - Health check called
2026-07-23 15:56:21 - root - INFO - Health check called
2026-07-23 15:56:51 - root - INFO - Health check called
2026-07-23 15:57:21 - root - INFO - Health check called
2026-07-23 15:57:51 - root - INFO - Health check called
2026-07-23 15:58:22 - root - INFO - Health check called
2026-07-23 15:58:52 - root - INFO - Health check called
2026-07-23 15:59:22 - root - INFO - Health check called
2026-07-23 15:59:52 - root - INFO - Health check called
2026-07-23 16:00:22 - root - INFO - Health check called
2026-07-23 16:00:52 - root - INFO - Health check called
2026-07-23 16:01:22 - root - INFO - Health check called
2026-07-23 16:01:53 - root - INFO - Health check called
2026-07-23 16:02:23 - root - INFO - Health check called
2026-07-23 16:02:53 - root - INFO - Health check called
2026-07-23 16:03:23 - root - INFO - Health check called
2026-07-23 16:03:53 - root - INFO - Health check called
2026-07-23 16:04:23 - root - INFO - Health check called
2026-07-23 16:04:53 - root - INFO - Health check called
2026-07-23 16:05:24 - root - INFO - Health check called
2026-07-23 16:05:54 - root - INFO - Health check called
2026-07-23 16:06:24 - root - INFO - Health check called
2026-07-23 16:06:54 - root - INFO - Health check called
2026-07-23 16:07:24 - root - INFO - Health check called
2026-07-23 16:07:54 - root - INFO - Health check called
2026-07-23 16:08:24 - root - INFO - Health check called
2026-07-23 16:08:55 - root - INFO - Health check called
2026-07-23 16:09:25 - root - INFO - Health check called
2026-07-23 16:09:55 - root - INFO - Health check called
2026-07-23 16:10:25 - root - INFO - Health check called
2026-07-23 16:10:55 - root - INFO - Health check called
2026-07-23 16:11:25 - root - INFO - Health check called
2026-07-23 16:11:55 - root - INFO - Health check called
2026-07-23 16:12:26 - root - INFO - Health check called
2026-07-23 16:12:56 - root - INFO - Health check called
2026-07-23 16:13:26 - root - INFO - Health check called
2026-07-23 16:13:56 - root - INFO - Health check called
2026-07-23 16:14:26 - root - INFO - Health check called
2026-07-23 16:14:56 - root - INFO - Health check called
2026-07-23 16:15:26 - root - INFO - Health check called
2026-07-23 16:15:56 - root - INFO - Health check called
2026-07-23 16:16:27 - root - INFO - Health check called
2026-07-23 16:16:57 - root - INFO - Health check called
2026-07-23 16:17:27 - root - INFO - Health check called
2026-07-23 16:17:57 - root - INFO - Health check called
2026-07-23 16:18:27 - root - INFO - Health check called
2026-07-23 16:18:57 - root - INFO - Health check called
2026-07-23 16:19:27 - root - INFO - Health check called
2026-07-23 16:19:58 - root - INFO - Health check called
2026-07-23 16:20:28 - root - INFO - Health check called
2026-07-23 16:20:58 - root - INFO - Health check called
2026-07-23 16:21:28 - root - INFO - Health check called
2026-07-23 16:21:58 - root - INFO - Health check called
2026-07-23 16:22:28 - root - INFO - Health check called
2026-07-23 16:22:58 - root - INFO - Health check called
2026-07-23 16:23:29 - root - INFO - Health check called
2026-07-23 16:23:59 - root - INFO - Health check called
2026-07-23 16:24:29 - root - INFO - Health check called
2026-07-23 16:24:59 - root - INFO - Health check called
2026-07-23 16:25:29 - root - INFO - Health check called
2026-07-23 16:25:59 - root - INFO - Health check called
2026-07-23 16:26:29 - root - INFO - Health check called
2026-07-23 16:26:59 - root - INFO - Health check called
2026-07-23 16:27:30 - root - INFO - Health check called
2026-07-23 16:28:00 - root - INFO - Health check called
2026-07-23 16:28:30 - root - INFO - Health check called
2026-07-23 16:29:00 - root - INFO - Health check called
2026-07-23 16:29:30 - root - INFO - Health check called
2026-07-23 16:30:00 - root - INFO - Health check called
2026-07-23 16:30:30 - root - INFO - Health check called
2026-07-23 16:31:01 - root - INFO - Health check called
2026-07-23 16:31:31 - root - INFO - Health check called
2026-07-23 16:32:01 - root - INFO - Health check called
2026-07-23 16:32:31 - root - INFO - Health check called
2026-07-23 16:33:01 - root - INFO - Health check called
2026-07-23 16:33:31 - root - INFO - Health check called
2026-07-23 16:34:01 - root - INFO - Health check called
2026-07-23 16:34:31 - root - INFO - Health check called
2026-07-23 16:35:02 - root - INFO - Health check called
2026-07-23 16:35:32 - root - INFO - Health check called
2026-07-23 16:36:02 - root - INFO - Health check called
2026-07-23 16:36:32 - root - INFO - Health check called
2026-07-23 16:37:02 - root - INFO - Health check called
2026-07-23 16:37:32 - root - INFO - Health check called
2026-07-23 16:38:02 - root - INFO - Health check called
2026-07-23 16:38:33 - root - INFO - Health check called
2026-07-23 16:39:03 - root - INFO - Health check called
2026-07-23 16:39:33 - root - INFO - Health check called
2026-07-23 16:40:03 - root - INFO - Health check called
2026-07-23 16:40:33 - root - INFO - Health check called
2026-07-23 16:41:03 - root - INFO - Health check called
2026-07-23 16:41:33 - root - INFO - Health check called
2026-07-23 16:42:04 - root - INFO - Health check called
2026-07-23 16:42:34 - root - INFO - Health check called
2026-07-23 16:43:04 - root - INFO - Health check called
2026-07-23 16:43:34 - root - INFO - Health check called
2026-07-23 16:44:04 - root - INFO - Health check called
2026-07-23 16:44:34 - root - INFO - Health check called
2026-07-23 16:45:04 - root - INFO - Health check called
2026-07-23 16:45:35 - root - INFO - Health check called
2026-07-23 16:46:05 - root - INFO - Health check called
2026-07-23 16:46:35 - root - INFO - Health check called
2026-07-23 16:47:05 - root - INFO - Health check called
2026-07-23 16:47:35 - root - INFO - Health check called
2026-07-23 16:48:05 - root - INFO - Health check called
2026-07-23 16:48:35 - root - INFO - Health check called
2026-07-23 16:49:06 - root - INFO - Health check called
2026-07-23 16:49:36 - root - INFO - Health check called
2026-07-23 16:50:06 - root - INFO - Health check called
2026-07-23 16:50:36 - root - INFO - Health check called
2026-07-23 16:51:06 - root - INFO - Health check called
2026-07-23 16:51:36 - root - INFO - Health check called
2026-07-23 16:52:06 - root - INFO - Health check called
2026-07-23 16:52:36 - root - INFO - Health check called
2026-07-23 16:53:07 - root - INFO - Health check called
2026-07-23 16:53:37 - root - INFO - Health check called
2026-07-23 16:54:07 - root - INFO - Health check called
2026-07-23 16:54:37 - root - INFO - Health check called
2026-07-23 16:55:07 - root - INFO - Health check called
2026-07-23 16:55:37 - root - INFO - Health check called
2026-07-23 16:56:07 - root - INFO - Health check called
2026-07-23 16:56:38 - root - INFO - Health check called
2026-07-23 16:57:08 - root - INFO - Health check called
2026-07-23 16:57:38 - root - INFO - Health check called
2026-07-23 16:58:08 - root - INFO - Health check called
2026-07-23 16:58:38 - root - INFO - Health check called
2026-07-23 16:59:08 - root - INFO - Health check called
2026-07-23 16:59:38 - root - INFO - Health check called
2026-07-23 17:00:09 - root - INFO - Health check called
2026-07-23 17:00:39 - root - INFO - Health check called
2026-07-23 17:01:09 - root - INFO - Health check called
2026-07-23 17:01:39 - root - INFO - Health check called
2026-07-23 17:02:09 - root - INFO - Health check called
2026-07-23 17:02:39 - root - INFO - Health check called
2026-07-23 17:03:09 - root - INFO - Health check called
2026-07-23 17:03:40 - root - INFO - Health check called
2026-07-23 17:04:10 - root - INFO - Health check called
2026-07-23 17:04:40 - root - INFO - Health check called
2026-07-23 17:05:10 - root - INFO - Health check called
2026-07-23 17:05:40 - root - INFO - Health check called
2026-07-23 17:06:10 - root - INFO - Health check called
2026-07-23 17:06:40 - root - INFO - Health check called
2026-07-23 17:07:11 - root - INFO - Health check called
2026-07-23 17:07:41 - root - INFO - Health check called
2026-07-23 17:08:11 - root - INFO - Health check called
2026-07-23 17:08:41 - root - INFO - Health check called
2026-07-23 17:09:11 - root - INFO - Health check called
2026-07-23 17:09:41 - root - INFO - Health check called
2026-07-23 17:10:11 - root - INFO - Health check called
2026-07-23 17:10:42 - root - INFO - Health check called
2026-07-23 17:11:12 - root - INFO - Health check called
2026-07-23 17:11:42 - root - INFO - Health check called
2026-07-23 17:12:12 - root - INFO - Health check called
2026-07-23 17:12:42 - root - INFO - Health check called
2026-07-23 17:13:12 - root - INFO - Health check called
2026-07-23 17:13:42 - root - INFO - Health check called
2026-07-23 17:14:13 - root - INFO - Health check called
2026-07-23 17:14:43 - root - INFO - Health check called
2026-07-23 17:15:13 - root - INFO - Health check called
2026-07-23 17:15:43 - root - INFO - Health check called
2026-07-23 17:16:13 - root - INFO - Health check called
2026-07-23 17:16:43 - root - INFO - Health check called
2026-07-23 17:17:13 - root - INFO - Health check called
2026-07-23 17:17:43 - root - INFO - Health check called
2026-07-23 17:18:14 - root - INFO - Health check called
2026-07-23 17:18:44 - root - INFO - Health check called
2026-07-23 17:19:14 - root - INFO - Health check called
2026-07-23 17:19:44 - root - INFO - Health check called
2026-07-23 17:20:14 - root - INFO - Health check called
2026-07-23 17:20:44 - root - INFO - Health check called
2026-07-23 17:21:14 - root - INFO - Health check called
2026-07-23 17:21:45 - root - INFO - Health check called
2026-07-23 17:22:15 - root - INFO - Health check called
2026-07-23 17:22:45 - root - INFO - Health check called
2026-07-23 17:23:15 - root - INFO - Health check called
2026-07-23 17:23:45 - root - INFO - Health check called
2026-07-23 17:24:15 - root - INFO - Health check called
2026-07-23 17:24:45 - root - INFO - Health check called
2026-07-23 17:25:16 - root - INFO - Health check called
2026-07-23 17:25:46 - root - INFO - Health check called
2026-07-23 17:26:16 - root - INFO - Health check called
2026-07-23 17:26:46 - root - INFO - Health check called
2026-07-23 17:27:16 - root - INFO - Health check called
2026-07-23 17:27:46 - root - INFO - Health check called
2026-07-23 17:28:16 - root - INFO - Health check called
2026-07-23 17:28:47 - root - INFO - Health check called
2026-07-23 17:29:17 - root - INFO - Health check called
2026-07-23 17:29:47 - root - INFO - Health check called
2026-07-23 17:30:17 - root - INFO - Health check called
2026-07-23 17:30:47 - root - INFO - Health check called
2026-07-23 17:31:17 - root - INFO - Health check called
2026-07-23 17:31:47 - root - INFO - Health check called
2026-07-23 17:32:18 - root - INFO - Health check called
2026-07-23 17:32:48 - root - INFO - Health check called
2026-07-23 17:33:18 - root - INFO - Health check called
2026-07-23 17:33:48 - root - INFO - Health check called
2026-07-23 17:34:18 - root - INFO - Health check called
2026-07-23 17:34:48 - root - INFO - Health check called
2026-07-23 17:35:18 - root - INFO - Health check called
2026-07-23 17:35:48 - root - INFO - Health check called
2026-07-23 17:36:19 - root - INFO - Health check called
2026-07-23 17:36:49 - root - INFO - Health check called
2026-07-23 17:37:19 - root - INFO - Health check called
2026-07-23 17:37:49 - root - INFO - Health check called
2026-07-23 17:38:19 - root - INFO - Health check called
2026-07-23 17:38:49 - root - INFO - Health check called
2026-07-23 17:39:19 - root - INFO - Health check called
2026-07-23 17:39:50 - root - INFO - Health check called
2026-07-23 17:40:20 - root - INFO - Health check called
2026-07-23 17:40:50 - root - INFO - Health check called
2026-07-23 17:41:20 - root - INFO - Health check called
2026-07-23 17:41:50 - root - INFO - Health check called
2026-07-23 17:42:20 - root - INFO - Health check called
2026-07-23 17:42:50 - root - INFO - Health check called
2026-07-23 17:43:21 - root - INFO - Health check called
2026-07-23 17:43:51 - root - INFO - Health check called
2026-07-23 17:44:21 - root - INFO - Health check called
2026-07-23 17:44:51 - root - INFO - Health check called
2026-07-23 17:45:21 - root - INFO - Health check called
2026-07-23 17:45:51 - root - INFO - Health check called
2026-07-23 17:46:21 - root - INFO - Health check called
2026-07-23 17:46:52 - root - INFO - Health check called
2026-07-23 17:47:22 - root - INFO - Health check called
2026-07-23 17:47:52 - root - INFO - Health check called
2026-07-23 17:48:22 - root - INFO - Health check called
2026-07-23 17:48:52 - root - INFO - Health check called
2026-07-23 17:49:22 - root - INFO - Health check called
2026-07-23 17:49:52 - root - INFO - Health check called
2026-07-23 17:50:23 - root - INFO - Health check called
2026-07-23 17:50:53 - root - INFO - Health check called
2026-07-23 17:51:23 - root - INFO - Health check called
2026-07-23 17:51:53 - root - INFO - Health check called
2026-07-23 17:52:23 - root - INFO - Health check called
2026-07-23 17:52:53 - root - INFO - Health check called
2026-07-23 17:53:23 - root - INFO - Health check called
2026-07-23 17:53:54 - root - INFO - Health check called
2026-07-23 17:54:24 - root - INFO - Health check called
2026-07-23 17:54:54 - root - INFO - Health check called
2026-07-23 17:55:24 - root - INFO - Health check called
2026-07-23 17:55:54 - root - INFO - Health check called
2026-07-23 17:56:24 - root - INFO - Health check called
2026-07-23 17:56:54 - root - INFO - Health check called
2026-07-23 17:57:25 - root - INFO - Health check called
2026-07-23 17:57:55 - root - INFO - Health check called
2026-07-23 17:58:25 - root - INFO - Health check called
2026-07-23 17:58:55 - root - INFO - Health check called
2026-07-23 17:59:25 - root - INFO - Health check called
2026-07-23 17:59:55 - root - INFO - Health check called
2026-07-23 18:00:25 - root - INFO - Health check called
2026-07-23 18:00:56 - root - INFO - Health check called
2026-07-23 18:01:26 - root - INFO - Health check called
2026-07-23 18:01:56 - root - INFO - Health check called
2026-07-23 18:02:26 - root - INFO - Health check called
2026-07-23 18:02:56 - root - INFO - Health check called
2026-07-23 18:03:26 - root - INFO - Health check called
2026-07-23 18:03:56 - root - INFO - Health check called
2026-07-23 18:04:27 - root - INFO - Health check called
2026-07-23 18:04:57 - root - INFO - Health check called
2026-07-23 18:05:27 - root - INFO - Health check called
2026-07-23 18:05:57 - root - INFO - Health check called
2026-07-23 18:06:27 - root - INFO - Health check called
2026-07-23 18:06:57 - root - INFO - Health check called
2026-07-23 18:07:27 - root - INFO - Health check called
2026-07-23 18:07:57 - root - INFO - Health check called
2026-07-23 18:08:28 - root - INFO - Health check called
2026-07-23 18:08:58 - root - INFO - Health check called
2026-07-23 18:09:28 - root - INFO - Health check called
2026-07-23 18:09:58 - root - INFO - Health check called
2026-07-23 18:10:28 - root - INFO - Health check called
2026-07-23 18:10:58 - root - INFO - Health check called
2026-07-23 18:11:28 - root - INFO - Health check called
2026-07-23 18:11:59 - root - INFO - Health check called
2026-07-23 18:12:29 - root - INFO - Health check called
2026-07-23 18:12:59 - root - INFO - Health check called
2026-07-23 18:13:29 - root - INFO - Health check called
2026-07-23 18:13:59 - root - INFO - Health check called
2026-07-23 18:14:29 - root - INFO - Health check called
2026-07-23 18:14:59 - root - INFO - Health check called
2026-07-23 18:15:29 - root - INFO - Health check called
2026-07-23 18:16:00 - root - INFO - Health check called
2026-07-23 18:16:30 - root - INFO - Health check called
2026-07-23 18:17:00 - root - INFO - Health check called
2026-07-23 18:17:30 - root - INFO - Health check called
2026-07-23 18:18:00 - root - INFO - Health check called
2026-07-23 18:18:30 - root - INFO - Health check called
2026-07-23 18:19:01 - root - INFO - Health check called
2026-07-23 18:19:31 - root - INFO - Health check called
2026-07-23 18:20:01 - root - INFO - Health check called
2026-07-23 18:20:31 - root - INFO - Health check called
2026-07-23 18:21:01 - root - INFO - Health check called
2026-07-23 18:21:31 - root - INFO - Health check called
2026-07-23 18:22:01 - root - INFO - Health check called
2026-07-23 18:22:32 - root - INFO - Health check called
2026-07-23 18:23:02 - root - INFO - Health check called
2026-07-23 18:23:32 - root - INFO - Health check called
2026-07-23 18:24:02 - root - INFO - Health check called
2026-07-23 18:24:32 - root - INFO - Health check called
2026-07-23 18:25:02 - root - INFO - Health check called
2026-07-23 18:25:33 - root - INFO - Health check called
2026-07-23 18:26:03 - root - INFO - Health check called
2026-07-23 18:26:33 - root - INFO - Health check called
2026-07-23 18:27:03 - root - INFO - Health check called
2026-07-23 18:27:33 - root - INFO - Health check called
2026-07-23 18:28:03 - root - INFO - Health check called
2026-07-23 18:28:33 - root - INFO - Health check called
2026-07-23 18:29:04 - root - INFO - Health check called
2026-07-23 18:29:34 - root - INFO - Health check called
2026-07-23 18:30:04 - root - INFO - Health check called
2026-07-23 18:30:34 - root - INFO - Health check called
2026-07-23 18:31:04 - root - INFO - Health check called
2026-07-23 18:31:34 - root - INFO - Health check called
2026-07-23 18:32:04 - root - INFO - Health check called
2026-07-23 18:32:35 - root - INFO - Health check called
2026-07-23 18:33:05 - root - INFO - Health check called
2026-07-23 18:33:35 - root - INFO - Health check called
2026-07-23 18:34:05 - root - INFO - Health check called
2026-07-23 18:34:35 - root - INFO - Health check called
2026-07-23 18:35:05 - root - INFO - Health check called
2026-07-23 18:35:35 - root - INFO - Health check called
2026-07-23 18:36:06 - root - INFO - Health check called
2026-07-23 18:36:36 - root - INFO - Health check called
2026-07-23 18:37:06 - root - INFO - Health check called
2026-07-23 18:37:36 - root - INFO - Health check called
2026-07-23 18:38:06 - root - INFO - Health check called
2026-07-23 18:38:36 - root - INFO - Health check called
2026-07-23 18:39:06 - root - INFO - Health check called
2026-07-23 18:39:36 - root - INFO - Health check called
2026-07-23 18:40:07 - root - INFO - Health check called
2026-07-23 18:40:37 - root - INFO - Health check called
2026-07-23 18:41:07 - root - INFO - Health check called
2026-07-23 18:41:37 - root - INFO - Health check called
2026-07-23 18:42:07 - root - INFO - Health check called
2026-07-23 18:42:37 - root - INFO - Health check called
2026-07-23 18:43:08 - root - INFO - Health check called
2026-07-23 18:43:38 - root - INFO - Health check called
2026-07-23 18:44:08 - root - INFO - Health check called
2026-07-23 18:44:38 - root - INFO - Health check called
2026-07-23 18:45:08 - root - INFO - Health check called
2026-07-23 18:45:38 - root - INFO - Health check called
2026-07-23 18:46:08 - root - INFO - Health check called
2026-07-23 18:46:39 - root - INFO - Health check called
2026-07-23 18:47:09 - root - INFO - Health check called
2026-07-23 18:47:39 - root - INFO - Health check called
2026-07-23 18:48:09 - root - INFO - Health check called
2026-07-23 18:48:39 - root - INFO - Health check called
2026-07-23 18:49:09 - root - INFO - Health check called
2026-07-23 18:49:40 - root - INFO - Health check called
2026-07-23 18:50:10 - root - INFO - Health check called
2026-07-23 18:50:40 - root - INFO - Health check called
2026-07-23 18:51:10 - root - INFO - Health check called
2026-07-23 18:51:40 - root - INFO - Health check called
2026-07-23 18:52:10 - root - INFO - Health check called
2026-07-23 18:52:40 - root - INFO - Health check called
2026-07-23 18:53:11 - root - INFO - Health check called
2026-07-23 18:53:41 - root - INFO - Health check called
2026-07-23 18:54:11 - root - INFO - Health check called
2026-07-23 18:54:41 - root - INFO - Health check called
2026-07-23 18:55:11 - root - INFO - Health check called
2026-07-23 18:55:41 - root - INFO - Health check called
2026-07-23 18:56:11 - root - INFO - Health check called
2026-07-23 18:56:41 - root - INFO - Health check called
2026-07-23 18:57:12 - root - INFO - Health check called
2026-07-23 18:57:42 - root - INFO - Health check called
2026-07-23 18:58:12 - root - INFO - Health check called
2026-07-23 18:58:42 - root - INFO - Health check called
2026-07-23 18:59:12 - root - INFO - Health check called
2026-07-23 18:59:42 - root - INFO - Health check called
2026-07-23 19:00:12 - root - INFO - Health check called
2026-07-23 19:00:43 - root - INFO - Health check called
2026-07-23 19:01:13 - root - INFO - Health check called
2026-07-23 19:01:43 - root - INFO - Health check called
2026-07-23 19:02:13 - root - INFO - Health check called
2026-07-23 19:02:43 - root - INFO - Health check called
2026-07-23 19:03:13 - root - INFO - Health check called
2026-07-23 19:03:43 - root - INFO - Health check called
2026-07-23 19:04:14 - root - INFO - Health check called
2026-07-23 19:04:44 - root - INFO - Health check called
2026-07-23 19:05:14 - root - INFO - Health check called
2026-07-23 19:05:44 - root - INFO - Health check called
2026-07-23 19:06:14 - root - INFO - Health check called
2026-07-23 19:06:44 - root - INFO - Health check called
2026-07-23 19:07:14 - root - INFO - Health check called
2026-07-23 19:07:44 - root - INFO - Health check called
2026-07-23 19:08:15 - root - INFO - Health check called
2026-07-23 19:08:45 - root - INFO - Health check called
2026-07-23 19:09:15 - root - INFO - Health check called
2026-07-23 19:09:45 - root - INFO - Health check called
2026-07-23 19:10:15 - root - INFO - Health check called
2026-07-23 19:10:45 - root - INFO - Health check called
2026-07-23 19:11:16 - root - INFO - Health check called
2026-07-23 19:11:46 - root - INFO - Health check called
2026-07-23 19:12:16 - root - INFO - Health check called
2026-07-23 19:12:46 - root - INFO - Health check called
2026-07-23 19:13:16 - root - INFO - Health check called
2026-07-23 19:13:46 - root - INFO - Health check called
2026-07-23 19:14:16 - root - INFO - Health check called
2026-07-23 19:14:47 - root - INFO - Health check called
2026-07-23 19:15:17 - root - INFO - Health check called
2026-07-23 19:15:47 - root - INFO - Health check called
2026-07-23 19:16:17 - root - INFO - Health check called
2026-07-23 19:16:47 - root - INFO - Health check called
2026-07-23 19:17:17 - root - INFO - Health check called
2026-07-23 19:17:47 - root - INFO - Health check called
2026-07-23 19:18:18 - root - INFO - Health check called
2026-07-23 19:18:48 - root - INFO - Health check called
2026-07-23 19:19:18 - root - INFO - Health check called
2026-07-23 19:19:48 - root - INFO - Health check called
2026-07-23 19:20:18 - root - INFO - Health check called
2026-07-23 19:20:48 - root - INFO - Health check called
2026-07-23 19:21:18 - root - INFO - Health check called
2026-07-23 19:21:49 - root - INFO - Health check called
2026-07-23 19:22:19 - root - INFO - Health check called
2026-07-23 19:22:49 - root - INFO - Health check called
2026-07-23 19:23:19 - root - INFO - Health check called
2026-07-23 19:23:49 - root - INFO - Health check called
2026-07-23 19:24:19 - root - INFO - Health check called
2026-07-23 19:24:50 - root - INFO - Health check called
2026-07-23 19:25:20 - root - INFO - Health check called
2026-07-23 19:25:50 - root - INFO - Health check called
2026-07-23 19:26:20 - root - INFO - Health check called
2026-07-23 19:26:50 - root - INFO - Health check called
2026-07-23 19:27:20 - root - INFO - Health check called
2026-07-23 19:27:50 - root - INFO - Health check called
2026-07-23 19:28:21 - root - INFO - Health check called
2026-07-23 19:28:51 - root - INFO - Health check called
2026-07-23 19:29:21 - root - INFO - Health check called
2026-07-23 19:29:51 - root - INFO - Health check called
2026-07-23 19:30:21 - root - INFO - Health check called
2026-07-23 19:30:51 - root - INFO - Health check called
2026-07-23 19:31:21 - root - INFO - Health check called
2026-07-23 19:31:52 - root - INFO - Health check called
2026-07-23 19:32:22 - root - INFO - Health check called
2026-07-23 19:32:52 - root - INFO - Health check called
2026-07-23 19:33:22 - root - INFO - Health check called
2026-07-23 19:33:52 - root - INFO - Health check called
2026-07-23 19:34:22 - root - INFO - Health check called
2026-07-23 19:34:52 - root - INFO - Health check called
2026-07-23 19:35:23 - root - INFO - Health check called
2026-07-23 19:35:53 - root - INFO - Health check called
2026-07-23 19:36:23 - root - INFO - Health check called
2026-07-23 19:36:53 - root - INFO - Health check called
2026-07-23 19:37:23 - root - INFO - Health check called
2026-07-23 19:37:53 - root - INFO - Health check called
2026-07-23 19:38:23 - root - INFO - Health check called
2026-07-23 19:38:54 - root - INFO - Health check called
2026-07-23 19:39:24 - root - INFO - Health check called
2026-07-23 19:39:54 - root - INFO - Health check called
2026-07-23 19:40:24 - root - INFO - Health check called
2026-07-23 19:40:54 - root - INFO - Health check called
2026-07-23 19:41:24 - root - INFO - Health check called
2026-07-23 19:41:54 - root - INFO - Health check called
2026-07-23 19:42:25 - root - INFO - Health check called
2026-07-23 19:42:55 - root - INFO - Health check called
2026-07-23 19:43:25 - root - INFO - Health check called
2026-07-23 19:43:55 - root - INFO - Health check called
2026-07-23 19:44:25 - root - INFO - Health check called
2026-07-23 19:44:55 - root - INFO - Health check called
2026-07-23 19:45:25 - root - INFO - Health check called
2026-07-23 19:45:56 - root - INFO - Health check called
2026-07-23 19:46:26 - root - INFO - Health check called
2026-07-23 19:46:56 - root - INFO - Health check called
2026-07-23 19:47:26 - root - INFO - Health check called
2026-07-23 19:47:56 - root - INFO - Health check called
2026-07-23 19:48:26 - root - INFO - Health check called
2026-07-23 19:48:56 - root - INFO - Health check called
2026-07-23 19:49:27 - root - INFO - Health check called
2026-07-23 19:49:57 - root - INFO - Health check called
2026-07-23 19:50:27 - root - INFO - Health check called
2026-07-23 19:50:57 - root - INFO - Health check called
2026-07-23 19:51:27 - root - INFO - Health check called
2026-07-23 19:51:57 - root - INFO - Health check called
2026-07-23 19:52:27 - root - INFO - Health check called
2026-07-23 19:52:58 - root - INFO - Health check called
2026-07-23 19:53:28 - root - INFO - Health check called
2026-07-23 19:53:58 - root - INFO - Health check called
2026-07-23 19:54:28 - root - INFO - Health check called
2026-07-23 19:54:58 - root - INFO - Health check called
2026-07-23 19:55:28 - root - INFO - Health check called
2026-07-23 19:55:58 - root - INFO - Health check called
2026-07-23 19:56:29 - root - INFO - Health check called
2026-07-23 19:56:59 - root - INFO - Health check called
2026-07-23 19:57:29 - root - INFO - Health check called
2026-07-23 19:57:59 - root - INFO - Health check called
2026-07-23 19:58:29 - root - INFO - Health check called
2026-07-23 19:58:59 - root - INFO - Health check called
2026-07-23 19:59:29 - root - INFO - Health check called
2026-07-23 20:00:00 - root - INFO - Health check called
2026-07-23 20:00:30 - root - INFO - Health check called
2026-07-23 20:01:00 - root - INFO - Health check called
2026-07-23 20:01:30 - root - INFO - Health check called
2026-07-23 20:02:00 - root - INFO - Health check called
2026-07-23 20:02:30 - root - INFO - Health check called
2026-07-23 20:03:00 - root - INFO - Health check called
2026-07-23 20:03:31 - root - INFO - Health check called
2026-07-23 20:04:01 - root - INFO - Health check called
2026-07-23 20:04:31 - root - INFO - Health check called
2026-07-23 20:05:01 - root - INFO - Health check called
2026-07-23 20:05:31 - root - INFO - Health check called
2026-07-23 20:06:01 - root - INFO - Health check called
2026-07-23 20:06:31 - root - INFO - Health check called
2026-07-23 20:07:02 - root - INFO - Health check called
2026-07-23 20:07:32 - root - INFO - Health check called
2026-07-23 20:08:02 - root - INFO - Health check called
2026-07-23 20:08:32 - root - INFO - Health check called
2026-07-23 20:09:02 - root - INFO - Health check called
2026-07-23 20:09:32 - root - INFO - Health check called
2026-07-23 20:10:02 - root - INFO - Health check called
2026-07-23 20:10:32 - root - INFO - Health check called
2026-07-23 20:11:03 - root - INFO - Health check called
2026-07-23 20:11:33 - root - INFO - Health check called
2026-07-23 20:12:03 - root - INFO - Health check called
2026-07-23 20:12:33 - root - INFO - Health check called
2026-07-23 20:13:03 - root - INFO - Health check called
2026-07-23 20:13:33 - root - INFO - Health check called
2026-07-23 20:14:03 - root - INFO - Health check called
2026-07-23 20:14:34 - root - INFO - Health check called
2026-07-23 20:15:04 - root - INFO - Health check called
2026-07-23 20:15:34 - root - INFO - Health check called
2026-07-23 20:16:04 - root - INFO - Health check called
2026-07-23 20:16:34 - root - INFO - Health check called
2026-07-23 20:17:04 - root - INFO - Health check called
2026-07-23 20:17:34 - root - INFO - Health check called
2026-07-23 20:18:05 - root - INFO - Health check called
2026-07-23 20:18:35 - root - INFO - Health check called
2026-07-23 20:19:05 - root - INFO - Health check called
2026-07-23 20:19:35 - root - INFO - Health check called
2026-07-23 20:20:05 - root - INFO - Health check called
2026-07-23 20:20:35 - root - INFO - Health check called
2026-07-23 20:21:05 - root - INFO - Health check called
2026-07-23 20:21:36 - root - INFO - Health check called
2026-07-23 20:22:06 - root - INFO - Health check called
2026-07-23 20:22:36 - root - INFO - Health check called
2026-07-23 20:23:06 - root - INFO - Health check called
2026-07-23 20:23:36 - root - INFO - Health check called
2026-07-23 20:24:06 - root - INFO - Health check called
2026-07-23 20:24:36 - root - INFO - Health check called
2026-07-23 20:25:07 - root - INFO - Health check called
2026-07-23 20:25:37 - root - INFO - Health check called
2026-07-23 20:26:07 - root - INFO - Health check called
2026-07-23 20:26:37 - root - INFO - Health check called
2026-07-23 20:27:07 - root - INFO - Health check called
2026-07-23 20:27:37 - root - INFO - Health check called
2026-07-23 20:28:07 - root - INFO - Health check called
2026-07-23 20:28:38 - root - INFO - Health check called
2026-07-23 20:29:08 - root - INFO - Health check called
2026-07-23 20:29:38 - root - INFO - Health check called
2026-07-23 20:30:08 - root - INFO - Health check called
2026-07-23 20:30:38 - root - INFO - Health check called
2026-07-23 20:31:08 - root - INFO - Health check called
2026-07-23 20:31:38 - root - INFO - Health check called
2026-07-23 20:32:09 - root - INFO - Health check called
2026-07-23 20:32:39 - root - INFO - Health check called
2026-07-23 20:33:09 - root - INFO - Health check called
2026-07-23 20:33:39 - root - INFO - Health check called
2026-07-23 20:34:09 - root - INFO - Health check called
2026-07-23 20:34:39 - root - INFO - Health check called
2026-07-23 20:35:09 - root - INFO - Health check called
2026-07-23 20:35:40 - root - INFO - Health check called
2026-07-23 20:36:10 - root - INFO - Health check called
2026-07-23 20:36:40 - root - INFO - Health check called
2026-07-23 20:37:10 - root - INFO - Health check called
2026-07-23 20:37:40 - root - INFO - Health check called
2026-07-23 20:38:10 - root - INFO - Health check called
2026-07-23 20:38:40 - root - INFO - Health check called
2026-07-23 20:39:11 - root - INFO - Health check called
2026-07-23 20:39:41 - root - INFO - Health check called
2026-07-23 20:40:11 - root - INFO - Health check called
2026-07-23 20:40:41 - root - INFO - Health check called
2026-07-23 20:41:11 - root - INFO - Health check called
2026-07-23 20:41:41 - root - INFO - Health check called
2026-07-23 20:42:11 - root - INFO - Health check called
2026-07-23 20:42:42 - root - INFO - Health check called
2026-07-23 20:43:12 - root - INFO - Health check called
2026-07-23 20:43:42 - root - INFO - Health check called
2026-07-23 20:44:12 - root - INFO - Health check called
2026-07-23 20:44:42 - root - INFO - Health check called
2026-07-23 20:45:12 - root - INFO - Health check called
2026-07-23 20:45:42 - root - INFO - Health check called
2026-07-23 20:46:13 - root - INFO - Health check called
2026-07-23 20:46:43 - root - INFO - Health check called
2026-07-23 20:47:13 - root - INFO - Health check called
2026-07-23 20:47:43 - root - INFO - Health check called
2026-07-23 20:48:13 - root - INFO - Health check called
2026-07-23 20:48:43 - root - INFO - Health check called
2026-07-23 20:49:13 - root - INFO - Health check called
2026-07-23 20:49:44 - root - INFO - Health check called
2026-07-23 20:50:14 - root - INFO - Health check called
2026-07-23 20:50:44 - root - INFO - Health check called
2026-07-23 20:51:14 - root - INFO - Health check called
2026-07-23 20:51:44 - root - INFO - Health check called
2026-07-23 20:52:14 - root - INFO - Health check called
2026-07-23 20:52:44 - root - INFO - Health check called
2026-07-23 20:53:15 - root - INFO - Health check called
2026-07-23 20:53:45 - root - INFO - Health check called
2026-07-23 20:54:15 - root - INFO - Health check called
2026-07-23 20:54:45 - root - INFO - Health check called
2026-07-23 20:55:15 - root - INFO - Health check called
2026-07-23 20:55:45 - root - INFO - Health check called
2026-07-23 20:56:15 - root - INFO - Health check called
2026-07-23 20:56:46 - root - INFO - Health check called
2026-07-23 20:57:16 - root - INFO - Health check called
2026-07-23 20:57:46 - root - INFO - Health check called
2026-07-23 20:58:16 - root - INFO - Health check called
2026-07-23 20:58:46 - root - INFO - Health check called
2026-07-23 20:59:16 - root - INFO - Health check called
2026-07-23 20:59:46 - root - INFO - Health check called
2026-07-23 21:00:17 - root - INFO - Health check called
2026-07-23 21:00:47 - root - INFO - Health check called
2026-07-23 21:01:17 - root - INFO - Health check called
2026-07-23 21:01:47 - root - INFO - Health check called
2026-07-23 21:02:17 - root - INFO - Health check called
2026-07-23 21:02:47 - root - INFO - Health check called
2026-07-23 21:03:18 - root - INFO - Health check called
2026-07-23 21:03:48 - root - INFO - Health check called
2026-07-23 21:04:18 - root - INFO - Health check called
2026-07-23 21:04:48 - root - INFO - Health check called
2026-07-23 21:05:18 - root - INFO - Health check called
2026-07-23 21:05:48 - root - INFO - Health check called
2026-07-23 21:06:18 - root - INFO - Health check called
2026-07-23 21:06:49 - root - INFO - Health check called
2026-07-23 21:07:19 - root - INFO - Health check called
2026-07-23 21:07:49 - root - INFO - Health check called
2026-07-23 21:08:19 - root - INFO - Health check called
2026-07-23 21:08:49 - root - INFO - Health check called
2026-07-23 21:09:19 - root - INFO - Health check called
2026-07-23 21:09:49 - root - INFO - Health check called
2026-07-23 21:10:20 - root - INFO - Health check called
2026-07-23 21:10:50 - root - INFO - Health check called
2026-07-23 21:11:20 - root - INFO - Health check called
2026-07-23 21:11:50 - root - INFO - Health check called
2026-07-23 21:12:20 - root - INFO - Health check called
2026-07-23 21:12:50 - root - INFO - Health check called
2026-07-23 21:13:20 - root - INFO - Health check called
2026-07-23 21:13:51 - root - INFO - Health check called
2026-07-23 21:14:21 - root - INFO - Health check called
2026-07-23 21:14:51 - root - INFO - Health check called
2026-07-23 21:15:21 - root - INFO - Health check called
2026-07-23 21:15:51 - root - INFO - Health check called
2026-07-23 21:16:21 - root - INFO - Health check called
2026-07-23 21:16:51 - root - INFO - Health check called
2026-07-23 21:17:22 - root - INFO - Health check called
2026-07-23 21:17:52 - root - INFO - Health check called
2026-07-23 21:18:22 - root - INFO - Health check called
2026-07-23 21:18:52 - root - INFO - Health check called
2026-07-23 21:19:22 - root - INFO - Health check called
2026-07-23 21:19:52 - root - INFO - Health check called
2026-07-23 21:20:22 - root - INFO - Health check called
2026-07-23 21:20:53 - root - INFO - Health check called
2026-07-23 21:21:23 - root - INFO - Health check called
2026-07-23 21:21:53 - root - INFO - Health check called
2026-07-23 21:22:23 - root - INFO - Health check called
2026-07-23 21:22:53 - root - INFO - Health check called
2026-07-23 21:23:23 - root - INFO - Health check called
2026-07-23 21:23:54 - root - INFO - Health check called
2026-07-23 21:24:24 - root - INFO - Health check called
2026-07-23 21:24:54 - root - INFO - Health check called
2026-07-23 21:25:24 - root - INFO - Health check called
2026-07-23 21:25:54 - root - INFO - Health check called
2026-07-23 21:26:24 - root - INFO - Health check called
2026-07-23 21:26:54 - root - INFO - Health check called
2026-07-23 21:27:25 - root - INFO - Health check called
2026-07-23 21:27:55 - root - INFO - Health check called
2026-07-23 21:28:25 - root - INFO - Health check called
2026-07-23 21:28:55 - root - INFO - Health check called
2026-07-23 21:29:25 - root - INFO - Health check called
2026-07-23 21:29:55 - root - INFO - Health check called
2026-07-23 21:30:26 - root - INFO - Health check called
2026-07-23 21:30:56 - root - INFO - Health check called
2026-07-23 21:31:26 - root - INFO - Health check called
2026-07-23 21:31:56 - root - INFO - Health check called
2026-07-23 21:32:26 - root - INFO - Health check called
2026-07-23 21:32:56 - root - INFO - Health check called
2026-07-23 21:33:26 - root - INFO - Health check called
2026-07-23 21:33:57 - root - INFO - Health check called
2026-07-23 21:34:27 - root - INFO - Health check called
2026-07-23 21:34:57 - root - INFO - Health check called
2026-07-23 21:35:27 - root - INFO - Health check called
2026-07-23 21:35:57 - root - INFO - Health check called
2026-07-23 21:36:27 - root - INFO - Health check called
2026-07-23 21:36:57 - root - INFO - Health check called
2026-07-23 21:37:28 - root - INFO - Health check called
2026-07-23 21:37:58 - root - INFO - Health check called
2026-07-23 21:38:28 - root - INFO - Health check called
2026-07-23 21:38:58 - root - INFO - Health check called
2026-07-23 21:39:28 - root - INFO - Health check called
2026-07-23 21:39:58 - root - INFO - Health check called
2026-07-23 21:40:28 - root - INFO - Health check called
2026-07-23 21:40:59 - root - INFO - Health check called
2026-07-23 21:41:29 - root - INFO - Health check called
2026-07-23 21:41:59 - root - INFO - Health check called
2026-07-23 21:42:29 - root - INFO - Health check called
2026-07-23 21:42:59 - root - INFO - Health check called
2026-07-23 21:43:29 - root - INFO - Health check called
2026-07-23 21:43:59 - root - INFO - Health check called
2026-07-23 21:44:30 - root - INFO - Health check called
2026-07-23 21:45:00 - root - INFO - Health check called
2026-07-23 21:45:30 - root - INFO - Health check called
2026-07-23 21:46:00 - root - INFO - Health check called
2026-07-23 21:46:30 - root - INFO - Health check called
2026-07-23 21:47:00 - root - INFO - Health check called
2026-07-23 21:47:31 - root - INFO - Health check called
2026-07-23 21:48:01 - root - INFO - Health check called
2026-07-23 21:48:31 - root - INFO - Health check called
2026-07-23 21:49:01 - root - INFO - Health check called
2026-07-23 21:49:31 - root - INFO - Health check called
2026-07-23 21:50:01 - root - INFO - Health check called
2026-07-23 21:50:32 - root - INFO - Health check called
2026-07-23 21:51:02 - root - INFO - Health check called
2026-07-23 21:51:32 - root - INFO - Health check called
2026-07-23 21:52:02 - root - INFO - Health check called
2026-07-23 21:52:32 - root - INFO - Health check called
2026-07-23 21:53:02 - root - INFO - Health check called
2026-07-23 21:53:32 - root - INFO - Health check called
2026-07-23 21:54:03 - root - INFO - Health check called
2026-07-23 21:54:33 - root - INFO - Health check called
2026-07-23 21:55:03 - root - INFO - Health check called
2026-07-23 21:55:33 - root - INFO - Health check called
2026-07-23 21:56:03 - root - INFO - Health check called
2026-07-23 21:56:33 - root - INFO - Health check called
2026-07-23 21:57:03 - root - INFO - Health check called
2026-07-23 21:57:34 - root - INFO - Health check called
2026-07-23 21:58:04 - root - INFO - Health check called
2026-07-23 21:58:34 - root - INFO - Health check called
2026-07-23 21:59:04 - root - INFO - Health check called
2026-07-23 21:59:34 - root - INFO - Health check called
2026-07-23 22:00:04 - root - INFO - Health check called
2026-07-23 22:00:34 - root - INFO - Health check called
2026-07-23 22:01:05 - root - INFO - Health check called
2026-07-23 22:01:35 - root - INFO - Health check called
2026-07-23 22:02:05 - root - INFO - Health check called
2026-07-23 22:02:35 - root - INFO - Health check called
2026-07-23 22:03:05 - root - INFO - Health check called
2026-07-23 22:03:35 - root - INFO - Health check called
2026-07-23 22:04:05 - root - INFO - Health check called
2026-07-23 22:04:36 - root - INFO - Health check called
2026-07-23 22:05:06 - root - INFO - Health check called
2026-07-23 22:05:36 - root - INFO - Health check called
2026-07-23 22:06:06 - root - INFO - Health check called
2026-07-23 22:06:36 - root - INFO - Health check called
2026-07-23 22:07:06 - root - INFO - Health check called
2026-07-23 22:07:37 - root - INFO - Health check called
2026-07-23 22:08:07 - root - INFO - Health check called
2026-07-23 22:08:37 - root - INFO - Health check called
2026-07-23 22:09:07 - root - INFO - Health check called
2026-07-23 22:09:37 - root - INFO - Health check called
2026-07-23 22:10:07 - root - INFO - Health check called
2026-07-23 22:10:37 - root - INFO - Health check called
2026-07-23 22:11:08 - root - INFO - Health check called
2026-07-23 22:11:38 - root - INFO - Health check called
2026-07-23 22:12:08 - root - INFO - Health check called
2026-07-23 22:12:38 - root - INFO - Health check called
2026-07-23 22:13:08 - root - INFO - Health check called
2026-07-23 22:13:38 - root - INFO - Health check called
2026-07-23 22:14:08 - root - INFO - Health check called
2026-07-23 22:14:39 - root - INFO - Health check called
2026-07-23 22:15:09 - root - INFO - Health check called
2026-07-23 22:15:39 - root - INFO - Health check called
2026-07-23 22:16:09 - root - INFO - Health check called
2026-07-23 22:16:39 - root - INFO - Health check called
2026-07-23 22:17:09 - root - INFO - Health check called
2026-07-23 22:17:39 - root - INFO - Health check called
2026-07-23 22:18:10 - root - INFO - Health check called
2026-07-23 22:18:40 - root - INFO - Health check called
2026-07-23 22:19:10 - root - INFO - Health check called
2026-07-23 22:19:40 - root - INFO - Health check called
2026-07-23 22:20:10 - root - INFO - Health check called
2026-07-23 22:20:40 - root - INFO - Health check called
2026-07-23 22:21:11 - root - INFO - Health check called
2026-07-23 22:21:41 - root - INFO - Health check called
2026-07-23 22:22:11 - root - INFO - Health check called
2026-07-23 22:22:41 - root - INFO - Health check called
2026-07-23 22:23:11 - root - INFO - Health check called
2026-07-23 22:23:41 - root - INFO - Health check called
2026-07-23 22:24:11 - root - INFO - Health check called
2026-07-23 22:24:41 - root - INFO - Health check called
2026-07-23 22:25:12 - root - INFO - Health check called
2026-07-23 22:25:42 - root - INFO - Health check called
2026-07-23 22:26:12 - root - INFO - Health check called
2026-07-23 22:26:42 - root - INFO - Health check called
2026-07-23 22:27:12 - root - INFO - Health check called
2026-07-23 22:27:42 - root - INFO - Health check called
2026-07-23 22:28:13 - root - INFO - Health check called
2026-07-23 22:28:43 - root - INFO - Health check called
2026-07-23 22:29:13 - root - INFO - Health check called
2026-07-23 22:29:43 - root - INFO - Health check called
2026-07-23 22:30:13 - root - INFO - Health check called
2026-07-23 22:30:43 - root - INFO - Health check called
2026-07-23 22:31:13 - root - INFO - Health check called
2026-07-23 22:31:44 - root - INFO - Health check called
2026-07-23 22:32:14 - root - INFO - Health check called
2026-07-23 22:32:44 - root - INFO - Health check called
2026-07-23 22:33:14 - root - INFO - Health check called
2026-07-23 22:33:44 - root - INFO - Health check called
2026-07-23 22:34:14 - root - INFO - Health check called
2026-07-23 22:34:44 - root - INFO - Health check called
2026-07-23 22:35:15 - root - INFO - Health check called
2026-07-23 22:35:45 - root - INFO - Health check called
2026-07-23 22:36:15 - root - INFO - Health check called
2026-07-23 22:36:45 - root - INFO - Health check called
2026-07-23 22:37:15 - root - INFO - Health check called
2026-07-23 22:37:45 - root - INFO - Health check called
2026-07-23 22:38:15 - root - INFO - Health check called
2026-07-23 22:38:46 - root - INFO - Health check called
2026-07-23 22:39:16 - root - INFO - Health check called
2026-07-23 22:39:46 - root - INFO - Health check called
2026-07-23 22:40:16 - root - INFO - Health check called
2026-07-23 22:40:46 - root - INFO - Health check called
2026-07-23 22:41:16 - root - INFO - Health check called
2026-07-23 22:41:46 - root - INFO - Health check called
2026-07-23 22:42:17 - root - INFO - Health check called
2026-07-23 22:42:47 - root - INFO - Health check called
2026-07-23 22:43:17 - root - INFO - Health check called
2026-07-23 22:43:47 - root - INFO - Health check called
2026-07-23 22:44:17 - root - INFO - Health check called
2026-07-23 22:44:47 - root - INFO - Health check called
2026-07-23 22:45:17 - root - INFO - Health check called
2026-07-23 22:45:48 - root - INFO - Health check called
2026-07-23 22:46:18 - root - INFO - Health check called
2026-07-23 22:46:48 - root - INFO - Health check called
2026-07-23 22:47:18 - root - INFO - Health check called
2026-07-23 22:47:48 - root - INFO - Health check called
2026-07-23 22:48:18 - root - INFO - Health check called
2026-07-23 22:48:49 - root - INFO - Health check called
2026-07-23 22:49:19 - root - INFO - Health check called
2026-07-23 22:49:49 - root - INFO - Health check called
2026-07-23 22:50:19 - root - INFO - Health check called
2026-07-23 22:50:49 - root - INFO - Health check called
2026-07-23 22:51:19 - root - INFO - Health check called
2026-07-23 22:51:49 - root - INFO - Health check called
2026-07-23 22:52:20 - root - INFO - Health check called
2026-07-23 22:52:50 - root - INFO - Health check called
2026-07-23 22:53:20 - root - INFO - Health check called
2026-07-23 22:53:50 - root - INFO - Health check called
2026-07-23 22:54:20 - root - INFO - Health check called
2026-07-23 22:54:50 - root - INFO - Health check called
2026-07-23 22:55:20 - root - INFO - Health check called
2026-07-23 22:55:51 - root - INFO - Health check called
2026-07-23 22:56:21 - root - INFO - Health check called
2026-07-23 22:56:51 - root - INFO - Health check called
2026-07-23 22:57:21 - root - INFO - Health check called
2026-07-23 22:57:51 - root - INFO - Health check called
2026-07-23 22:58:21 - root - INFO - Health check called
2026-07-23 22:58:51 - root - INFO - Health check called
2026-07-23 22:59:22 - root - INFO - Health check called
2026-07-23 22:59:52 - root - INFO - Health check called
2026-07-23 23:00:22 - root - INFO - Health check called
2026-07-23 23:00:52 - root - INFO - Health check called
2026-07-23 23:01:22 - root - INFO - Health check called
2026-07-23 23:01:52 - root - INFO - Health check called
2026-07-23 23:02:22 - root - INFO - Health check called
2026-07-23 23:02:53 - root - INFO - Health check called
2026-07-23 23:03:23 - root - INFO - Health check called
2026-07-23 23:03:53 - root - INFO - Health check called
2026-07-23 23:04:23 - root - INFO - Health check called
2026-07-23 23:04:53 - root - INFO - Health check called
2026-07-23 23:05:23 - root - INFO - Health check called
2026-07-23 23:05:53 - root - INFO - Health check called
2026-07-23 23:06:24 - root - INFO - Health check called
2026-07-23 23:06:54 - root - INFO - Health check called
2026-07-23 23:07:24 - root - INFO - Health check called
2026-07-23 23:07:54 - root - INFO - Health check called
2026-07-23 23:08:24 - root - INFO - Health check called
2026-07-23 23:08:54 - root - INFO - Health check called
2026-07-23 23:09:24 - root - INFO - Health check called
2026-07-23 23:09:55 - root - INFO - Health check called
2026-07-23 23:10:25 - root - INFO - Health check called
2026-07-23 23:10:55 - root - INFO - Health check called
2026-07-23 23:11:25 - root - INFO - Health check called
2026-07-23 23:11:55 - root - INFO - Health check called
2026-07-23 23:12:25 - root - INFO - Health check called
2026-07-23 23:12:56 - root - INFO - Health check called
2026-07-23 23:13:26 - root - INFO - Health check called
2026-07-23 23:13:56 - root - INFO - Health check called
2026-07-23 23:14:26 - root - INFO - Health check called
2026-07-23 23:14:56 - root - INFO - Health check called
2026-07-23 23:15:26 - root - INFO - Health check called
2026-07-23 23:15:56 - root - INFO - Health check called
2026-07-23 23:16:27 - root - INFO - Health check called
2026-07-23 23:16:57 - root - INFO - Health check called
2026-07-23 23:17:27 - root - INFO - Health check called
2026-07-23 23:17:57 - root - INFO - Health check called
2026-07-23 23:18:27 - root - INFO - Health check called
2026-07-23 23:18:57 - root - INFO - Health check called
2026-07-23 23:19:27 - root - INFO - Health check called
2026-07-23 23:19:58 - root - INFO - Health check called
2026-07-23 23:20:28 - root - INFO - Health check called
2026-07-23 23:20:58 - root - INFO - Health check called
2026-07-23 23:21:28 - root - INFO - Health check called
2026-07-23 23:21:58 - root - INFO - Health check called
2026-07-23 23:22:28 - root - INFO - Health check called
2026-07-23 23:22:58 - root - INFO - Health check called
2026-07-23 23:23:29 - root - INFO - Health check called
2026-07-23 23:23:59 - root - INFO - Health check called
2026-07-23 23:24:29 - root - INFO - Health check called
2026-07-23 23:24:59 - root - INFO - Health check called
2026-07-23 23:26:13 - root - INFO - Health check called
2026-07-23 23:55:04 - root - INFO - Health check called
2026-07-23 23:55:34 - root - INFO - Health check called
2026-07-24 00:22:10 - root - INFO - Health check called
2026-07-24 00:22:40 - root - INFO - Health check called
2026-07-24 00:39:28 - root - INFO - Health check called
2026-07-24 01:25:47 - root - INFO - Health check called
2026-07-24 01:26:17 - root - INFO - Health check called
2026-07-24 02:21:19 - root - INFO - Health check called
2026-07-24 02:21:50 - root - INFO - Health check called
2026-07-24 02:27:07 - root - INFO - Health check called
2026-07-24 02:44:47 - root - INFO - Health check called
2026-07-24 02:45:17 - root - INFO - Health check called
2026-07-24 02:45:48 - root - INFO - Health check called
2026-07-24 02:46:18 - root - INFO - Health check called
2026-07-24 02:46:48 - root - INFO - Health check called
2026-07-24 02:47:18 - root - INFO - Health check called
2026-07-24 02:47:48 - root - INFO - Health check called
2026-07-24 02:48:18 - root - INFO - Health check called
2026-07-24 02:48:48 - root - INFO - Health check called
2026-07-24 02:49:19 - root - INFO - Health check called
2026-07-24 02:49:49 - root - INFO - Health check called
2026-07-24 02:50:19 - root - INFO - Health check called
2026-07-24 02:50:49 - root - INFO - Health check called
2026-07-24 02:51:19 - root - INFO - Health check called
2026-07-24 02:51:49 - root - INFO - Health check called
2026-07-24 02:52:19 - root - INFO - Health check called
2026-07-24 02:52:50 - root - INFO - Health check called
2026-07-24 02:53:20 - root - INFO - Health check called
2026-07-24 02:53:50 - root - INFO - Health check called
2026-07-24 02:54:20 - root - INFO - Health check called
2026-07-24 02:54:50 - root - INFO - Health check called
2026-07-24 02:55:20 - root - INFO - Health check called
2026-07-24 02:55:50 - root - INFO - Health check called
2026-07-24 02:56:20 - root - INFO - Health check called
2026-07-24 02:56:51 - root - INFO - Health check called
2026-07-24 02:57:21 - root - INFO - Health check called
2026-07-24 02:57:51 - root - INFO - Health check called
2026-07-24 02:58:21 - root - INFO - Health check called
2026-07-24 02:58:51 - root - INFO - Health check called
2026-07-24 02:59:21 - root - INFO - Health check called
2026-07-24 02:59:51 - root - INFO - Health check called
2026-07-24 03:00:22 - root - INFO - Health check called
2026-07-24 03:00:52 - root - INFO - Health check called
2026-07-24 03:01:22 - root - INFO - Health check called
2026-07-24 03:01:52 - root - INFO - Health check called
2026-07-24 03:02:22 - root - INFO - Health check called
2026-07-24 03:02:52 - root - INFO - Health check called
2026-07-24 03:03:22 - root - INFO - Health check called
2026-07-24 03:03:53 - root - INFO - Health check called
2026-07-24 03:04:23 - root - INFO - Health check called
2026-07-24 03:04:53 - root - INFO - Health check called
2026-07-24 03:05:23 - root - INFO - Health check called
2026-07-24 03:05:53 - root - INFO - Health check called
2026-07-24 03:06:23 - root - INFO - Health check called
2026-07-24 03:06:53 - root - INFO - Health check called
2026-07-24 03:07:23 - root - INFO - Health check called
2026-07-24 03:07:54 - root - INFO - Health check called
2026-07-24 03:08:24 - root - INFO - Health check called
2026-07-24 03:08:54 - root - INFO - Health check called
2026-07-24 03:09:24 - root - INFO - Health check called
2026-07-24 03:09:54 - root - INFO - Health check called
2026-07-24 03:10:24 - root - INFO - Health check called
2026-07-24 03:10:54 - root - INFO - Health check called
2026-07-24 03:11:25 - root - INFO - Health check called
2026-07-24 03:11:55 - root - INFO - Health check called
2026-07-24 03:12:25 - root - INFO - Health check called
2026-07-24 03:12:55 - root - INFO - Health check called
2026-07-24 03:13:25 - root - INFO - Health check called
2026-07-24 03:13:55 - root - INFO - Health check called
2026-07-24 03:14:25 - root - INFO - Health check called
2026-07-24 03:14:56 - root - INFO - Health check called
2026-07-24 03:15:26 - root - INFO - Health check called
2026-07-24 03:15:56 - root - INFO - Health check called
2026-07-24 03:16:26 - root - INFO - Health check called
2026-07-24 03:16:56 - root - INFO - Health check called
2026-07-24 03:17:26 - root - INFO - Health check called
2026-07-24 03:17:56 - root - INFO - Health check called
2026-07-24 03:18:26 - root - INFO - Health check called
2026-07-24 03:18:57 - root - INFO - Health check called
2026-07-24 03:19:27 - root - INFO - Health check called
2026-07-24 03:19:57 - root - INFO - Health check called
2026-07-24 03:20:27 - root - INFO - Health check called
2026-07-24 03:20:57 - root - INFO - Health check called
2026-07-24 03:21:27 - root - INFO - Health check called
2026-07-24 03:21:57 - root - INFO - Health check called
2026-07-24 03:22:28 - root - INFO - Health check called
2026-07-24 03:22:58 - root - INFO - Health check called
2026-07-24 03:23:28 - root - INFO - Health check called
2026-07-24 03:23:58 - root - INFO - Health check called
2026-07-24 03:24:28 - root - INFO - Health check called
2026-07-24 03:24:58 - root - INFO - Health check called
2026-07-24 03:25:28 - root - INFO - Health check called
2026-07-24 03:25:59 - root - INFO - Health check called
2026-07-24 03:26:29 - root - INFO - Health check called
2026-07-24 03:26:59 - root - INFO - Health check called
2026-07-24 03:27:29 - root - INFO - Health check called
2026-07-24 03:27:59 - root - INFO - Health check called
2026-07-24 03:28:29 - root - INFO - Health check called
2026-07-24 03:28:59 - root - INFO - Health check called
2026-07-24 03:29:30 - root - INFO - Health check called
2026-07-24 03:30:00 - root - INFO - Health check called
2026-07-24 03:30:30 - root - INFO - Health check called
2026-07-24 03:31:00 - root - INFO - Health check called
2026-07-24 03:31:30 - root - INFO - Health check called
2026-07-24 03:32:00 - root - INFO - Health check called
2026-07-24 03:32:30 - root - INFO - Health check called
2026-07-24 03:33:00 - root - INFO - Health check called
2026-07-24 03:33:31 - root - INFO - Health check called
2026-07-24 03:34:01 - root - INFO - Health check called
2026-07-24 03:34:31 - root - INFO - Health check called
2026-07-24 03:35:01 - root - INFO - Health check called
2026-07-24 03:35:31 - root - INFO - Health check called
2026-07-24 03:36:01 - root - INFO - Health check called
2026-07-24 03:36:31 - root - INFO - Health check called
2026-07-24 03:37:02 - root - INFO - Health check called
2026-07-24 03:37:32 - root - INFO - Health check called
2026-07-24 03:38:02 - root - INFO - Health check called
2026-07-24 03:38:32 - root - INFO - Health check called
2026-07-24 03:39:02 - root - INFO - Health check called
2026-07-24 03:39:32 - root - INFO - Health check called
2026-07-24 03:40:02 - root - INFO - Health check called
2026-07-24 03:40:33 - root - INFO - Health check called
2026-07-24 03:41:03 - root - INFO - Health check called
2026-07-24 03:41:33 - root - INFO - Health check called
2026-07-24 03:42:03 - root - INFO - Health check called
2026-07-24 03:42:33 - root - INFO - Health check called
2026-07-24 03:43:03 - root - INFO - Health check called
2026-07-24 03:43:33 - root - INFO - Health check called
2026-07-24 03:44:03 - root - INFO - Health check called
2026-07-24 03:44:34 - root - INFO - Health check called
2026-07-24 03:45:04 - root - INFO - Health check called
2026-07-24 03:45:34 - root - INFO - Health check called
2026-07-24 03:46:04 - root - INFO - Health check called
2026-07-24 03:46:34 - root - INFO - Health check called
2026-07-24 03:47:04 - root - INFO - Health check called
2026-07-24 03:47:34 - root - INFO - Health check called
2026-07-24 03:48:05 - root - INFO - Health check called
2026-07-24 03:48:35 - root - INFO - Health check called
2026-07-24 03:49:05 - root - INFO - Health check called
2026-07-24 03:49:35 - root - INFO - Health check called
2026-07-24 03:50:05 - root - INFO - Health check called
2026-07-24 03:50:35 - root - INFO - Health check called
2026-07-24 03:51:05 - root - INFO - Health check called
2026-07-24 03:51:36 - root - INFO - Health check called
2026-07-24 03:52:06 - root - INFO - Health check called
2026-07-24 03:52:36 - root - INFO - Health check called
2026-07-24 03:53:06 - root - INFO - Health check called
2026-07-24 03:53:36 - root - INFO - Health check called
2026-07-24 03:54:06 - root - INFO - Health check called
2026-07-24 03:54:36 - root - INFO - Health check called
2026-07-24 03:55:06 - root - INFO - Health check called
2026-07-24 03:55:37 - root - INFO - Health check called
2026-07-24 03:56:07 - root - INFO - Health check called
2026-07-24 03:56:37 - root - INFO - Health check called
2026-07-24 03:57:07 - root - INFO - Health check called
2026-07-24 03:57:37 - root - INFO - Health check called
2026-07-24 03:58:07 - root - INFO - Health check called
2026-07-24 03:58:37 - root - INFO - Health check called
2026-07-24 03:59:08 - root - INFO - Health check called
2026-07-24 03:59:38 - root - INFO - Health check called
2026-07-24 04:00:08 - root - INFO - Health check called
2026-07-24 04:00:38 - root - INFO - Health check called
2026-07-24 04:01:08 - root - INFO - Health check called
2026-07-24 04:01:38 - root - INFO - Health check called
2026-07-24 04:02:08 - root - INFO - Health check called
2026-07-24 04:02:39 - root - INFO - Health check called
2026-07-24 04:03:09 - root - INFO - Health check called
2026-07-24 04:03:39 - root - INFO - Health check called
2026-07-24 04:04:09 - root - INFO - Health check called
2026-07-24 04:04:39 - root - INFO - Health check called
2026-07-24 04:05:09 - root - INFO - Health check called
2026-07-24 04:05:39 - root - INFO - Health check called
2026-07-24 04:06:10 - root - INFO - Health check called
2026-07-24 04:06:40 - root - INFO - Health check called
2026-07-24 04:07:10 - root - INFO - Health check called
2026-07-24 04:07:40 - root - INFO - Health check called
2026-07-24 04:08:10 - root - INFO - Health check called
2026-07-24 04:08:40 - root - INFO - Health check called
2026-07-24 04:09:10 - root - INFO - Health check called
2026-07-24 04:09:40 - root - INFO - Health check called
2026-07-24 04:10:11 - root - INFO - Health check called
2026-07-24 04:10:41 - root - INFO - Health check called
2026-07-24 04:11:11 - root - INFO - Health check called
2026-07-24 04:11:41 - root - INFO - Health check called
2026-07-24 04:12:11 - root - INFO - Health check called
2026-07-24 04:12:41 - root - INFO - Health check called
2026-07-24 04:13:11 - root - INFO - Health check called
2026-07-24 04:13:42 - root - INFO - Health check called
2026-07-24 04:14:12 - root - INFO - Health check called
2026-07-24 04:14:42 - root - INFO - Health check called
2026-07-24 04:15:12 - root - INFO - Health check called
2026-07-24 04:15:42 - root - INFO - Health check called
2026-07-24 04:16:12 - root - INFO - Health check called
2026-07-24 04:16:42 - root - INFO - Health check called
2026-07-24 04:17:13 - root - INFO - Health check called
2026-07-24 04:17:43 - root - INFO - Health check called
2026-07-24 04:18:13 - root - INFO - Health check called
2026-07-24 04:18:43 - root - INFO - Health check called
2026-07-24 04:19:13 - root - INFO - Health check called
2026-07-24 04:19:43 - root - INFO - Health check called
2026-07-24 04:20:13 - root - INFO - Health check called
2026-07-24 04:20:44 - root - INFO - Health check called
2026-07-24 04:21:14 - root - INFO - Health check called
2026-07-24 04:21:44 - root - INFO - Health check called
2026-07-24 04:22:14 - root - INFO - Health check called
2026-07-24 04:22:44 - root - INFO - Health check called
2026-07-24 04:23:14 - root - INFO - Health check called
2026-07-24 04:23:44 - root - INFO - Health check called
2026-07-24 04:24:14 - root - INFO - Health check called
2026-07-24 04:24:45 - root - INFO - Health check called
2026-07-24 04:25:15 - root - INFO - Health check called
2026-07-24 04:25:45 - root - INFO - Health check called
2026-07-24 04:26:15 - root - INFO - Health check called
2026-07-24 04:26:45 - root - INFO - Health check called
2026-07-24 04:27:15 - root - INFO - Health check called
2026-07-24 04:27:45 - root - INFO - Health check called
2026-07-24 04:28:16 - root - INFO - Health check called
2026-07-24 04:28:46 - root - INFO - Health check called
2026-07-24 04:29:16 - root - INFO - Health check called
2026-07-24 04:29:46 - root - INFO - Health check called
2026-07-24 04:30:16 - root - INFO - Health check called
2026-07-24 04:30:46 - root - INFO - Health check called
2026-07-24 04:31:16 - root - INFO - Health check called
2026-07-24 04:31:47 - root - INFO - Health check called
2026-07-24 04:32:17 - root - INFO - Health check called
2026-07-24 04:32:47 - root - INFO - Health check called
2026-07-24 04:33:17 - root - INFO - Health check called
2026-07-24 04:33:47 - root - INFO - Health check called
2026-07-24 04:34:17 - root - INFO - Health check called
2026-07-24 04:34:47 - root - INFO - Health check called
2026-07-24 04:35:17 - root - INFO - Health check called
2026-07-24 04:35:48 - root - INFO - Health check called
2026-07-24 04:36:18 - root - INFO - Health check called
2026-07-24 04:36:48 - root - INFO - Health check called
2026-07-24 04:37:18 - root - INFO - Health check called
2026-07-24 04:37:48 - root - INFO - Health check called
2026-07-24 04:38:18 - root - INFO - Health check called
2026-07-24 04:38:48 - root - INFO - Health check called
2026-07-24 04:39:19 - root - INFO - Health check called
2026-07-24 04:39:49 - root - INFO - Health check called
2026-07-24 04:40:19 - root - INFO - Health check called
2026-07-24 04:40:49 - root - INFO - Health check called
2026-07-24 04:41:19 - root - INFO - Health check called
2026-07-24 04:41:49 - root - INFO - Health check called
2026-07-24 04:42:19 - root - INFO - Health check called
2026-07-24 04:42:49 - root - INFO - Health check called
2026-07-24 04:43:20 - root - INFO - Health check called
2026-07-24 04:43:50 - root - INFO - Health check called
2026-07-24 04:44:20 - root - INFO - Health check called
2026-07-24 04:44:50 - root - INFO - Health check called
2026-07-24 04:45:20 - root - INFO - Health check called
2026-07-24 04:45:50 - root - INFO - Health check called
2026-07-24 04:46:20 - root - INFO - Health check called
2026-07-24 04:46:51 - root - INFO - Health check called
2026-07-24 04:47:21 - root - INFO - Health check called
2026-07-24 04:47:51 - root - INFO - Health check called
2026-07-24 04:48:21 - root - INFO - Health check called
2026-07-24 04:48:51 - root - INFO - Health check called
2026-07-24 04:49:21 - root - INFO - Health check called
2026-07-24 04:49:51 - root - INFO - Health check called
2026-07-24 04:50:22 - root - INFO - Health check called
2026-07-24 04:50:52 - root - INFO - Health check called
2026-07-24 04:51:22 - root - INFO - Health check called
2026-07-24 04:51:52 - root - INFO - Health check called
2026-07-24 04:52:22 - root - INFO - Health check called
2026-07-24 04:52:52 - root - INFO - Health check called
2026-07-24 04:53:22 - root - INFO - Health check called
2026-07-24 04:53:52 - root - INFO - Health check called
2026-07-24 04:54:23 - root - INFO - Health check called
2026-07-24 04:54:53 - root - INFO - Health check called
2026-07-24 04:55:23 - root - INFO - Health check called
2026-07-24 04:55:53 - root - INFO - Health check called
2026-07-24 04:56:23 - root - INFO - Health check called
2026-07-24 04:56:53 - root - INFO - Health check called
2026-07-24 04:57:23 - root - INFO - Health check called
2026-07-24 04:57:54 - root - INFO - Health check called
2026-07-24 04:58:24 - root - INFO - Health check called
2026-07-24 04:58:54 - root - INFO - Health check called
2026-07-24 04:59:24 - root - INFO - Health check called
2026-07-24 04:59:54 - root - INFO - Health check called
2026-07-24 05:00:24 - root - INFO - Health check called
2026-07-24 05:00:54 - root - INFO - Health check called
2026-07-24 05:01:25 - root - INFO - Health check called
2026-07-24 05:01:55 - root - INFO - Health check called
2026-07-24 05:02:25 - root - INFO - Health check called
2026-07-24 05:02:55 - root - INFO - Health check called
2026-07-24 05:03:25 - root - INFO - Health check called
2026-07-24 05:03:55 - root - INFO - Health check called
2026-07-24 05:04:25 - root - INFO - Health check called
2026-07-24 05:04:56 - root - INFO - Health check called
2026-07-24 05:05:26 - root - INFO - Health check called
2026-07-24 05:05:56 - root - INFO - Health check called
2026-07-24 05:06:26 - root - INFO - Health check called
2026-07-24 05:06:56 - root - INFO - Health check called
2026-07-24 05:07:26 - root - INFO - Health check called
2026-07-24 05:07:56 - root - INFO - Health check called
2026-07-24 05:08:26 - root - INFO - Health check called
2026-07-24 05:08:57 - root - INFO - Health check called
2026-07-24 05:09:27 - root - INFO - Health check called
2026-07-24 05:09:57 - root - INFO - Health check called
2026-07-24 05:10:27 - root - INFO - Health check called
2026-07-24 05:10:57 - root - INFO - Health check called
2026-07-24 05:11:27 - root - INFO - Health check called
2026-07-24 05:11:57 - root - INFO - Health check called
2026-07-24 05:12:28 - root - INFO - Health check called
2026-07-24 05:12:58 - root - INFO - Health check called
2026-07-24 05:13:28 - root - INFO - Health check called
2026-07-24 05:13:58 - root - INFO - Health check called
2026-07-24 05:14:28 - root - INFO - Health check called
2026-07-24 05:14:58 - root - INFO - Health check called
2026-07-24 05:15:28 - root - INFO - Health check called
2026-07-24 05:15:59 - root - INFO - Health check called
2026-07-24 05:16:29 - root - INFO - Health check called
2026-07-24 05:16:59 - root - INFO - Health check called
2026-07-24 05:17:29 - root - INFO - Health check called
2026-07-24 05:17:59 - root - INFO - Health check called
2026-07-24 05:18:29 - root - INFO - Health check called
2026-07-24 05:18:59 - root - INFO - Health check called
2026-07-24 05:19:29 - root - INFO - Health check called
2026-07-24 05:20:00 - root - INFO - Health check called
2026-07-24 05:20:30 - root - INFO - Health check called
2026-07-24 05:21:00 - root - INFO - Health check called
2026-07-24 05:21:30 - root - INFO - Health check called
2026-07-24 05:22:00 - root - INFO - Health check called
2026-07-24 05:22:30 - root - INFO - Health check called
2026-07-24 05:23:00 - root - INFO - Health check called
2026-07-24 05:23:31 - root - INFO - Health check called
2026-07-24 05:24:01 - root - INFO - Health check called
2026-07-24 05:24:31 - root - INFO - Health check called
2026-07-24 05:25:01 - root - INFO - Health check called
2026-07-24 05:25:31 - root - INFO - Health check called
2026-07-24 05:26:01 - root - INFO - Health check called
2026-07-24 05:26:31 - root - INFO - Health check called
2026-07-24 05:27:02 - root - INFO - Health check called
2026-07-24 05:27:32 - root - INFO - Health check called
2026-07-24 05:28:02 - root - INFO - Health check called
2026-07-24 05:28:32 - root - INFO - Health check called
2026-07-24 05:29:02 - root - INFO - Health check called
2026-07-24 05:29:32 - root - INFO - Health check called
2026-07-24 05:30:02 - root - INFO - Health check called
2026-07-24 05:30:33 - root - INFO - Health check called
2026-07-24 05:31:03 - root - INFO - Health check called
2026-07-24 05:31:33 - root - INFO - Health check called
2026-07-24 05:32:03 - root - INFO - Health check called
2026-07-24 05:32:33 - root - INFO - Health check called
2026-07-24 05:33:03 - root - INFO - Health check called
2026-07-24 05:33:33 - root - INFO - Health check called
2026-07-24 05:34:03 - root - INFO - Health check called
2026-07-24 05:34:34 - root - INFO - Health check called
2026-07-24 05:35:04 - root - INFO - Health check called
2026-07-24 05:35:34 - root - INFO - Health check called
2026-07-24 05:36:04 - root - INFO - Health check called
2026-07-24 05:36:34 - root - INFO - Health check called
2026-07-24 05:37:04 - root - INFO - Health check called
2026-07-24 05:37:34 - root - INFO - Health check called
2026-07-24 05:38:05 - root - INFO - Health check called
2026-07-24 05:38:35 - root - INFO - Health check called
2026-07-24 05:39:05 - root - INFO - Health check called
2026-07-24 05:39:35 - root - INFO - Health check called
2026-07-24 05:40:05 - root - INFO - Health check called
2026-07-24 05:40:35 - root - INFO - Health check called
2026-07-24 05:41:05 - root - INFO - Health check called
2026-07-24 05:41:36 - root - INFO - Health check called
2026-07-24 05:42:06 - root - INFO - Health check called
2026-07-24 05:42:36 - root - INFO - Health check called
2026-07-24 05:43:06 - root - INFO - Health check called
2026-07-24 05:43:36 - root - INFO - Health check called
2026-07-24 05:44:06 - root - INFO - Health check called
2026-07-24 05:44:36 - root - INFO - Health check called
2026-07-24 05:45:07 - root - INFO - Health check called
2026-07-24 05:45:37 - root - INFO - Health check called
2026-07-24 05:46:07 - root - INFO - Health check called
2026-07-24 05:46:37 - root - INFO - Health check called
2026-07-24 05:47:07 - root - INFO - Health check called
2026-07-24 05:47:37 - root - INFO - Health check called
2026-07-24 05:48:07 - root - INFO - Health check called
2026-07-24 05:48:37 - root - INFO - Health check called
2026-07-24 05:49:08 - root - INFO - Health check called
2026-07-24 05:49:38 - root - INFO - Health check called
2026-07-24 05:50:08 - root - INFO - Health check called
2026-07-24 05:50:38 - root - INFO - Health check called
2026-07-24 05:51:08 - root - INFO - Health check called
2026-07-24 05:51:38 - root - INFO - Health check called
2026-07-24 05:52:08 - root - INFO - Health check called
2026-07-24 05:52:39 - root - INFO - Health check called
2026-07-24 05:53:09 - root - INFO - Health check called
2026-07-24 05:53:39 - root - INFO - Health check called
2026-07-24 05:54:09 - root - INFO - Health check called
2026-07-24 05:54:39 - root - INFO - Health check called
2026-07-24 05:55:09 - root - INFO - Health check called
2026-07-24 05:55:39 - root - INFO - Health check called
2026-07-24 05:56:10 - root - INFO - Health check called
2026-07-24 05:56:40 - root - INFO - Health check called
2026-07-24 05:57:10 - root - INFO - Health check called
2026-07-24 05:57:40 - root - INFO - Health check called
2026-07-24 05:58:10 - root - INFO - Health check called
2026-07-24 05:58:40 - root - INFO - Health check called
2026-07-24 05:59:10 - root - INFO - Health check called
2026-07-24 05:59:40 - root - INFO - Health check called
2026-07-24 06:00:11 - root - INFO - Health check called
2026-07-24 06:00:41 - root - INFO - Health check called
2026-07-24 06:01:11 - root - INFO - Health check called
2026-07-24 06:01:41 - root - INFO - Health check called
2026-07-24 06:02:11 - root - INFO - Health check called
2026-07-24 06:02:41 - root - INFO - Health check called
2026-07-24 06:03:11 - root - INFO - Health check called
2026-07-24 06:03:42 - root - INFO - Health check called
2026-07-24 06:04:12 - root - INFO - Health check called
2026-07-24 06:04:42 - root - INFO - Health check called
2026-07-24 06:05:12 - root - INFO - Health check called
2026-07-24 06:05:42 - root - INFO - Health check called
2026-07-24 06:06:12 - root - INFO - Health check called
2026-07-24 06:06:43 - root - INFO - Health check called
2026-07-24 06:07:13 - root - INFO - Health check called
2026-07-24 06:07:43 - root - INFO - Health check called
2026-07-24 06:08:13 - root - INFO - Health check called
2026-07-24 06:08:43 - root - INFO - Health check called
2026-07-24 06:09:13 - root - INFO - Health check called
2026-07-24 06:09:43 - root - INFO - Health check called
2026-07-24 06:10:14 - root - INFO - Health check called
2026-07-24 06:10:44 - root - INFO - Health check called
2026-07-24 06:11:14 - root - INFO - Health check called
2026-07-24 06:11:44 - root - INFO - Health check called
2026-07-24 06:12:14 - root - INFO - Health check called
2026-07-24 06:12:44 - root - INFO - Health check called
2026-07-24 06:13:14 - root - INFO - Health check called
2026-07-24 06:13:44 - root - INFO - Health check called
2026-07-24 06:14:15 - root - INFO - Health check called
2026-07-24 06:14:45 - root - INFO - Health check called
2026-07-24 06:15:15 - root - INFO - Health check called
2026-07-24 06:15:45 - root - INFO - Health check called
2026-07-24 06:16:15 - root - INFO - Health check called
2026-07-24 06:16:45 - root - INFO - Health check called
2026-07-24 06:17:15 - root - INFO - Health check called
2026-07-24 06:17:46 - root - INFO - Health check called
2026-07-24 06:18:16 - root - INFO - Health check called
2026-07-24 06:18:46 - root - INFO - Health check called
2026-07-24 06:19:16 - root - INFO - Health check called
2026-07-24 06:19:46 - root - INFO - Health check called
2026-07-24 06:20:16 - root - INFO - Health check called
2026-07-24 06:20:46 - root - INFO - Health check called
2026-07-24 06:21:17 - root - INFO - Health check called
2026-07-24 06:21:47 - root - INFO - Health check called
2026-07-24 06:22:17 - root - INFO - Health check called
2026-07-24 06:22:47 - root - INFO - Health check called
2026-07-24 06:23:17 - root - INFO - Health check called
2026-07-24 06:23:47 - root - INFO - Health check called
2026-07-24 06:24:17 - root - INFO - Health check called
2026-07-24 06:24:47 - root - INFO - Health check called
2026-07-24 06:25:18 - root - INFO - Health check called
2026-07-24 06:25:48 - root - INFO - Health check called
2026-07-24 06:26:18 - root - INFO - Health check called
2026-07-24 06:26:48 - root - INFO - Health check called
2026-07-24 06:27:18 - root - INFO - Health check called
2026-07-24 06:27:48 - root - INFO - Health check called
2026-07-24 06:28:18 - root - INFO - Health check called
2026-07-24 06:28:49 - root - INFO - Health check called
2026-07-24 06:29:19 - root - INFO - Health check called
2026-07-24 06:29:49 - root - INFO - Health check called
2026-07-24 06:30:19 - root - INFO - Health check called
2026-07-24 06:30:49 - root - INFO - Health check called
2026-07-24 06:31:19 - root - INFO - Health check called
2026-07-24 06:31:49 - root - INFO - Health check called
2026-07-24 06:32:20 - root - INFO - Health check called
2026-07-24 06:32:50 - root - INFO - Health check called
2026-07-24 06:33:20 - root - INFO - Health check called
2026-07-24 06:33:50 - root - INFO - Health check called
2026-07-24 06:34:20 - root - INFO - Health check called
2026-07-24 06:34:50 - root - INFO - Health check called
2026-07-24 06:35:20 - root - INFO - Health check called
2026-07-24 06:35:51 - root - INFO - Health check called
2026-07-24 06:36:21 - root - INFO - Health check called
2026-07-24 06:36:51 - root - INFO - Health check called
2026-07-24 06:37:21 - root - INFO - Health check called
2026-07-24 06:37:51 - root - INFO - Health check called
2026-07-24 06:38:21 - root - INFO - Health check called
2026-07-24 06:38:51 - root - INFO - Health check called
2026-07-24 06:39:21 - root - INFO - Health check called
2026-07-24 06:39:52 - root - INFO - Health check called
2026-07-24 06:40:22 - root - INFO - Health check called
2026-07-24 06:40:52 - root - INFO - Health check called
2026-07-24 06:41:22 - root - INFO - Health check called
2026-07-24 06:41:52 - root - INFO - Health check called
2026-07-24 06:42:22 - root - INFO - Health check called
2026-07-24 06:42:52 - root - INFO - Health check called
2026-07-24 06:43:23 - root - INFO - Health check called
2026-07-24 06:43:53 - root - INFO - Health check called
2026-07-24 06:44:23 - root - INFO - Health check called
2026-07-24 06:44:53 - root - INFO - Health check called
2026-07-24 06:45:23 - root - INFO - Health check called
2026-07-24 06:45:53 - root - INFO - Health check called
2026-07-24 06:46:23 - root - INFO - Health check called
2026-07-24 06:46:54 - root - INFO - Health check called
2026-07-24 06:47:24 - root - INFO - Health check called
2026-07-24 06:47:54 - root - INFO - Health check called
2026-07-24 06:48:24 - root - INFO - Health check called
2026-07-24 06:48:54 - root - INFO - Health check called
2026-07-24 06:49:24 - root - INFO - Health check called
2026-07-24 06:49:54 - root - INFO - Health check called
2026-07-24 06:50:25 - root - INFO - Health check called
2026-07-24 06:50:55 - root - INFO - Health check called
2026-07-24 06:51:25 - root - INFO - Health check called
2026-07-24 06:51:55 - root - INFO - Health check called
2026-07-24 07:09:49 - root - INFO - Health check called
2026-07-24 07:10:19 - root - INFO - Health check called
2026-07-24 07:12:03 - root - INFO - Health check called
2026-07-24 07:27:53 - root - INFO - Health check called
2026-07-24 07:28:23 - root - INFO - Health check called
2026-07-24 07:44:47 - root - INFO - Health check called
2026-07-24 07:45:17 - root - INFO - Health check called
2026-07-24 08:03:16 - root - INFO - Health check called
2026-07-24 08:03:46 - root - INFO - Health check called
2026-07-24 08:20:24 - root - INFO - Health check called
2026-07-24 08:29:01 - root - INFO - Health check called
2026-07-24 08:29:31 - root - INFO - Health check called
2026-07-24 08:45:10 - root - INFO - Health check called
2026-07-24 08:45:40 - root - INFO - Health check called
2026-07-24 09:02:01 - root - INFO - Health check called
2026-07-24 09:17:53 - root - INFO - Health check called
2026-07-24 09:18:23 - root - INFO - Health check called
2026-07-24 09:30:09 - root - INFO - Health check called
2026-07-24 09:30:39 - root - INFO - Health check called
2026-07-24 09:46:48 - root - INFO - Health check called
2026-07-24 09:47:18 - root - INFO - Health check called
2026-07-24 10:03:51 - root - INFO - Health check called
2026-07-24 10:21:22 - root - INFO - Health check called
2026-07-24 10:21:52 - root - INFO - Health check called
2026-07-24 10:31:16 - root - INFO - Health check called
2026-07-24 10:31:47 - root - INFO - Health check called
2026-07-24 10:49:52 - root - INFO - Health check called
2026-07-24 11:07:01 - root - INFO - Health check called
2026-07-24 11:07:31 - root - INFO - Health check called
2026-07-24 11:24:11 - root - INFO - Health check called
2026-07-24 11:24:41 - root - INFO - Health check called
2026-07-24 11:32:25 - root - INFO - Health check called
2026-07-24 11:48:14 - root - INFO - Health check called
2026-07-24 11:48:44 - root - INFO - Health check called
2026-07-24 12:06:36 - root - INFO - Health check called
2026-07-24 12:07:06 - root - INFO - Health check called
2026-07-24 12:23:23 - root - INFO - Health check called
2026-07-24 12:23:53 - root - INFO - Health check called
2026-07-24 12:28:54 - root - INFO - Health check called
2026-07-24 12:29:24 - root - INFO - Health check called
2026-07-24 12:29:54 - root - INFO - Health check called
2026-07-24 12:30:24 - root - INFO - Health check called
2026-07-24 12:30:54 - root - INFO - Health check called
2026-07-24 12:31:24 - root - INFO - Health check called
2026-07-24 12:31:54 - root - INFO - Health check called
2026-07-24 12:32:25 - root - INFO - Health check called
2026-07-24 12:32:55 - root - INFO - Health check called
2026-07-24 12:33:25 - root - INFO - Health check called
2026-07-24 12:33:55 - root - INFO - Health check called
2026-07-24 12:34:25 - root - INFO - Health check called
2026-07-24 12:34:55 - root - INFO - Health check called
2026-07-24 12:35:25 - root - INFO - Health check called
2026-07-24 12:35:56 - root - INFO - Health check called
2026-07-24 12:36:26 - root - INFO - Health check called
2026-07-24 12:36:56 - root - INFO - Health check called
2026-07-24 12:37:26 - root - INFO - Health check called
2026-07-24 12:37:59 - root - INFO - Health check called
2026-07-24 12:38:29 - root - INFO - Health check called
2026-07-24 12:38:59 - root - INFO - Health check called
2026-07-24 12:39:29 - root - INFO - Health check called
2026-07-24 12:39:59 - root - INFO - Health check called
2026-07-24 12:40:29 - root - INFO - Health check called
2026-07-24 12:40:59 - root - INFO - Health check called
2026-07-24 12:41:30 - root - INFO - Health check called
2026-07-24 12:42:00 - root - INFO - Health check called
2026-07-24 12:42:30 - root - INFO - Health check called
2026-07-24 12:43:00 - root - INFO - Health check called
2026-07-24 12:43:30 - root - INFO - Health check called
2026-07-24 12:44:00 - root - INFO - Health check called
2026-07-24 12:44:31 - root - INFO - Health check called
2026-07-24 12:45:01 - root - INFO - Health check called
2026-07-24 12:45:31 - root - INFO - Health check called
2026-07-24 12:46:01 - root - INFO - Health check called
2026-07-24 12:46:31 - root - INFO - Health check called
2026-07-24 12:47:01 - root - INFO - Health check called
2026-07-24 12:47:31 - root - INFO - Health check called
2026-07-24 12:48:02 - root - INFO - Health check called
2026-07-24 12:48:32 - root - INFO - Health check called
2026-07-24 12:49:02 - root - INFO - Health check called
2026-07-24 12:49:32 - root - INFO - Health check called
2026-07-24 12:50:02 - root - INFO - Health check called
2026-07-24 12:50:32 - root - INFO - Health check called
2026-07-24 12:51:02 - root - INFO - Health check called
2026-07-24 12:51:33 - root - INFO - Health check called
2026-07-24 12:52:03 - root - INFO - Health check called
2026-07-24 12:52:33 - root - INFO - Health check called
2026-07-24 12:53:03 - root - INFO - Health check called
2026-07-24 12:53:33 - root - INFO - Health check called
2026-07-24 12:54:03 - root - INFO - Health check called
2026-07-24 12:54:33 - root - INFO - Health check called
2026-07-24 12:55:04 - root - INFO - Health check called
2026-07-24 12:55:34 - root - INFO - Health check called
2026-07-24 12:56:04 - root - INFO - Health check called
2026-07-24 12:56:34 - root - INFO - Health check called
2026-07-24 12:57:04 - root - INFO - Health check called
2026-07-24 12:57:34 - root - INFO - Health check called
2026-07-24 12:58:04 - root - INFO - Health check called
2026-07-24 12:58:35 - root - INFO - Health check called
2026-07-24 12:59:05 - root - INFO - Health check called
2026-07-24 12:59:35 - root - INFO - Health check called
2026-07-24 13:00:05 - root - INFO - Health check called
2026-07-24 13:00:35 - root - INFO - Health check called
2026-07-24 13:01:05 - root - INFO - Health check called
2026-07-24 13:01:35 - root - INFO - Health check called
2026-07-24 13:02:06 - root - INFO - Health check called
2026-07-24 13:02:36 - root - INFO - Health check called
2026-07-24 13:03:06 - root - INFO - Health check called
2026-07-24 13:03:36 - root - INFO - Health check called
2026-07-24 13:04:06 - root - INFO - Health check called
2026-07-24 13:04:36 - root - INFO - Health check called
2026-07-24 13:05:06 - root - INFO - Health check called
2026-07-24 13:05:36 - root - INFO - Health check called
2026-07-24 13:06:07 - root - INFO - Health check called
2026-07-24 13:06:37 - root - INFO - Health check called
2026-07-24 13:07:07 - root - INFO - Health check called
2026-07-24 13:07:37 - root - INFO - Health check called
2026-07-24 13:08:07 - root - INFO - Health check called
2026-07-24 13:08:37 - root - INFO - Health check called
2026-07-24 13:09:07 - root - INFO - Health check called
2026-07-24 13:09:38 - root - INFO - Health check called
2026-07-24 13:10:08 - root - INFO - Health check called
2026-07-24 13:10:38 - root - INFO - Health check called
2026-07-24 13:11:08 - root - INFO - Health check called
2026-07-24 13:11:38 - root - INFO - Health check called
2026-07-24 13:12:08 - root - INFO - Health check called
2026-07-24 13:12:38 - root - INFO - Health check called
2026-07-24 13:13:09 - root - INFO - Health check called
2026-07-24 13:13:39 - root - INFO - Health check called
2026-07-24 13:14:09 - root - INFO - Health check called
2026-07-24 13:14:39 - root - INFO - Health check called
2026-07-24 13:15:09 - root - INFO - Health check called
2026-07-24 13:15:39 - root - INFO - Health check called
2026-07-24 13:16:09 - root - INFO - Health check called
2026-07-24 13:16:40 - root - INFO - Health check called
2026-07-24 13:17:10 - root - INFO - Health check called
2026-07-24 13:17:40 - root - INFO - Health check called
2026-07-24 13:18:10 - root - INFO - Health check called
2026-07-24 13:18:40 - root - INFO - Health check called
2026-07-24 13:19:10 - root - INFO - Health check called
2026-07-24 13:19:40 - root - INFO - Health check called
2026-07-24 13:20:11 - root - INFO - Health check called
2026-07-24 13:20:41 - root - INFO - Health check called
2026-07-24 13:21:11 - root - INFO - Health check called
2026-07-24 13:21:41 - root - INFO - Health check called
2026-07-24 13:22:11 - root - INFO - Health check called
2026-07-24 13:22:41 - root - INFO - Health check called
2026-07-24 13:23:11 - root - INFO - Health check called
2026-07-24 13:23:42 - root - INFO - Health check called
2026-07-24 13:24:12 - root - INFO - Health check called
2026-07-24 13:24:42 - root - INFO - Health check called
2026-07-24 13:25:12 - root - INFO - Health check called
2026-07-24 13:25:42 - root - INFO - Health check called
2026-07-24 13:26:12 - root - INFO - Health check called
2026-07-24 13:26:42 - root - INFO - Health check called
2026-07-24 13:27:12 - root - INFO - Health check called
2026-07-24 13:27:43 - root - INFO - Health check called
2026-07-24 13:28:13 - root - INFO - Health check called
2026-07-24 13:28:43 - root - INFO - Health check called
2026-07-24 13:29:13 - root - INFO - Health check called
2026-07-24 13:29:43 - root - INFO - Health check called
2026-07-24 13:30:13 - root - INFO - Health check called
2026-07-24 13:30:43 - root - INFO - Health check called
2026-07-24 13:31:14 - root - INFO - Health check called
2026-07-24 13:31:44 - root - INFO - Health check called
2026-07-24 13:32:14 - root - INFO - Health check called
2026-07-24 13:32:44 - root - INFO - Health check called
2026-07-24 13:33:14 - root - INFO - Health check called
2026-07-24 13:33:44 - root - INFO - Health check called
2026-07-24 13:34:14 - root - INFO - Health check called
2026-07-24 13:34:45 - root - INFO - Health check called
2026-07-24 13:35:15 - root - INFO - Health check called
2026-07-24 13:35:45 - root - INFO - Health check called
2026-07-24 13:36:15 - root - INFO - Health check called
2026-07-24 13:36:45 - root - INFO - Health check called
2026-07-24 13:37:15 - root - INFO - Health check called
2026-07-24 13:37:45 - root - INFO - Health check called
2026-07-24 13:38:15 - root - INFO - Health check called
2026-07-24 13:38:46 - root - INFO - Health check called
2026-07-24 13:39:16 - root - INFO - Health check called
2026-07-24 13:39:46 - root - INFO - Health check called
2026-07-24 13:40:16 - root - INFO - Health check called
2026-07-24 13:40:46 - root - INFO - Health check called
2026-07-24 13:41:16 - root - INFO - Health check called
2026-07-24 13:41:46 - root - INFO - Health check called
2026-07-24 13:42:17 - root - INFO - Health check called
2026-07-24 13:42:47 - root - INFO - Health check called
2026-07-24 13:43:17 - root - INFO - Health check called
2026-07-24 13:43:47 - root - INFO - Health check called
2026-07-24 13:44:17 - root - INFO - Health check called
2026-07-24 13:44:47 - root - INFO - Health check called
2026-07-24 13:45:17 - root - INFO - Health check called
2026-07-24 13:45:48 - root - INFO - Health check called
2026-07-24 13:46:18 - root - INFO - Health check called
2026-07-24 13:46:48 - root - INFO - Health check called
2026-07-24 13:47:18 - root - INFO - Health check called
2026-07-24 13:47:48 - root - INFO - Health check called
2026-07-24 13:48:18 - root - INFO - Health check called
2026-07-24 13:48:48 - root - INFO - Health check called
2026-07-24 13:49:19 - root - INFO - Health check called
2026-07-24 13:49:49 - root - INFO - Health check called
2026-07-24 13:50:19 - root - INFO - Health check called
2026-07-24 13:50:49 - root - INFO - Health check called
2026-07-24 13:51:19 - root - INFO - Health check called
2026-07-24 13:51:49 - root - INFO - Health check called
2026-07-24 13:52:19 - root - INFO - Health check called
2026-07-24 13:52:50 - root - INFO - Health check called
2026-07-24 13:53:20 - root - INFO - Health check called
2026-07-24 13:53:50 - root - INFO - Health check called
2026-07-24 13:54:20 - root - INFO - Health check called
2026-07-24 13:54:50 - root - INFO - Health check called
2026-07-24 13:55:20 - root - INFO - Health check called
2026-07-24 13:55:50 - root - INFO - Health check called
2026-07-24 13:56:21 - root - INFO - Health check called
2026-07-24 13:56:51 - root - INFO - Health check called
2026-07-24 13:57:21 - root - INFO - Health check called
2026-07-24 13:57:51 - root - INFO - Health check called
2026-07-24 13:58:21 - root - INFO - Health check called
2026-07-24 13:58:51 - root - INFO - Health check called
2026-07-24 13:59:21 - root - INFO - Health check called
2026-07-24 13:59:51 - root - INFO - Health check called
2026-07-24 14:00:22 - root - INFO - Health check called
2026-07-24 14:00:52 - root - INFO - Health check called
2026-07-24 14:01:22 - root - INFO - Health check called
2026-07-24 14:01:52 - root - INFO - Health check called
2026-07-24 14:02:22 - root - INFO - Health check called
2026-07-24 14:02:52 - root - INFO - Health check called
2026-07-24 14:03:22 - root - INFO - Health check called
2026-07-24 14:03:53 - root - INFO - Health check called
2026-07-24 14:04:23 - root - INFO - Health check called
2026-07-24 14:04:53 - root - INFO - Health check called
2026-07-24 14:05:23 - root - INFO - Health check called
2026-07-24 14:05:53 - root - INFO - Health check called
2026-07-24 14:06:23 - root - INFO - Health check called
2026-07-24 14:06:53 - root - INFO - Health check called
2026-07-24 14:07:24 - root - INFO - Health check called
2026-07-24 14:07:54 - root - INFO - Health check called
2026-07-24 14:08:24 - root - INFO - Health check called
2026-07-24 14:08:54 - root - INFO - Health check called
2026-07-24 14:09:24 - root - INFO - Health check called
2026-07-24 14:09:54 - root - INFO - Health check called
2026-07-24 14:10:24 - root - INFO - Health check called
2026-07-24 14:10:55 - root - INFO - Health check called
2026-07-24 14:11:25 - root - INFO - Health check called
2026-07-24 14:11:55 - root - INFO - Health check called
2026-07-24 14:12:25 - root - INFO - Health check called
2026-07-24 14:12:55 - root - INFO - Health check called
2026-07-24 14:13:25 - root - INFO - Health check called
2026-07-24 14:13:55 - root - INFO - Health check called
2026-07-24 14:14:25 - root - INFO - Health check called
2026-07-24 14:14:56 - root - INFO - Health check called
2026-07-24 14:15:26 - root - INFO - Health check called
2026-07-24 14:15:56 - root - INFO - Health check called
2026-07-24 14:16:26 - root - INFO - Health check called
2026-07-24 14:16:56 - root - INFO - Health check called
2026-07-24 14:17:26 - root - INFO - Health check called
2026-07-24 14:17:56 - root - INFO - Health check called
2026-07-24 14:18:27 - root - INFO - Health check called
2026-07-24 14:18:57 - root - INFO - Health check called
2026-07-24 14:19:27 - root - INFO - Health check called
2026-07-24 14:19:57 - root - INFO - Health check called
2026-07-24 14:20:27 - root - INFO - Health check called
2026-07-24 14:20:57 - root - INFO - Health check called
2026-07-24 14:21:27 - root - INFO - Health check called
2026-07-24 14:21:58 - root - INFO - Health check called
2026-07-24 14:22:28 - root - INFO - Health check called
2026-07-24 14:22:58 - root - INFO - Health check called
2026-07-24 14:23:28 - root - INFO - Health check called
2026-07-24 14:23:58 - root - INFO - Health check called
2026-07-24 14:24:28 - root - INFO - Health check called
2026-07-24 14:24:58 - root - INFO - Health check called
2026-07-24 14:25:29 - root - INFO - Health check called
2026-07-24 14:25:59 - root - INFO - Health check called
2026-07-24 14:26:29 - root - INFO - Health check called
2026-07-24 14:26:59 - root - INFO - Health check called
2026-07-24 14:27:29 - root - INFO - Health check called
2026-07-24 14:27:59 - root - INFO - Health check called
2026-07-24 14:28:29 - root - INFO - Health check called
2026-07-24 14:28:59 - root - INFO - Health check called
2026-07-24 14:29:30 - root - INFO - Health check called
2026-07-24 14:30:00 - root - INFO - Health check called
2026-07-24 14:30:30 - root - INFO - Health check called
2026-07-24 14:31:00 - root - INFO - Health check called
2026-07-24 14:31:30 - root - INFO - Health check called
2026-07-24 14:32:00 - root - INFO - Health check called
2026-07-24 14:32:30 - root - INFO - Health check called
2026-07-24 14:33:01 - root - INFO - Health check called
2026-07-24 14:33:31 - root - INFO - Health check called
2026-07-24 14:34:01 - root - INFO - Health check called
2026-07-24 14:34:31 - root - INFO - Health check called
2026-07-24 14:35:01 - root - INFO - Health check called
2026-07-24 14:35:31 - root - INFO - Health check called
2026-07-24 14:36:01 - root - INFO - Health check called
2026-07-24 14:36:32 - root - INFO - Health check called
2026-07-24 14:37:02 - root - INFO - Health check called
2026-07-24 14:37:32 - root - INFO - Health check called
2026-07-24 14:38:02 - root - INFO - Health check called
2026-07-24 14:38:32 - root - INFO - Health check called
2026-07-24 14:39:02 - root - INFO - Health check called
2026-07-24 14:39:32 - root - INFO - Health check called
2026-07-24 14:40:03 - root - INFO - Health check called
2026-07-24 14:40:33 - root - INFO - Health check called
2026-07-24 14:41:03 - root - INFO - Health check called
2026-07-24 14:41:33 - root - INFO - Health check called
2026-07-24 14:42:03 - root - INFO - Health check called
2026-07-24 14:42:33 - root - INFO - Health check called
2026-07-24 14:43:03 - root - INFO - Health check called
2026-07-24 14:43:34 - root - INFO - Health check called
2026-07-24 14:44:04 - root - INFO - Health check called
2026-07-24 14:44:34 - root - INFO - Health check called
2026-07-24 14:45:04 - root - INFO - Health check called
2026-07-24 14:45:34 - root - INFO - Health check called
2026-07-24 14:46:04 - root - INFO - Health check called
2026-07-24 14:46:34 - root - INFO - Health check called
2026-07-24 14:47:04 - root - INFO - Health check called
2026-07-24 14:47:35 - root - INFO - Health check called
2026-07-24 14:48:05 - root - INFO - Health check called
2026-07-24 14:48:35 - root - INFO - Health check called
2026-07-24 14:49:05 - root - INFO - Health check called
2026-07-24 14:49:35 - root - INFO - Health check called
2026-07-24 14:50:05 - root - INFO - Health check called
2026-07-24 14:50:35 - root - INFO - Health check called
2026-07-24 14:51:06 - root - INFO - Health check called
2026-07-24 14:51:36 - root - INFO - Health check called
2026-07-24 14:52:06 - root - INFO - Health check called
2026-07-24 14:52:36 - root - INFO - Health check called
2026-07-24 14:53:06 - root - INFO - Health check called
2026-07-24 14:53:36 - root - INFO - Health check called
2026-07-24 14:54:06 - root - INFO - Health check called
2026-07-24 14:54:37 - root - INFO - Health check called
2026-07-24 14:55:07 - root - INFO - Health check called
2026-07-24 14:55:37 - root - INFO - Health check called
2026-07-24 14:56:07 - root - INFO - Health check called
2026-07-24 14:56:37 - root - INFO - Health check called
2026-07-24 14:57:07 - root - INFO - Health check called
2026-07-24 14:57:37 - root - INFO - Health check called
2026-07-24 14:58:08 - root - INFO - Health check called
2026-07-24 14:58:38 - root - INFO - Health check called
2026-07-24 14:59:08 - root - INFO - Health check called
2026-07-24 14:59:20 - app.api.v1.endpoints.users - INFO - MODIFIED get_garage called, has_new_code=True
2026-07-24 14:59:38 - root - INFO - Health check called
2026-07-24 15:00:08 - root - INFO - Health check called
2026-07-24 15:00:09 - httpx - INFO - HTTP Request: POST https://api.novaposhta.ua/v2.0/json/ "HTTP/1.1 200 OK"
2026-07-24 15:00:09 - httpx - INFO - HTTP Request: POST https://api.novaposhta.ua/v2.0/json/ "HTTP/1.1 200 OK"
2026-07-24 15:00:09 - httpx - INFO - HTTP Request: POST https://api.novaposhta.ua/v2.0/json/ "HTTP/1.1 200 OK"
2026-07-24 15:00:38 - root - INFO - Health check called
2026-07-24 15:01:08 - root - INFO - Health check called
2026-07-24 15:01:39 - root - INFO - Health check called
2026-07-24 15:02:09 - root - INFO - Health check called
2026-07-24 15:02:39 - root - INFO - Health check called
2026-07-24 15:03:09 - root - INFO - Health check called
2026-07-24 15:03:39 - root - INFO - Health check called
2026-07-24 15:04:09 - root - INFO - Health check called
2026-07-24 15:04:26 - httpx - INFO - HTTP Request: POST https://api.novaposhta.ua/v2.0/json/ "HTTP/1.1 200 OK"
2026-07-24 15:04:26 - httpx - INFO - HTTP Request: POST https://api.novaposhta.ua/v2.0/json/ "HTTP/1.1 200 OK"
2026-07-24 15:04:26 - httpx - INFO - HTTP Request: POST https://api.novaposhta.ua/v2.0/json/ "HTTP/1.1 200 OK"
2026-07-24 15:04:39 - root - INFO - Health check called
2026-07-24 15:05:10 - root - INFO - Health check called
2026-07-24 15:05:29 - app.api.v1.endpoints.users - INFO - MODIFIED get_garage called, has_new_code=True
2026-07-24 15:05:40 - root - INFO - Health check called
2026-07-24 15:05:46 - httpx - INFO - HTTP Request: POST https://api.telegram.org/bot8379211548:AAG29fBQdrcR1sNXFCL-GpgnLYs4r5OlvFg/sendMessage "HTTP/1.1 200 OK"
2026-07-24 15:05:46 - httpx - INFO - HTTP Request: POST https://api.telegram.org/bot8379211548:AAG29fBQdrcR1sNXFCL-GpgnLYs4r5OlvFg/sendMessage "HTTP/1.1 200 OK"
2026-07-24 15:05:46 - app.services.notifications - INFO - Telegram notification sent to customer 4 (chat 6127505419)
2026-07-24 15:05:46 - app.services.notifications - INFO - Telegram notification sent to chat -5289950326
2026-07-24 15:06:10 - root - INFO - Health check called
2026-07-24 15:06:34 - httpx - INFO - HTTP Request: POST https://api.telegram.org/bot8379211548:AAG29fBQdrcR1sNXFCL-GpgnLYs4r5OlvFg/sendMessage "HTTP/1.1 200 OK"
2026-07-24 15:06:34 - httpx - INFO - HTTP Request: POST https://api.telegram.org/bot8379211548:AAG29fBQdrcR1sNXFCL-GpgnLYs4r5OlvFg/sendMessage "HTTP/1.1 200 OK"
2026-07-24 15:06:34 - app.services.notifications - INFO - Telegram notification sent to customer 4 (chat 6127505419)
2026-07-24 15:06:34 - app.services.notifications - INFO - Telegram notification sent to chat -5289950326
2026-07-24 15:06:40 - root - INFO - Health check called
2026-07-24 15:07:10 - root - INFO - Health check called
2026-07-24 15:07:35 - app.api.v1.endpoints.users - INFO - MODIFIED get_garage called, has_new_code=True
2026-07-24 15:07:40 - root - INFO - Health check called
2026-07-24 15:08:10 - root - INFO - Health check called
2026-07-24 15:08:41 - root - INFO - Health check called
2026-07-24 15:09:11 - root - INFO - Health check called
2026-07-24 15:09:41 - root - INFO - Health check called
2026-07-24 15:10:00 - app.api.v1.endpoints.users - INFO - MODIFIED get_garage called, has_new_code=True
2026-07-24 15:10:11 - root - INFO - Health check called
2026-07-24 15:10:41 - root - INFO - Health check called
2026-07-24 15:11:11 - root - INFO - Health check called
2026-07-24 15:11:41 - root - INFO - Health check called
2026-07-24 15:12:02 - httpx - INFO - HTTP Request: POST https://api.novaposhta.ua/v2.0/json/ "HTTP/1.1 200 OK"
2026-07-24 15:12:04 - app.api.v1.endpoints.admin.nova_poshta - INFO - getDocumentPrice payload: {'CitySender': 'db5c888c-391c-11dd-90d9-001a92567626', 'CityRecipient': 'db5c888c-391c-11dd-90d9-001a92567626', 'Weight': '3', 'ServiceType': 'WarehouseWarehouse', 'Cost': '10000', 'CargoType': 'Parcel', 'SeatsAmount': '1', 'OptionsSeat': [{'weight': 3.0, 'volumetricWidth': 24.0, 'volumetricLength': 20.0, 'volumetricHeight': 16.6, 'packRef': 'd01528d8-e0e2-498b-bef7-ab234ad6dd90'}], 'PackRef': 'd01528d8-e0e2-498b-bef7-ab234ad6dd90', 'PackCount': '1'}
2026-07-24 15:12:04 - httpx - INFO - HTTP Request: POST https://api.novaposhta.ua/v2.0/json/ "HTTP/1.1 200 OK"
2026-07-24 15:12:04 - app.services.nova_poshta.client - WARNING - NP API error AddressGeneral/searchSettlementStreets: success=false, errors=['StreetName has invalid characters'], codes=['20000500676'], msg=Параметр «Название улицы» содержит недопустимые символы
2026-07-24 15:12:04 - app.services.nova_poshta.lookup_service - WARNING - Street search failed: Параметр «Название улицы» содержит недопустимые символы
2026-07-24 15:12:04 - httpx - INFO - HTTP Request: POST https://api.novaposhta.ua/v2.0/json/ "HTTP/1.1 200 OK"
2026-07-24 15:12:04 - httpx - INFO - HTTP Request: POST https://api.novaposhta.ua/v2.0/json/ "HTTP/1.1 200 OK"
2026-07-24 15:12:04 - app.api.v1.endpoints.admin.nova_poshta - INFO - getDocumentPrice response: {'success': True, 'data': [{'Cost': 180, 'AssessedCost': 10000}], 'errors': [], 'warnings': ['VolumeWeight is changed', 'VolumeGeneral is changed', 'Weight is changed', 'DateTime is set to current', 'VolumeWeight is changed'], 'info': [], 'messageCodes': [], 'errorCodes': [], 'warningCodes': ['30000200888', '30000200889', '30000200881', '30000200880', '30000200888'], 'infoCodes': []}
2026-07-24 15:12:04 - app.api.v1.endpoints.admin.nova_poshta - INFO - getDocumentPrice result: {'delivery_cost': '180', 'packaging_cost': '0', 'redelivery_cost': '0', 'assessed_cost': '10000'}
2026-07-24 15:12:04 - httpx - INFO - HTTP Request: POST https://api.novaposhta.ua/v2.0/json/ "HTTP/1.1 200 OK"
2026-07-24 15:12:04 - app.services.nova_poshta.client - WARNING - NP API error AddressGeneral/searchSettlementStreets: success=false, errors=['StreetName has invalid characters'], codes=['20000500676'], msg=Параметр «Название улицы» содержит недопустимые символы
2026-07-24 15:12:04 - app.services.nova_poshta.lookup_service - WARNING - Street search failed: Параметр «Название улицы» содержит недопустимые символы
2026-07-24 15:12:12 - root - INFO - Health check called
2026-07-24 15:12:32 - app.api.v1.endpoints.admin.nova_poshta - INFO - getDocumentPrice payload: {'CitySender': 'db5c888c-391c-11dd-90d9-001a92567626', 'CityRecipient': 'db5c888c-391c-11dd-90d9-001a92567626', 'Weight': '0.1', 'ServiceType': 'WarehouseWarehouse', 'Cost': '8141', 'CargoType': 'Parcel', 'SeatsAmount': '1', 'OptionsSeat': [{'weight': 0.1, 'volumetricWidth': 12.0, 'volumetricLength': 17.0, 'volumetricHeight': 9.8, 'packRef': 'f6f72e4c-5daf-11e3-b441-0050568002cf'}], 'PackRef': 'f6f72e4c-5daf-11e3-b441-0050568002cf', 'PackCount': '1'}
2026-07-24 15:12:32 - httpx - INFO - HTTP Request: POST https://api.novaposhta.ua/v2.0/json/ "HTTP/1.1 200 OK"
2026-07-24 15:12:32 - app.api.v1.endpoints.admin.nova_poshta - INFO - getDocumentPrice response: {'success': True, 'data': [{'Cost': 125.71, 'AssessedCost': 8141}], 'errors': [], 'warnings': ['VolumeWeight is changed', 'VolumeGeneral is changed', 'Weight is changed', 'DateTime is set to current', 'VolumeWeight is changed'], 'info': [], 'messageCodes': [], 'errorCodes': [], 'warningCodes': ['30000200888', '30000200889', '30000200881', '30000200880', '30000200888'], 'infoCodes': []}
2026-07-24 15:12:32 - app.api.v1.endpoints.admin.nova_poshta - INFO - getDocumentPrice result: {'delivery_cost': '125.71', 'packaging_cost': '0', 'redelivery_cost': '0', 'assessed_cost': '8141'}
2026-07-24 15:12:42 - root - INFO - Health check called
2026-07-24 15:13:08 - app.api.v1.endpoints.admin.nova_poshta - INFO - getDocumentPrice payload: {'CitySender': 'db5c888c-391c-11dd-90d9-001a92567626', 'CityRecipient': 'db5c888c-391c-11dd-90d9-001a92567626', 'Weight': '3', 'ServiceType': 'WarehouseWarehouse', 'Cost': '10000', 'CargoType': 'Parcel', 'SeatsAmount': '1', 'OptionsSeat': [{'weight': 3.0, 'volumetricWidth': 24.0, 'volumetricLength': 20.0, 'volumetricHeight': 16.6, 'packRef': 'd01528d8-e0e2-498b-bef7-ab234ad6dd90'}], 'PackRef': 'd01528d8-e0e2-498b-bef7-ab234ad6dd90', 'PackCount': '1'}
2026-07-24 15:13:08 - httpx - INFO - HTTP Request: POST https://api.novaposhta.ua/v2.0/json/ "HTTP/1.1 200 OK"
2026-07-24 15:13:08 - app.services.nova_poshta.client - WARNING - NP API error AddressGeneral/searchSettlementStreets: success=false, errors=['StreetName has invalid characters'], codes=['20000500676'], msg=Параметр «Название улицы» содержит недопустимые символы
2026-07-24 15:13:08 - app.services.nova_poshta.lookup_service - WARNING - Street search failed: Параметр «Название улицы» содержит недопустимые символы
2026-07-24 15:13:08 - httpx - INFO - HTTP Request: POST https://api.novaposhta.ua/v2.0/json/ "HTTP/1.1 200 OK"
2026-07-24 15:13:08 - httpx - INFO - HTTP Request: POST https://api.novaposhta.ua/v2.0/json/ "HTTP/1.1 200 OK"
2026-07-24 15:13:08 - httpx - INFO - HTTP Request: POST https://api.novaposhta.ua/v2.0/json/ "HTTP/1.1 200 OK"
2026-07-24 15:13:08 - app.api.v1.endpoints.admin.nova_poshta - INFO - getDocumentPrice response: {'success': True, 'data': [{'Cost': 180, 'AssessedCost': 10000}], 'errors': [], 'warnings': ['VolumeWeight is changed', 'VolumeGeneral is changed', 'Weight is changed', 'DateTime is set to current', 'VolumeWeight is changed'], 'info': [], 'messageCodes': [], 'errorCodes': [], 'warningCodes': ['30000200888', '30000200889', '30000200881', '30000200880', '30000200888'], 'infoCodes': []}
2026-07-24 15:13:08 - app.api.v1.endpoints.admin.nova_poshta - INFO - getDocumentPrice result: {'delivery_cost': '180', 'packaging_cost': '0', 'redelivery_cost': '0', 'assessed_cost': '10000'}
2026-07-24 15:13:12 - root - INFO - Health check called
2026-07-24 15:13:42 - root - INFO - Health check called
2026-07-24 15:14:12 - root - INFO - Health check called
2026-07-24 15:14:42 - root - INFO - Health check called
2026-07-24 15:15:12 - root - INFO - Health check called
2026-07-24 15:15:43 - root - INFO - Health check called
2026-07-24 15:16:13 - root - INFO - Health check called
2026-07-24 15:16:43 - root - INFO - Health check called
2026-07-24 15:17:13 - root - INFO - Health check called
2026-07-24 15:17:43 - root - INFO - Health check called
2026-07-24 15:18:13 - root - INFO - Health check called
2026-07-24 15:18:43 - root - INFO - Health check called
2026-07-24 15:19:14 - root - INFO - Health check called
2026-07-24 15:19:44 - root - INFO - Health check called
2026-07-24 15:20:14 - root - INFO - Health check called
2026-07-24 15:20:44 - root - INFO - Health check called
2026-07-24 15:21:14 - root - INFO - Health check called
2026-07-24 15:21:44 - root - INFO - Health check called
2026-07-24 15:22:14 - root - INFO - Health check called
2026-07-24 15:22:45 - root - INFO - Health check called
2026-07-24 15:23:15 - root - INFO - Health check called
2026-07-24 15:23:45 - root - INFO - Health check called
2026-07-24 15:24:15 - root - INFO - Health check called
2026-07-24 15:24:44 - root - INFO - TELEGRAM_WEBHOOK_URL not set — skipping webhook registration
2026-07-24 15:24:45 - root - INFO - Health check called
2026-07-24 15:24:56 - root - INFO - TELEGRAM_WEBHOOK_URL not set — skipping webhook registration
2026-07-24 15:25:15 - root - INFO - Health check called
2026-07-24 15:25:46 - root - INFO - Health check called
2026-07-24 15:26:16 - root - INFO - Health check called
2026-07-24 15:26:46 - root - INFO - Health check called
2026-07-24 15:27:16 - root - INFO - Health check called
2026-07-24 15:27:46 - root - INFO - Health check called
2026-07-24 15:27:55 - root - INFO - TELEGRAM_WEBHOOK_URL not set — skipping webhook registration
2026-07-24 15:28:06 - root - INFO - TELEGRAM_WEBHOOK_URL not set — skipping webhook registration
2026-07-24 15:28:13 - root - INFO - TELEGRAM_WEBHOOK_URL not set — skipping webhook registration
2026-07-24 15:28:16 - root - INFO - Health check called
2026-07-24 15:28:30 - root - INFO - TELEGRAM_WEBHOOK_URL not set — skipping webhook registration
2026-07-24 15:28:36 - root - INFO - TELEGRAM_WEBHOOK_URL not set — skipping webhook registration
2026-07-24 15:28:47 - root - INFO - Health check called
2026-07-24 15:29:06 - root - INFO - TELEGRAM_WEBHOOK_URL not set — skipping webhook registration
2026-07-24 15:29:17 - root - INFO - Health check called
2026-07-24 15:29:24 - root - INFO - TELEGRAM_WEBHOOK_URL not set — skipping webhook registration
2026-07-24 15:29:47 - root - INFO - Health check called
2026-07-24 15:30:17 - root - INFO - Health check called
2026-07-24 15:30:34 - app.api.v1.endpoints.admin.nova_poshta - INFO - getDocumentPrice payload: {'CitySender': 'db5c888c-391c-11dd-90d9-001a92567626', 'CityRecipient': 'db5c888c-391c-11dd-90d9-001a92567626', 'Weight': '3', 'ServiceType': 'WarehouseWarehouse', 'Cost': '10000', 'CargoType': 'Parcel', 'SeatsAmount': '1', 'OptionsSeat': [{'weight': 3.0, 'volumetricWidth': 24.0, 'volumetricLength': 20.0, 'volumetricHeight': 16.6, 'packRef': 'd01528d8-e0e2-498b-bef7-ab234ad6dd90'}], 'PackRef': 'd01528d8-e0e2-498b-bef7-ab234ad6dd90', 'PackCount': '1'}
2026-07-24 15:30:34 - httpx - INFO - HTTP Request: POST https://api.novaposhta.ua/v2.0/json/ "HTTP/1.1 200 OK"
2026-07-24 15:30:34 - httpx - INFO - HTTP Request: POST https://api.novaposhta.ua/v2.0/json/ "HTTP/1.1 200 OK"
2026-07-24 15:30:34 - app.services.nova_poshta.client - WARNING - NP API error AddressGeneral/searchSettlementStreets: success=false, errors=['StreetName has invalid characters'], codes=['20000500676'], msg=Параметр «Название улицы» содержит недопустимые символы
2026-07-24 15:30:34 - app.services.nova_poshta.lookup_service - WARNING - Street search failed: Параметр «Название улицы» содержит недопустимые символы
2026-07-24 15:30:34 - httpx - INFO - HTTP Request: POST https://api.novaposhta.ua/v2.0/json/ "HTTP/1.1 200 OK"
2026-07-24 15:30:34 - app.api.v1.endpoints.admin.nova_poshta - INFO - getDocumentPrice response: {'success': True, 'data': [{'Cost': 180, 'AssessedCost': 10000}], 'errors': [], 'warnings': ['VolumeWeight is changed', 'VolumeGeneral is changed', 'Weight is changed', 'DateTime is set to current', 'VolumeWeight is changed'], 'info': [], 'messageCodes': [], 'errorCodes': [], 'warningCodes': ['30000200888', '30000200889', '30000200881', '30000200880', '30000200888'], 'infoCodes': []}
2026-07-24 15:30:34 - app.api.v1.endpoints.admin.nova_poshta - INFO - getDocumentPrice result: {'delivery_cost': '180', 'packaging_cost': '0', 'redelivery_cost': '0', 'assessed_cost': '10000'}
2026-07-24 15:30:34 - httpx - INFO - HTTP Request: POST https://api.novaposhta.ua/v2.0/json/ "HTTP/1.1 200 OK"
2026-07-24 15:30:47 - root - INFO - Health check called
2026-07-24 15:31:17 - root - INFO - Health check called
2026-07-24 15:31:48 - root - INFO - Health check called
2026-07-24 15:32:03 - app.api.v1.endpoints.admin.nova_poshta - INFO - getDocumentPrice payload: {'CitySender': 'db5c888c-391c-11dd-90d9-001a92567626', 'CityRecipient': 'db5c888c-391c-11dd-90d9-001a92567626', 'Weight': '3', 'ServiceType': 'WarehouseWarehouse', 'Cost': '10000', 'CargoType': 'Parcel', 'SeatsAmount': '1', 'OptionsSeat': [{'weight': 3.0, 'volumetricWidth': 24.0, 'volumetricLength': 20.0, 'volumetricHeight': 16.6, 'packRef': 'd01528d8-e0e2-498b-bef7-ab234ad6dd90'}], 'PackRef': 'd01528d8-e0e2-498b-bef7-ab234ad6dd90', 'PackCount': '1'}
2026-07-24 15:32:03 - httpx - INFO - HTTP Request: POST https://api.novaposhta.ua/v2.0/json/ "HTTP/1.1 200 OK"
2026-07-24 15:32:03 - httpx - INFO - HTTP Request: POST https://api.novaposhta.ua/v2.0/json/ "HTTP/1.1 200 OK"
2026-07-24 15:32:03 - app.services.nova_poshta.client - WARNING - NP API error AddressGeneral/searchSettlementStreets: success=false, errors=['StreetName has invalid characters'], codes=['20000500676'], msg=Параметр «Название улицы» содержит недопустимые символы
2026-07-24 15:32:03 - app.services.nova_poshta.lookup_service - WARNING - Street search failed: Параметр «Название улицы» содержит недопустимые символы
2026-07-24 15:32:03 - httpx - INFO - HTTP Request: POST https://api.novaposhta.ua/v2.0/json/ "HTTP/1.1 200 OK"
2026-07-24 15:32:03 - httpx - INFO - HTTP Request: POST https://api.novaposhta.ua/v2.0/json/ "HTTP/1.1 200 OK"
2026-07-24 15:32:03 - app.api.v1.endpoints.admin.nova_poshta - INFO - getDocumentPrice response: {'success': True, 'data': [{'Cost': 180, 'AssessedCost': 10000}], 'errors': [], 'warnings': ['VolumeWeight is changed', 'VolumeGeneral is changed', 'Weight is changed', 'DateTime is set to current', 'VolumeWeight is changed'], 'info': [], 'messageCodes': [], 'errorCodes': [], 'warningCodes': ['30000200888', '30000200889', '30000200881', '30000200880', '30000200888'], 'infoCodes': []}
2026-07-24 15:32:03 - app.api.v1.endpoints.admin.nova_poshta - INFO - getDocumentPrice result: {'delivery_cost': '180', 'packaging_cost': '0', 'redelivery_cost': '0', 'assessed_cost': '10000'}
2026-07-24 15:32:18 - root - INFO - TELEGRAM_WEBHOOK_URL not set — skipping webhook registration
2026-07-24 15:32:20 - root - INFO - Health check called
2026-07-24 15:32:50 - root - INFO - Health check called
2026-07-24 15:33:20 - root - INFO - Health check called
2026-07-24 15:33:50 - root - INFO - Health check called
2026-07-24 15:34:20 - root - INFO - Health check called
2026-07-24 15:34:28 - app.api.v1.endpoints.admin.nova_poshta - INFO - getDocumentPrice payload: {'CitySender': 'db5c888c-391c-11dd-90d9-001a92567626', 'CityRecipient': 'db5c888c-391c-11dd-90d9-001a92567626', 'Weight': '3', 'ServiceType': 'WarehouseWarehouse', 'Cost': '10000', 'CargoType': 'Parcel', 'SeatsAmount': '1', 'OptionsSeat': [{'weight': 3.0, 'volumetricWidth': 24.0, 'volumetricLength': 20.0, 'volumetricHeight': 16.6, 'packRef': 'd01528d8-e0e2-498b-bef7-ab234ad6dd90'}], 'PackRef': 'd01528d8-e0e2-498b-bef7-ab234ad6dd90', 'PackCount': '1'}
2026-07-24 15:34:28 - httpx - INFO - HTTP Request: POST https://api.novaposhta.ua/v2.0/json/ "HTTP/1.1 200 OK"
2026-07-24 15:34:28 - httpx - INFO - HTTP Request: POST https://api.novaposhta.ua/v2.0/json/ "HTTP/1.1 200 OK"
2026-07-24 15:34:28 - app.services.nova_poshta.client - WARNING - NP API error AddressGeneral/searchSettlementStreets: success=false, errors=['StreetName has invalid characters'], codes=['20000500676'], msg=Параметр «Название улицы» содержит недопустимые символы
2026-07-24 15:34:28 - app.services.nova_poshta.lookup_service - WARNING - Street search failed: Параметр «Название улицы» содержит недопустимые символы
2026-07-24 15:34:28 - httpx - INFO - HTTP Request: POST https://api.novaposhta.ua/v2.0/json/ "HTTP/1.1 200 OK"
2026-07-24 15:34:28 - httpx - INFO - HTTP Request: POST https://api.novaposhta.ua/v2.0/json/ "HTTP/1.1 200 OK"
2026-07-24 15:34:28 - app.api.v1.endpoints.admin.nova_poshta - INFO - getDocumentPrice response: {'success': True, 'data': [{'Cost': 180, 'AssessedCost': 10000}], 'errors': [], 'warnings': ['VolumeWeight is changed', 'VolumeGeneral is changed', 'Weight is changed', 'DateTime is set to current', 'VolumeWeight is changed'], 'info': [], 'messageCodes': [], 'errorCodes': [], 'warningCodes': ['30000200888', '30000200889', '30000200881', '30000200880', '30000200888'], 'infoCodes': []}
2026-07-24 15:34:28 - app.api.v1.endpoints.admin.nova_poshta - INFO - getDocumentPrice result: {'delivery_cost': '180', 'packaging_cost': '0', 'redelivery_cost': '0', 'assessed_cost': '10000'}
2026-07-24 15:34:28 - httpx - INFO - HTTP Request: POST https://api.novaposhta.ua/v2.0/json/ "HTTP/1.1 200 OK"
2026-07-24 15:34:28 - app.services.nova_poshta.client - WARNING - NP API error AddressGeneral/searchSettlementStreets: success=false, errors=['StreetName has invalid characters'], codes=['20000500676'], msg=Параметр «Название улицы» содержит недопустимые символы
2026-07-24 15:34:28 - app.services.nova_poshta.lookup_service - WARNING - Street search failed: Параметр «Название улицы» содержит недопустимые символы
2026-07-24 15:34:50 - root - INFO - Health check called
2026-07-24 15:35:21 - root - INFO - Health check called
2026-07-24 15:35:28 - app.api.v1.endpoints.admin.nova_poshta - INFO - getDocumentPrice payload: {'CitySender': 'db5c888c-391c-11dd-90d9-001a92567626', 'CityRecipient': 'db5c888c-391c-11dd-90d9-001a92567626', 'Weight': '3', 'ServiceType': 'WarehouseWarehouse', 'Cost': '10000', 'CargoType': 'Parcel', 'SeatsAmount': '1', 'OptionsSeat': [{'weight': 3.0, 'volumetricWidth': 24.0, 'volumetricLength': 20.0, 'volumetricHeight': 16.6, 'packRef': 'd01528d8-e0e2-498b-bef7-ab234ad6dd90'}], 'PackRef': 'd01528d8-e0e2-498b-bef7-ab234ad6dd90', 'PackCount': '1'}
2026-07-24 15:35:28 - httpx - INFO - HTTP Request: POST https://api.novaposhta.ua/v2.0/json/ "HTTP/1.1 200 OK"
2026-07-24 15:35:28 - httpx - INFO - HTTP Request: POST https://api.novaposhta.ua/v2.0/json/ "HTTP/1.1 200 OK"
2026-07-24 15:35:28 - app.services.nova_poshta.client - WARNING - NP API error AddressGeneral/searchSettlementStreets: success=false, errors=['StreetName has invalid characters'], codes=['20000500676'], msg=Параметр «Название улицы» содержит недопустимые символы
2026-07-24 15:35:28 - app.services.nova_poshta.lookup_service - WARNING - Street search failed: Параметр «Название улицы» содержит недопустимые символы
2026-07-24 15:35:29 - httpx - INFO - HTTP Request: POST https://api.novaposhta.ua/v2.0/json/ "HTTP/1.1 200 OK"
2026-07-24 15:35:29 - httpx - INFO - HTTP Request: POST https://api.novaposhta.ua/v2.0/json/ "HTTP/1.1 200 OK"
2026-07-24 15:35:29 - app.api.v1.endpoints.admin.nova_poshta - INFO - getDocumentPrice response: {'success': True, 'data': [{'Cost': 180, 'AssessedCost': 10000}], 'errors': [], 'warnings': ['VolumeWeight is changed', 'VolumeGeneral is changed', 'Weight is changed', 'DateTime is set to current', 'VolumeWeight is changed'], 'info': [], 'messageCodes': [], 'errorCodes': [], 'warningCodes': ['30000200888', '30000200889', '30000200881', '30000200880', '30000200888'], 'infoCodes': []}
2026-07-24 15:35:29 - app.api.v1.endpoints.admin.nova_poshta - INFO - getDocumentPrice result: {'delivery_cost': '180', 'packaging_cost': '0', 'redelivery_cost': '0', 'assessed_cost': '10000'}
2026-07-24 15:35:29 - httpx - INFO - HTTP Request: POST https://api.novaposhta.ua/v2.0/json/ "HTTP/1.1 200 OK"
2026-07-24 15:35:29 - app.services.nova_poshta.client - WARNING - NP API error AddressGeneral/searchSettlementStreets: success=false, errors=['StreetName has invalid characters'], codes=['20000500676'], msg=Параметр «Название улицы» содержит недопустимые символы
2026-07-24 15:35:29 - app.services.nova_poshta.lookup_service - WARNING - Street search failed: Параметр «Название улицы» содержит недопустимые символы
2026-07-24 15:35:51 - root - INFO - Health check called
2026-07-24 15:36:08 - root - INFO - TELEGRAM_WEBHOOK_URL not set — skipping webhook registration
2026-07-24 15:36:12 - root - INFO - TELEGRAM_WEBHOOK_URL not set — skipping webhook registration
2026-07-24 15:36:14 - root - INFO - Health check called
2026-07-24 15:36:17 - app.core.protection_middleware - ERROR - Protection middleware error: 1 validation error for OrderNovaPoshtaWaybillResponse
recipient_counterparty_label
  Input should be a valid string [type=string_type, input_value=None, input_type=NoneType]
    For further information visit https://errors.pydantic.dev/2.13/v/string_type
2026-07-24 15:36:17 - httpx - INFO - HTTP Request: POST https://api.novaposhta.ua/v2.0/json/ "HTTP/1.1 200 OK"
2026-07-24 15:36:18 - app.core.protection_middleware - ERROR - Protection middleware error: 1 validation error for OrderNovaPoshtaWaybillResponse
recipient_counterparty_label
  Input should be a valid string [type=string_type, input_value=None, input_type=NoneType]
    For further information visit https://errors.pydantic.dev/2.13/v/string_type
2026-07-24 15:36:22 - app.core.protection_middleware - ERROR - Protection middleware error: 1 validation error for OrderNovaPoshtaWaybillResponse
recipient_counterparty_label
  Input should be a valid string [type=string_type, input_value=None, input_type=NoneType]
    For further information visit https://errors.pydantic.dev/2.13/v/string_type
2026-07-24 15:36:23 - app.core.protection_middleware - ERROR - Protection middleware error: 1 validation error for OrderNovaPoshtaWaybillResponse
recipient_counterparty_label
  Input should be a valid string [type=string_type, input_value=None, input_type=NoneType]
    For further information visit https://errors.pydantic.dev/2.13/v/string_type
2026-07-24 15:36:45 - root - INFO - Health check called
2026-07-24 15:37:03 - root - INFO - TELEGRAM_WEBHOOK_URL not set — skipping webhook registration
2026-07-24 15:37:03 - app.api.v1.endpoints.admin.nova_poshta - INFO - getDocumentPrice payload: {'CitySender': 'db5c888c-391c-11dd-90d9-001a92567626', 'CityRecipient': 'db5c888c-391c-11dd-90d9-001a92567626', 'Weight': '0.1', 'ServiceType': 'WarehouseWarehouse', 'Cost': '8141', 'CargoType': 'Parcel', 'SeatsAmount': '1', 'OptionsSeat': [{'weight': 0.1, 'volumetricWidth': 12.0, 'volumetricLength': 17.0, 'volumetricHeight': 9.8, 'packRef': 'f6f72e4c-5daf-11e3-b441-0050568002cf'}], 'PackRef': 'f6f72e4c-5daf-11e3-b441-0050568002cf', 'PackCount': '1'}
2026-07-24 15:37:03 - httpx - INFO - HTTP Request: POST https://api.novaposhta.ua/v2.0/json/ "HTTP/1.1 200 OK"
2026-07-24 15:37:03 - app.services.nova_poshta.client - WARNING - NP API error AddressGeneral/searchSettlementStreets: success=false, errors=['StreetName has invalid characters'], codes=['20000500676'], msg=Параметр «Название улицы» содержит недопустимые символы
2026-07-24 15:37:03 - app.services.nova_poshta.lookup_service - WARNING - Street search failed: Параметр «Название улицы» содержит недопустимые символы
2026-07-24 15:37:04 - httpx - INFO - HTTP Request: POST https://api.novaposhta.ua/v2.0/json/ "HTTP/1.1 200 OK"
2026-07-24 15:37:04 - httpx - INFO - HTTP Request: POST https://api.novaposhta.ua/v2.0/json/ "HTTP/1.1 200 OK"
2026-07-24 15:37:04 - app.services.nova_poshta.client - WARNING - NP API error AddressGeneral/searchSettlementStreets: success=false, errors=['StreetName has invalid characters'], codes=['20000500676'], msg=Параметр «Название улицы» содержит недопустимые символы
2026-07-24 15:37:04 - app.services.nova_poshta.lookup_service - WARNING - Street search failed: Параметр «Название улицы» содержит недопустимые символы
2026-07-24 15:37:04 - httpx - INFO - HTTP Request: POST https://api.novaposhta.ua/v2.0/json/ "HTTP/1.1 200 OK"
2026-07-24 15:37:04 - app.api.v1.endpoints.admin.nova_poshta - INFO - getDocumentPrice response: {'success': True, 'data': [{'Cost': 125.71, 'AssessedCost': 8141}], 'errors': [], 'warnings': ['VolumeWeight is changed', 'VolumeGeneral is changed', 'Weight is changed', 'DateTime is set to current', 'VolumeWeight is changed'], 'info': [], 'messageCodes': [], 'errorCodes': [], 'warningCodes': ['30000200888', '30000200889', '30000200881', '30000200880', '30000200888'], 'infoCodes': []}
2026-07-24 15:37:04 - app.api.v1.endpoints.admin.nova_poshta - INFO - getDocumentPrice result: {'delivery_cost': '125.71', 'packaging_cost': '0', 'redelivery_cost': '0', 'assessed_cost': '8141'}
2026-07-24 15:37:11 - app.api.v1.endpoints.admin.nova_poshta - INFO - getDocumentPrice payload: {'CitySender': 'db5c888c-391c-11dd-90d9-001a92567626', 'CityRecipient': 'db5c888c-391c-11dd-90d9-001a92567626', 'Weight': '3', 'ServiceType': 'WarehouseWarehouse', 'Cost': '10000', 'CargoType': 'Parcel', 'SeatsAmount': '1', 'OptionsSeat': [{'weight': 3.0, 'volumetricWidth': 24.0, 'volumetricLength': 20.0, 'volumetricHeight': 16.6, 'packRef': 'd01528d8-e0e2-498b-bef7-ab234ad6dd90'}], 'PackRef': 'd01528d8-e0e2-498b-bef7-ab234ad6dd90', 'PackCount': '1'}
2026-07-24 15:37:11 - httpx - INFO - HTTP Request: POST https://api.novaposhta.ua/v2.0/json/ "HTTP/1.1 200 OK"
2026-07-24 15:37:11 - app.api.v1.endpoints.admin.nova_poshta - INFO - getDocumentPrice response: {'success': True, 'data': [{'Cost': 180, 'AssessedCost': 10000}], 'errors': [], 'warnings': ['VolumeWeight is changed', 'VolumeGeneral is changed', 'Weight is changed', 'DateTime is set to current', 'VolumeWeight is changed'], 'info': [], 'messageCodes': [], 'errorCodes': [], 'warningCodes': ['30000200888', '30000200889', '30000200881', '30000200880', '30000200888'], 'infoCodes': []}
2026-07-24 15:37:11 - app.api.v1.endpoints.admin.nova_poshta - INFO - getDocumentPrice result: {'delivery_cost': '180', 'packaging_cost': '0', 'redelivery_cost': '0', 'assessed_cost': '10000'}
2026-07-24 15:37:15 - root - INFO - Health check called
2026-07-24 15:37:20 - root - INFO - TELEGRAM_WEBHOOK_URL not set — skipping webhook registration
2026-07-24 15:37:22 - root - INFO - Health check called
2026-07-24 15:37:25 - httpx - INFO - HTTP Request: POST https://api.novaposhta.ua/v2.0/json/ "HTTP/1.1 200 OK"
2026-07-24 15:37:38 - app.api.v1.endpoints.admin.nova_poshta - INFO - getDocumentPrice payload: {'CitySender': 'db5c888c-391c-11dd-90d9-001a92567626', 'CityRecipient': 'db5c888c-391c-11dd-90d9-001a92567626', 'Weight': '0.1', 'ServiceType': 'WarehouseWarehouse', 'Cost': '8141', 'CargoType': 'Parcel', 'SeatsAmount': '1', 'OptionsSeat': [{'weight': 0.1, 'volumetricWidth': 12.0, 'volumetricLength': 17.0, 'volumetricHeight': 9.8, 'packRef': 'f6f72e4c-5daf-11e3-b441-0050568002cf'}], 'PackRef': 'f6f72e4c-5daf-11e3-b441-0050568002cf', 'PackCount': '1'}
2026-07-24 15:37:38 - httpx - INFO - HTTP Request: POST https://api.novaposhta.ua/v2.0/json/ "HTTP/1.1 200 OK"
2026-07-24 15:37:38 - app.services.nova_poshta.client - WARNING - NP API error AddressGeneral/searchSettlementStreets: success=false, errors=['StreetName has invalid characters'], codes=['20000500676'], msg=Параметр «Название улицы» содержит недопустимые символы
2026-07-24 15:37:38 - app.services.nova_poshta.lookup_service - WARNING - Street search failed: Параметр «Название улицы» содержит недопустимые символы
2026-07-24 15:37:38 - httpx - INFO - HTTP Request: POST https://api.novaposhta.ua/v2.0/json/ "HTTP/1.1 200 OK"
2026-07-24 15:37:38 - app.api.v1.endpoints.admin.nova_poshta - INFO - getDocumentPrice response: {'success': True, 'data': [{'Cost': 125.71, 'AssessedCost': 8141}], 'errors': [], 'warnings': ['VolumeWeight is changed', 'VolumeGeneral is changed', 'Weight is changed', 'DateTime is set to current', 'VolumeWeight is changed'], 'info': [], 'messageCodes': [], 'errorCodes': [], 'warningCodes': ['30000200888', '30000200889', '30000200881', '30000200880', '30000200888'], 'infoCodes': []}
2026-07-24 15:37:38 - app.api.v1.endpoints.admin.nova_poshta - INFO - getDocumentPrice result: {'delivery_cost': '125.71', 'packaging_cost': '0', 'redelivery_cost': '0', 'assessed_cost': '8141'}
2026-07-24 15:37:52 - root - INFO - Health check called
2026-07-24 15:38:09 - app.api.v1.endpoints.admin.nova_poshta - INFO - getDocumentPrice payload: {'CitySender': 'db5c888c-391c-11dd-90d9-001a92567626', 'CityRecipient': 'db5c888c-391c-11dd-90d9-001a92567626', 'Weight': '0.1', 'ServiceType': 'WarehouseWarehouse', 'Cost': '61573', 'CargoType': 'Parcel', 'SeatsAmount': '1', 'OptionsSeat': [{'weight': 0.1, 'volumetricWidth': 50.0, 'volumetricLength': 50.0, 'volumetricHeight': 48.0, 'packRef': '0d914d7e-0f72-4d5f-8096-c3c0c35d22d6'}], 'PackRef': '0d914d7e-0f72-4d5f-8096-c3c0c35d22d6', 'PackCount': '1'}
2026-07-24 15:38:09 - httpx - INFO - HTTP Request: POST https://api.novaposhta.ua/v2.0/json/ "HTTP/1.1 200 OK"
2026-07-24 15:38:09 - app.services.nova_poshta.client - WARNING - NP API error AddressGeneral/searchSettlementStreets: success=false, errors=['StreetName has invalid characters'], codes=['20000500676'], msg=Параметр «Название улицы» содержит недопустимые символы
2026-07-24 15:38:09 - app.services.nova_poshta.lookup_service - WARNING - Street search failed: Параметр «Название улицы» содержит недопустимые символы
2026-07-24 15:38:09 - httpx - INFO - HTTP Request: POST https://api.novaposhta.ua/v2.0/json/ "HTTP/1.1 200 OK"
2026-07-24 15:38:09 - httpx - INFO - HTTP Request: POST https://api.novaposhta.ua/v2.0/json/ "HTTP/1.1 200 OK"
2026-07-24 15:38:09 - httpx - INFO - HTTP Request: POST https://api.novaposhta.ua/v2.0/json/ "HTTP/1.1 200 OK"
2026-07-24 15:38:09 - app.api.v1.endpoints.admin.nova_poshta - INFO - getDocumentPrice response: {'success': True, 'data': [{'Cost': 567.87, 'AssessedCost': 61573}], 'errors': [], 'warnings': ['VolumeWeight is changed', 'VolumeGeneral is changed', 'Weight is changed', 'DateTime is set to current', 'VolumeWeight is changed'], 'info': [], 'messageCodes': [], 'errorCodes': [], 'warningCodes': ['30000200888', '30000200889', '30000200881', '30000200880', '30000200888'], 'infoCodes': []}
2026-07-24 15:38:09 - app.api.v1.endpoints.admin.nova_poshta - INFO - getDocumentPrice result: {'delivery_cost': '567.87', 'packaging_cost': '0', 'redelivery_cost': '0', 'assessed_cost': '61573'}
2026-07-24 15:38:09 - httpx - INFO - HTTP Request: POST https://api.novaposhta.ua/v2.0/json/ "HTTP/1.1 200 OK"
2026-07-24 15:38:09 - app.services.nova_poshta.client - WARNING - NP API error AddressGeneral/searchSettlementStreets: success=false, errors=['StreetName has invalid characters'], codes=['20000500676'], msg=Параметр «Название улицы» содержит недопустимые символы
2026-07-24 15:38:09 - app.services.nova_poshta.lookup_service - WARNING - Street search failed: Параметр «Название улицы» содержит недопустимые символы
2026-07-24 15:38:11 - app.api.v1.endpoints.admin.nova_poshta - INFO - getDocumentPrice payload: {'CitySender': 'db5c888c-391c-11dd-90d9-001a92567626', 'CityRecipient': 'db5c888c-391c-11dd-90d9-001a92567626', 'Weight': '0.1', 'ServiceType': 'WarehouseWarehouse', 'Cost': '8141', 'CargoType': 'Parcel', 'SeatsAmount': '1', 'OptionsSeat': [{'weight': 0.1, 'volumetricWidth': 12.0, 'volumetricLength': 17.0, 'volumetricHeight': 9.8, 'packRef': 'f6f72e4c-5daf-11e3-b441-0050568002cf'}], 'PackRef': 'f6f72e4c-5daf-11e3-b441-0050568002cf', 'PackCount': '1'}
2026-07-24 15:38:11 - httpx - INFO - HTTP Request: POST https://api.novaposhta.ua/v2.0/json/ "HTTP/1.1 200 OK"
2026-07-24 15:38:11 - app.api.v1.endpoints.admin.nova_poshta - INFO - getDocumentPrice response: {'success': True, 'data': [{'Cost': 125.71, 'AssessedCost': 8141}], 'errors': [], 'warnings': ['VolumeWeight is changed', 'VolumeGeneral is changed', 'Weight is changed', 'DateTime is set to current', 'VolumeWeight is changed'], 'info': [], 'messageCodes': [], 'errorCodes': [], 'warningCodes': ['30000200888', '30000200889', '30000200881', '30000200880', '30000200888'], 'infoCodes': []}
2026-07-24 15:38:11 - app.api.v1.endpoints.admin.nova_poshta - INFO - getDocumentPrice result: {'delivery_cost': '125.71', 'packaging_cost': '0', 'redelivery_cost': '0', 'assessed_cost': '8141'}
2026-07-24 15:38:12 - app.api.v1.endpoints.admin.nova_poshta - INFO - getDocumentPrice payload: {'CitySender': 'db5c888c-391c-11dd-90d9-001a92567626', 'CityRecipient': 'db5c888c-391c-11dd-90d9-001a92567626', 'Weight': '3', 'ServiceType': 'WarehouseWarehouse', 'Cost': '10000', 'CargoType': 'Parcel', 'SeatsAmount': '1', 'OptionsSeat': [{'weight': 3.0, 'volumetricWidth': 24.0, 'volumetricLength': 20.0, 'volumetricHeight': 16.6, 'packRef': 'd01528d8-e0e2-498b-bef7-ab234ad6dd90'}], 'PackRef': 'd01528d8-e0e2-498b-bef7-ab234ad6dd90', 'PackCount': '1'}
2026-07-24 15:38:13 - httpx - INFO - HTTP Request: POST https://api.novaposhta.ua/v2.0/json/ "HTTP/1.1 200 OK"
2026-07-24 15:38:13 - app.api.v1.endpoints.admin.nova_poshta - INFO - getDocumentPrice response: {'success': True, 'data': [{'Cost': 180, 'AssessedCost': 10000}], 'errors': [], 'warnings': ['VolumeWeight is changed', 'VolumeGeneral is changed', 'Weight is changed', 'DateTime is set to current', 'VolumeWeight is changed'], 'info': [], 'messageCodes': [], 'errorCodes': [], 'warningCodes': ['30000200888', '30000200889', '30000200881', '30000200880', '30000200888'], 'infoCodes': []}
2026-07-24 15:38:13 - app.api.v1.endpoints.admin.nova_poshta - INFO - getDocumentPrice result: {'delivery_cost': '180', 'packaging_cost': '0', 'redelivery_cost': '0', 'assessed_cost': '10000'}
2026-07-24 15:38:22 - root - INFO - Health check called
2026-07-24 15:38:52 - root - INFO - Health check called
2026-07-24 15:39:20 - root - INFO - TELEGRAM_WEBHOOK_URL not set — skipping webhook registration
2026-07-24 15:39:23 - root - INFO - Health check called
2026-07-24 15:39:53 - root - INFO - Health check called
2026-07-24 15:40:23 - root - INFO - Health check called
2026-07-24 15:40:53 - root - INFO - Health check called
2026-07-24 15:41:23 - root - INFO - Health check called
2026-07-24 15:41:53 - root - INFO - Health check called
2026-07-24 15:42:23 - root - INFO - Health check called
2026-07-24 15:42:54 - root - INFO - Health check called
2026-07-24 15:43:24 - root - INFO - Health check called
2026-07-24 15:43:54 - root - INFO - Health check called
2026-07-24 15:44:24 - root - INFO - Health check called
2026-07-24 15:44:54 - root - INFO - Health check called
2026-07-24 15:45:24 - root - INFO - Health check called
2026-07-24 15:45:54 - root - INFO - Health check called
2026-07-24 15:46:25 - root - INFO - Health check called
2026-07-24 15:46:55 - root - INFO - Health check called
2026-07-24 15:47:25 - root - INFO - Health check called
2026-07-24 15:47:55 - root - INFO - Health check called
2026-07-24 15:48:25 - root - INFO - Health check called
2026-07-24 15:48:55 - root - INFO - Health check called
2026-07-24 15:49:25 - root - INFO - Health check called
2026-07-24 15:49:56 - root - INFO - Health check called
2026-07-24 15:50:26 - root - INFO - Health check called
2026-07-24 15:50:56 - root - INFO - Health check called
2026-07-24 15:51:26 - root - INFO - Health check called
2026-07-24 15:51:56 - root - INFO - Health check called
2026-07-24 15:52:26 - root - INFO - Health check called
2026-07-24 15:52:56 - root - INFO - Health check called
2026-07-24 15:53:27 - root - INFO - Health check called
2026-07-24 15:53:57 - root - INFO - Health check called
2026-07-24 15:54:27 - root - INFO - Health check called
2026-07-24 15:54:57 - root - INFO - Health check called
2026-07-24 15:55:27 - root - INFO - Health check called
2026-07-24 15:55:57 - root - INFO - Health check called
2026-07-24 15:56:27 - root - INFO - Health check called
2026-07-24 15:56:58 - root - INFO - Health check called
2026-07-24 15:57:28 - root - INFO - Health check called
2026-07-24 15:57:58 - root - INFO - Health check called
2026-07-24 15:58:28 - root - INFO - Health check called
2026-07-24 15:58:58 - root - INFO - Health check called
2026-07-24 15:59:28 - root - INFO - Health check called
2026-07-24 15:59:58 - root - INFO - Health check called
2026-07-24 16:00:29 - root - INFO - Health check called
2026-07-24 16:00:59 - root - INFO - Health check called
2026-07-24 16:01:29 - root - INFO - Health check called
2026-07-24 16:01:59 - root - INFO - Health check called
2026-07-24 16:02:29 - root - INFO - Health check called
2026-07-24 16:02:59 - root - INFO - Health check called
2026-07-24 16:03:29 - root - INFO - Health check called
2026-07-24 16:04:00 - root - INFO - Health check called
2026-07-24 16:04:30 - root - INFO - Health check called
2026-07-24 16:05:00 - root - INFO - Health check called
2026-07-24 16:05:30 - root - INFO - Health check called
2026-07-24 16:06:00 - root - INFO - Health check called
2026-07-24 16:06:30 - root - INFO - Health check called
2026-07-24 16:07:00 - root - INFO - Health check called
2026-07-24 16:07:31 - root - INFO - Health check called
2026-07-24 16:08:01 - root - INFO - Health check called
2026-07-24 16:08:31 - root - INFO - Health check called
2026-07-24 16:09:01 - root - INFO - Health check called
2026-07-24 16:09:31 - root - INFO - Health check called
2026-07-24 16:10:01 - root - INFO - Health check called
2026-07-24 16:10:32 - root - INFO - Health check called
2026-07-24 16:11:02 - root - INFO - Health check called
2026-07-24 16:11:32 - root - INFO - Health check called
2026-07-24 16:12:02 - root - INFO - Health check called
2026-07-24 16:12:32 - root - INFO - Health check called
2026-07-24 16:13:02 - root - INFO - Health check called
2026-07-24 16:13:32 - root - INFO - Health check called
2026-07-24 16:14:03 - root - INFO - Health check called
2026-07-24 16:14:33 - root - INFO - Health check called
2026-07-24 16:15:03 - root - INFO - Health check called
2026-07-24 16:15:33 - root - INFO - Health check called
2026-07-24 16:16:03 - root - INFO - Health check called
2026-07-24 16:16:33 - root - INFO - Health check called
2026-07-24 16:17:03 - root - INFO - Health check called
2026-07-24 16:17:34 - root - INFO - Health check called
2026-07-24 16:18:04 - root - INFO - Health check called
2026-07-24 16:18:34 - root - INFO - Health check called
2026-07-24 16:19:04 - root - INFO - Health check called
2026-07-24 16:19:34 - root - INFO - Health check called
2026-07-24 16:20:04 - root - INFO - Health check called
2026-07-24 16:20:34 - root - INFO - Health check called
2026-07-24 16:21:05 - root - INFO - Health check called
2026-07-24 16:21:35 - root - INFO - Health check called
2026-07-24 16:22:05 - root - INFO - Health check called
2026-07-24 16:22:35 - root - INFO - Health check called
2026-07-24 16:23:05 - root - INFO - Health check called
2026-07-24 16:23:35 - root - INFO - Health check called
2026-07-24 16:24:05 - root - INFO - Health check called
2026-07-24 16:24:36 - root - INFO - Health check called
2026-07-24 16:25:06 - root - INFO - Health check called
2026-07-24 16:25:36 - root - INFO - Health check called
2026-07-24 16:26:06 - root - INFO - Health check called
2026-07-24 16:26:36 - root - INFO - Health check called
2026-07-24 16:27:06 - root - INFO - Health check called
2026-07-24 16:27:36 - root - INFO - Health check called
2026-07-24 16:28:07 - root - INFO - Health check called
2026-07-24 16:28:37 - root - INFO - Health check called
2026-07-24 16:29:07 - root - INFO - Health check called
2026-07-24 16:29:37 - root - INFO - Health check called
2026-07-24 16:30:07 - root - INFO - Health check called
2026-07-24 16:30:37 - root - INFO - Health check called
2026-07-24 16:31:07 - root - INFO - Health check called
2026-07-24 16:31:38 - root - INFO - Health check called
2026-07-24 16:32:08 - root - INFO - Health check called
2026-07-24 16:32:38 - root - INFO - Health check called
2026-07-24 16:33:08 - root - INFO - Health check called
2026-07-24 16:33:38 - root - INFO - Health check called
2026-07-24 16:34:08 - root - INFO - Health check called
2026-07-24 16:34:38 - root - INFO - Health check called
2026-07-24 16:35:09 - root - INFO - Health check called
2026-07-24 16:35:39 - root - INFO - Health check called
2026-07-24 16:36:09 - root - INFO - Health check called
2026-07-24 16:36:39 - root - INFO - Health check called
2026-07-24 16:37:09 - root - INFO - Health check called
2026-07-24 16:37:39 - root - INFO - Health check called
2026-07-24 16:38:09 - root - INFO - Health check called
2026-07-24 16:38:40 - root - INFO - Health check called
2026-07-24 16:39:10 - root - INFO - Health check called
2026-07-24 16:39:40 - root - INFO - Health check called
2026-07-24 16:40:10 - root - INFO - Health check called
2026-07-24 16:40:40 - root - INFO - Health check called
2026-07-24 16:41:10 - root - INFO - Health check called
2026-07-24 16:41:41 - root - INFO - Health check called
2026-07-24 16:42:11 - root - INFO - Health check called
2026-07-24 16:42:41 - root - INFO - Health check called
2026-07-24 16:43:11 - root - INFO - Health check called
2026-07-24 16:43:41 - root - INFO - Health check called
2026-07-24 16:44:11 - root - INFO - Health check called
2026-07-24 16:44:42 - root - INFO - Health check called
2026-07-24 16:45:12 - root - INFO - Health check called
2026-07-24 16:45:42 - root - INFO - Health check called
2026-07-24 16:46:12 - root - INFO - Health check called
2026-07-24 16:46:42 - root - INFO - Health check called
2026-07-24 16:46:48 - app.api.v1.endpoints.users - INFO - MODIFIED get_garage called, has_new_code=True
2026-07-24 16:47:12 - root - INFO - Health check called
2026-07-24 16:47:25 - httpx - INFO - HTTP Request: POST https://api.telegram.org/bot8379211548:AAG29fBQdrcR1sNXFCL-GpgnLYs4r5OlvFg/sendMessage "HTTP/1.1 200 OK"
2026-07-24 16:47:25 - app.services.notifications - INFO - Telegram notification sent to chat -5289950326
2026-07-24 16:47:25 - httpx - INFO - HTTP Request: POST https://api.telegram.org/bot8379211548:AAG29fBQdrcR1sNXFCL-GpgnLYs4r5OlvFg/sendMessage "HTTP/1.1 200 OK"
2026-07-24 16:47:25 - app.services.notifications - INFO - Telegram notification sent to customer 4 (chat 6127505419)
2026-07-24 16:47:42 - root - INFO - Health check called
2026-07-24 16:48:13 - root - INFO - Health check called
2026-07-24 16:48:43 - root - INFO - Health check called
2026-07-24 16:49:13 - root - INFO - Health check called
2026-07-24 16:49:43 - root - INFO - Health check called
2026-07-24 16:50:13 - root - INFO - Health check called
2026-07-24 16:50:43 - root - INFO - Health check called
2026-07-24 16:51:13 - root - INFO - Health check called
2026-07-24 16:51:44 - root - INFO - Health check called
2026-07-24 16:52:14 - root - INFO - Health check called
2026-07-24 16:52:44 - root - INFO - Health check called
2026-07-24 16:53:14 - root - INFO - Health check called
2026-07-24 16:53:44 - root - INFO - Health check called
2026-07-24 16:54:14 - root - INFO - Health check called
2026-07-24 16:54:44 - root - INFO - Health check called
2026-07-24 16:55:15 - root - INFO - Health check called
2026-07-24 16:55:45 - root - INFO - Health check called
2026-07-24 16:56:15 - root - INFO - Health check called
2026-07-24 16:56:45 - root - INFO - Health check called
2026-07-24 16:57:15 - root - INFO - Health check called
2026-07-24 16:57:45 - root - INFO - Health check called
2026-07-24 16:58:15 - root - INFO - Health check called
2026-07-24 16:58:46 - root - INFO - Health check called
2026-07-24 16:59:16 - root - INFO - Health check called
2026-07-24 16:59:46 - root - INFO - Health check called
2026-07-24 17:00:16 - root - INFO - Health check called
2026-07-24 17:00:46 - root - INFO - Health check called
2026-07-24 17:01:16 - root - INFO - Health check called
2026-07-24 17:01:46 - root - INFO - Health check called
2026-07-24 17:02:16 - root - INFO - Health check called
2026-07-24 17:02:47 - root - INFO - Health check called
2026-07-24 17:03:17 - root - INFO - Health check called
2026-07-24 17:03:47 - root - INFO - Health check called
2026-07-24 17:04:17 - root - INFO - Health check called
2026-07-24 17:04:47 - root - INFO - Health check called
2026-07-24 17:05:17 - root - INFO - Health check called
2026-07-24 17:05:47 - root - INFO - Health check called
2026-07-24 17:06:18 - root - INFO - Health check called
2026-07-24 17:06:48 - root - INFO - Health check called
2026-07-24 17:07:18 - root - INFO - Health check called
2026-07-24 17:07:48 - root - INFO - Health check called
2026-07-24 17:08:18 - root - INFO - Health check called
2026-07-24 17:08:48 - root - INFO - Health check called
2026-07-24 17:09:19 - root - INFO - Health check called
2026-07-24 17:09:49 - root - INFO - Health check called
2026-07-24 17:10:19 - root - INFO - Health check called
2026-07-24 17:10:49 - root - INFO - Health check called
2026-07-24 17:11:19 - root - INFO - Health check called
2026-07-24 17:11:49 - root - INFO - Health check called
2026-07-24 17:12:20 - root - INFO - Health check called
2026-07-24 17:12:50 - root - INFO - Health check called
2026-07-24 17:13:20 - root - INFO - Health check called
2026-07-24 17:13:50 - root - INFO - Health check called
2026-07-24 17:14:20 - root - INFO - Health check called
2026-07-24 17:14:50 - root - INFO - Health check called
2026-07-24 17:15:20 - root - INFO - Health check called
2026-07-24 17:15:51 - root - INFO - Health check called
2026-07-24 17:16:21 - root - INFO - Health check called
2026-07-24 17:16:51 - root - INFO - Health check called
2026-07-24 17:17:21 - root - INFO - Health check called
2026-07-24 17:17:51 - root - INFO - Health check called
2026-07-24 17:18:21 - root - INFO - Health check called
2026-07-24 17:18:52 - root - INFO - Health check called
2026-07-24 17:19:22 - root - INFO - Health check called
2026-07-24 17:19:52 - root - INFO - Health check called
2026-07-24 17:20:22 - root - INFO - Health check called
2026-07-24 17:20:30 - root - INFO - TELEGRAM_WEBHOOK_URL not set — skipping webhook registration
2026-07-24 17:20:34 - app.core.protection_middleware - ERROR - Protection middleware error: (psycopg.errors.UndefinedColumn) column return_requests.bank_card does not exist
LINE 1: ...equests.ttn_number AS return_requests_ttn_number, return_req...
                                                             ^
[SQL: SELECT return_requests.id AS return_requests_id, return_requests.return_number AS return_requests_return_number, return_requests.order_id AS return_requests_order_id, return_requests.user_id AS return_requests_user_id, return_requests.status AS return_requests_status, return_requests.total_refund AS return_requests_total_refund, return_requests.admin_notes AS return_requests_admin_notes, return_requests.ttn_number AS return_requests_ttn_number, return_requests.bank_card AS return_requests_bank_card, return_requests.return_phone AS return_requests_return_phone, return_requests.return_last_name AS return_requests_return_last_name, return_requests.return_first_name AS return_requests_return_first_name, return_requests.return_middle_name AS return_requests_return_middle_name, return_requests.return_delivery_city AS return_requests_return_delivery_city, return_requests.return_delivery_warehouse AS return_requests_return_delivery_warehouse, return_requests.created_at AS return_requests_created_at, return_requests.updated_at AS return_requests_updated_at, return_requests.approved_at AS return_requests_approved_at, return_requests.completed_at AS return_requests_completed_at, return_requests.approved_by_user_id AS return_requests_approved_by_user_id, return_requests.updated_by_user_id AS return_requests_updated_by_user_id, return_requests.updated_by_name AS return_requests_updated_by_name, return_requests.updated_by_group AS return_requests_updated_by_group 
FROM return_requests 
WHERE return_requests.status = %(status_1)s ORDER BY return_requests.created_at DESC 
 LIMIT %(param_1)s::INTEGER]
[parameters: {'status_1': 'PENDING', 'param_1': 20}]
(Background on this error at: https://sqlalche.me/e/20/f405)
2026-07-24 17:20:37 - root - INFO - TELEGRAM_WEBHOOK_URL not set — skipping webhook registration
2026-07-24 17:20:37 - app.core.protection_middleware - ERROR - Protection middleware error: (psycopg.errors.UndefinedColumn) column return_requests.bank_card does not exist
LINE 2: ...equests.ttn_number AS return_requests_ttn_number, return_req...
                                                             ^
[SQL: SELECT anon_1.return_requests_id AS anon_1_return_requests_id, anon_1.return_requests_return_number AS anon_1_return_requests_return_number, anon_1.return_requests_order_id AS anon_1_return_requests_order_id, anon_1.return_requests_user_id AS anon_1_return_requests_user_id, anon_1.return_requests_status AS anon_1_return_requests_status, anon_1.return_requests_total_refund AS anon_1_return_requests_total_refund, anon_1.return_requests_admin_notes AS anon_1_return_requests_admin_notes, anon_1.return_requests_ttn_number AS anon_1_return_requests_ttn_number, anon_1.return_requests_bank_card AS anon_1_return_requests_bank_card, anon_1.return_requests_return_phone AS anon_1_return_requests_return_phone, anon_1.return_requests_return_last_name AS anon_1_return_requests_return_last_name, anon_1.return_requests_return_first_name AS anon_1_return_requests_return_first_name, anon_1.return_requests_return_middle_name AS anon_1_return_requests_return_middle_name, anon_1.return_requests_return_delivery_city AS anon_1_return_requests_return_delivery_city, anon_1.return_requests_return_delivery_warehouse AS anon_1_return_requests_return_delivery_warehouse, anon_1.return_requests_created_at AS anon_1_return_requests_created_at, anon_1.return_requests_updated_at AS anon_1_return_requests_updated_at, anon_1.return_requests_approved_at AS anon_1_return_requests_approved_at, anon_1.return_requests_completed_at AS anon_1_return_requests_completed_at, anon_1.return_requests_approved_by_user_id AS anon_1_return_requests_approved_by_user_id, anon_1.return_requests_updated_by_user_id AS anon_1_return_requests_updated_by_user_id, anon_1.return_requests_updated_by_name AS anon_1_return_requests_updated_by_name, anon_1.return_requests_updated_by_group AS anon_1_return_requests_updated_by_group, orders_1.id AS orders_1_id, orders_1.order_number AS orders_1_order_number, orders_1.user_id AS orders_1_user_id, orders_1.status AS orders_1_status, orders_1.total AS orders_1_total, orders_1.full_name AS orders_1_full_name, orders_1.phone AS orders_1_phone, orders_1.address AS orders_1_address, orders_1.last_name AS orders_1_last_name, orders_1.first_name AS orders_1_first_name, orders_1.middle_name AS orders_1_middle_name, orders_1.delivery_type AS orders_1_delivery_type, orders_1.delivery_city AS orders_1_delivery_city, orders_1.delivery_warehouse AS orders_1_delivery_warehouse, orders_1.delivery_city_ref AS orders_1_delivery_city_ref, orders_1.delivery_settlement_ref AS orders_1_delivery_settlement_ref, orders_1.delivery_city_label AS orders_1_delivery_city_label, orders_1.delivery_warehouse_ref AS orders_1_delivery_warehouse_ref, orders_1.delivery_warehouse_label AS orders_1_delivery_warehouse_label, orders_1.delivery_street_ref AS orders_1_delivery_street_ref, orders_1.delivery_street_label AS orders_1_delivery_street_label, orders_1.delivery_house AS orders_1_delivery_house, orders_1.delivery_apartment AS orders_1_delivery_apartment, orders_1.payment_method AS orders_1_payment_method, orders_1.promocode_id AS orders_1_promocode_id, orders_1.promocode_code AS orders_1_promocode_code, orders_1.discount_amount AS orders_1_discount_amount, orders_1.original_total AS orders_1_original_total, orders_1.created_at AS orders_1_created_at, orders_1.updated_by_user_id AS orders_1_updated_by_user_id, orders_1.updated_by_name AS orders_1_updated_by_name, orders_1.updated_by_group AS orders_1_updated_by_group, orders_1.updated_at AS orders_1_updated_at, orders_1.first_delivered_at AS orders_1_first_delivered_at, users_1.id AS users_1_id, users_1.email AS users_1_email, users_1.password_hash AS users_1_password_hash, users_1.full_name AS users_1_full_name, users_1.first_name AS users_1_first_name, users_1.last_name AS users_1_last_name, users_1.middle_name AS users_1_middle_name, users_1.is_active AS users_1_is_active, users_1.phone AS users_1_phone, users_1.delivery_type AS users_1_delivery_type, users_1.delivery_city AS users_1_delivery_city, users_1.delivery_warehouse AS users_1_delivery_warehouse, users_1.delivery_city_ref AS users_1_delivery_city_ref, users_1.delivery_settlement_ref AS users_1_delivery_settlement_ref, users_1.delivery_city_label AS users_1_delivery_city_label, users_1.delivery_warehouse_ref AS users_1_delivery_warehouse_ref, users_1.delivery_warehouse_label AS users_1_delivery_warehouse_label, users_1.delivery_street_ref AS users_1_delivery_street_ref, users_1.delivery_street_label AS users_1_delivery_street_label, users_1.delivery_house AS users_1_delivery_house, users_1.delivery_apartment AS users_1_delivery_apartment, users_1.avatar_index AS users_1_avatar_index, users_1.created_at AS users_1_created_at, users_1.role_id AS users_1_role_id, users_2.id AS users_2_id, users_2.email AS users_2_email, users_2.password_hash AS users_2_password_hash, users_2.full_name AS users_2_full_name, users_2.first_name AS users_2_first_name, users_2.last_name AS users_2_last_name, users_2.middle_name AS users_2_middle_name, users_2.is_active AS users_2_is_active, users_2.phone AS users_2_phone, users_2.delivery_type AS users_2_delivery_type, users_2.delivery_city AS users_2_delivery_city, users_2.delivery_warehouse AS users_2_delivery_warehouse, users_2.delivery_city_ref AS users_2_delivery_city_ref, users_2.delivery_settlement_ref AS users_2_delivery_settlement_ref, users_2.delivery_city_label AS users_2_delivery_city_label, users_2.delivery_warehouse_ref AS users_2_delivery_warehouse_ref, users_2.delivery_warehouse_label AS users_2_delivery_warehouse_label, users_2.delivery_street_ref AS users_2_delivery_street_ref, users_2.delivery_street_label AS users_2_delivery_street_label, users_2.delivery_house AS users_2_delivery_house, users_2.delivery_apartment AS users_2_delivery_apartment, users_2.avatar_index AS users_2_avatar_index, users_2.created_at AS users_2_created_at, users_2.role_id AS users_2_role_id, return_items_1.id AS return_items_1_id, return_items_1.return_request_id AS return_items_1_return_request_id, return_items_1.part_id AS return_items_1_part_id, return_items_1.article AS return_items_1_article, return_items_1.part_name AS return_items_1_part_name, return_items_1.brand AS return_items_1_brand, return_items_1.quantity AS return_items_1_quantity, return_items_1.price AS return_items_1_price, return_items_1.total AS return_items_1_total, return_change_logs_1.id AS return_change_logs_1_id, return_change_logs_1.return_request_id AS return_change_logs_1_return_request_id, return_change_logs_1.user_id AS return_change_logs_1_user_id, return_change_logs_1.user_name AS return_change_logs_1_user_name, return_change_logs_1.user_group AS return_change_logs_1_user_group, return_change_logs_1.action AS return_change_logs_1_action, return_change_logs_1.details AS return_change_logs_1_details, return_change_logs_1.created_at AS return_change_logs_1_created_at 
FROM (SELECT return_requests.id AS return_requests_id, return_requests.return_number AS return_requests_return_number, return_requests.order_id AS return_requests_order_id, return_requests.user_id AS return_requests_user_id, return_requests.status AS return_requests_status, return_requests.total_refund AS return_requests_total_refund, return_requests.admin_notes AS return_requests_admin_notes, return_requests.ttn_number AS return_requests_ttn_number, return_requests.bank_card AS return_requests_bank_card, return_requests.return_phone AS return_requests_return_phone, return_requests.return_last_name AS return_requests_return_last_name, return_requests.return_first_name AS return_requests_return_first_name, return_requests.return_middle_name AS return_requests_return_middle_name, return_requests.return_delivery_city AS return_requests_return_delivery_city, return_requests.return_delivery_warehouse AS return_requests_return_delivery_warehouse, return_requests.created_at AS return_requests_created_at, return_requests.updated_at AS return_requests_updated_at, return_requests.approved_at AS return_requests_approved_at, return_requests.completed_at AS return_requests_completed_at, return_requests.approved_by_user_id AS return_requests_approved_by_user_id, return_requests.updated_by_user_id AS return_requests_updated_by_user_id, return_requests.updated_by_name AS return_requests_updated_by_name, return_requests.updated_by_group AS return_requests_updated_by_group 
FROM return_requests 
WHERE return_requests.id = %(id_1)s::INTEGER 
 LIMIT %(param_1)s::INTEGER) AS anon_1 LEFT OUTER JOIN orders AS orders_1 ON orders_1.id = anon_1.return_requests_order_id LEFT OUTER JOIN users AS users_1 ON users_1.id = anon_1.return_requests_user_id LEFT OUTER JOIN users AS users_2 ON users_2.id = anon_1.return_requests_approved_by_user_id LEFT OUTER JOIN return_items AS return_items_1 ON anon_1.return_requests_id = return_items_1.return_request_id LEFT OUTER JOIN return_change_logs AS return_change_logs_1 ON anon_1.return_requests_id = return_change_logs_1.return_request_id ORDER BY return_change_logs_1.created_at DESC]
[parameters: {'id_1': 4, 'param_1': 1}]
(Background on this error at: https://sqlalche.me/e/20/f405)
2026-07-24 17:20:38 - app.core.protection_middleware - ERROR - Protection middleware error: (psycopg.errors.UndefinedColumn) column return_requests.bank_card does not exist
LINE 2: ...equests.ttn_number AS return_requests_ttn_number, return_req...
                                                             ^
[SQL: SELECT anon_1.return_requests_id AS anon_1_return_requests_id, anon_1.return_requests_return_number AS anon_1_return_requests_return_number, anon_1.return_requests_order_id AS anon_1_return_requests_order_id, anon_1.return_requests_user_id AS anon_1_return_requests_user_id, anon_1.return_requests_status AS anon_1_return_requests_status, anon_1.return_requests_total_refund AS anon_1_return_requests_total_refund, anon_1.return_requests_admin_notes AS anon_1_return_requests_admin_notes, anon_1.return_requests_ttn_number AS anon_1_return_requests_ttn_number, anon_1.return_requests_bank_card AS anon_1_return_requests_bank_card, anon_1.return_requests_return_phone AS anon_1_return_requests_return_phone, anon_1.return_requests_return_last_name AS anon_1_return_requests_return_last_name, anon_1.return_requests_return_first_name AS anon_1_return_requests_return_first_name, anon_1.return_requests_return_middle_name AS anon_1_return_requests_return_middle_name, anon_1.return_requests_return_delivery_city AS anon_1_return_requests_return_delivery_city, anon_1.return_requests_return_delivery_warehouse AS anon_1_return_requests_return_delivery_warehouse, anon_1.return_requests_created_at AS anon_1_return_requests_created_at, anon_1.return_requests_updated_at AS anon_1_return_requests_updated_at, anon_1.return_requests_approved_at AS anon_1_return_requests_approved_at, anon_1.return_requests_completed_at AS anon_1_return_requests_completed_at, anon_1.return_requests_approved_by_user_id AS anon_1_return_requests_approved_by_user_id, anon_1.return_requests_updated_by_user_id AS anon_1_return_requests_updated_by_user_id, anon_1.return_requests_updated_by_name AS anon_1_return_requests_updated_by_name, anon_1.return_requests_updated_by_group AS anon_1_return_requests_updated_by_group, orders_1.id AS orders_1_id, orders_1.order_number AS orders_1_order_number, orders_1.user_id AS orders_1_user_id, orders_1.status AS orders_1_status, orders_1.total AS orders_1_total, orders_1.full_name AS orders_1_full_name, orders_1.phone AS orders_1_phone, orders_1.address AS orders_1_address, orders_1.last_name AS orders_1_last_name, orders_1.first_name AS orders_1_first_name, orders_1.middle_name AS orders_1_middle_name, orders_1.delivery_type AS orders_1_delivery_type, orders_1.delivery_city AS orders_1_delivery_city, orders_1.delivery_warehouse AS orders_1_delivery_warehouse, orders_1.delivery_city_ref AS orders_1_delivery_city_ref, orders_1.delivery_settlement_ref AS orders_1_delivery_settlement_ref, orders_1.delivery_city_label AS orders_1_delivery_city_label, orders_1.delivery_warehouse_ref AS orders_1_delivery_warehouse_ref, orders_1.delivery_warehouse_label AS orders_1_delivery_warehouse_label, orders_1.delivery_street_ref AS orders_1_delivery_street_ref, orders_1.delivery_street_label AS orders_1_delivery_street_label, orders_1.delivery_house AS orders_1_delivery_house, orders_1.delivery_apartment AS orders_1_delivery_apartment, orders_1.payment_method AS orders_1_payment_method, orders_1.promocode_id AS orders_1_promocode_id, orders_1.promocode_code AS orders_1_promocode_code, orders_1.discount_amount AS orders_1_discount_amount, orders_1.original_total AS orders_1_original_total, orders_1.created_at AS orders_1_created_at, orders_1.updated_by_user_id AS orders_1_updated_by_user_id, orders_1.updated_by_name AS orders_1_updated_by_name, orders_1.updated_by_group AS orders_1_updated_by_group, orders_1.updated_at AS orders_1_updated_at, orders_1.first_delivered_at AS orders_1_first_delivered_at, users_1.id AS users_1_id, users_1.email AS users_1_email, users_1.password_hash AS users_1_password_hash, users_1.full_name AS users_1_full_name, users_1.first_name AS users_1_first_name, users_1.last_name AS users_1_last_name, users_1.middle_name AS users_1_middle_name, users_1.is_active AS users_1_is_active, users_1.phone AS users_1_phone, users_1.delivery_type AS users_1_delivery_type, users_1.delivery_city AS users_1_delivery_city, users_1.delivery_warehouse AS users_1_delivery_warehouse, users_1.delivery_city_ref AS users_1_delivery_city_ref, users_1.delivery_settlement_ref AS users_1_delivery_settlement_ref, users_1.delivery_city_label AS users_1_delivery_city_label, users_1.delivery_warehouse_ref AS users_1_delivery_warehouse_ref, users_1.delivery_warehouse_label AS users_1_delivery_warehouse_label, users_1.delivery_street_ref AS users_1_delivery_street_ref, users_1.delivery_street_label AS users_1_delivery_street_label, users_1.delivery_house AS users_1_delivery_house, users_1.delivery_apartment AS users_1_delivery_apartment, users_1.avatar_index AS users_1_avatar_index, users_1.created_at AS users_1_created_at, users_1.role_id AS users_1_role_id, users_2.id AS users_2_id, users_2.email AS users_2_email, users_2.password_hash AS users_2_password_hash, users_2.full_name AS users_2_full_name, users_2.first_name AS users_2_first_name, users_2.last_name AS users_2_last_name, users_2.middle_name AS users_2_middle_name, users_2.is_active AS users_2_is_active, users_2.phone AS users_2_phone, users_2.delivery_type AS users_2_delivery_type, users_2.delivery_city AS users_2_delivery_city, users_2.delivery_warehouse AS users_2_delivery_warehouse, users_2.delivery_city_ref AS users_2_delivery_city_ref, users_2.delivery_settlement_ref AS users_2_delivery_settlement_ref, users_2.delivery_city_label AS users_2_delivery_city_label, users_2.delivery_warehouse_ref AS users_2_delivery_warehouse_ref, users_2.delivery_warehouse_label AS users_2_delivery_warehouse_label, users_2.delivery_street_ref AS users_2_delivery_street_ref, users_2.delivery_street_label AS users_2_delivery_street_label, users_2.delivery_house AS users_2_delivery_house, users_2.delivery_apartment AS users_2_delivery_apartment, users_2.avatar_index AS users_2_avatar_index, users_2.created_at AS users_2_created_at, users_2.role_id AS users_2_role_id, return_items_1.id AS return_items_1_id, return_items_1.return_request_id AS return_items_1_return_request_id, return_items_1.part_id AS return_items_1_part_id, return_items_1.article AS return_items_1_article, return_items_1.part_name AS return_items_1_part_name, return_items_1.brand AS return_items_1_brand, return_items_1.quantity AS return_items_1_quantity, return_items_1.price AS return_items_1_price, return_items_1.total AS return_items_1_total, return_change_logs_1.id AS return_change_logs_1_id, return_change_logs_1.return_request_id AS return_change_logs_1_return_request_id, return_change_logs_1.user_id AS return_change_logs_1_user_id, return_change_logs_1.user_name AS return_change_logs_1_user_name, return_change_logs_1.user_group AS return_change_logs_1_user_group, return_change_logs_1.action AS return_change_logs_1_action, return_change_logs_1.details AS return_change_logs_1_details, return_change_logs_1.created_at AS return_change_logs_1_created_at 
FROM (SELECT return_requests.id AS return_requests_id, return_requests.return_number AS return_requests_return_number, return_requests.order_id AS return_requests_order_id, return_requests.user_id AS return_requests_user_id, return_requests.status AS return_requests_status, return_requests.total_refund AS return_requests_total_refund, return_requests.admin_notes AS return_requests_admin_notes, return_requests.ttn_number AS return_requests_ttn_number, return_requests.bank_card AS return_requests_bank_card, return_requests.return_phone AS return_requests_return_phone, return_requests.return_last_name AS return_requests_return_last_name, return_requests.return_first_name AS return_requests_return_first_name, return_requests.return_middle_name AS return_requests_return_middle_name, return_requests.return_delivery_city AS return_requests_return_delivery_city, return_requests.return_delivery_warehouse AS return_requests_return_delivery_warehouse, return_requests.created_at AS return_requests_created_at, return_requests.updated_at AS return_requests_updated_at, return_requests.approved_at AS return_requests_approved_at, return_requests.completed_at AS return_requests_completed_at, return_requests.approved_by_user_id AS return_requests_approved_by_user_id, return_requests.updated_by_user_id AS return_requests_updated_by_user_id, return_requests.updated_by_name AS return_requests_updated_by_name, return_requests.updated_by_group AS return_requests_updated_by_group 
FROM return_requests 
WHERE return_requests.id = %(id_1)s::INTEGER 
 LIMIT %(param_1)s::INTEGER) AS anon_1 LEFT OUTER JOIN orders AS orders_1 ON orders_1.id = anon_1.return_requests_order_id LEFT OUTER JOIN users AS users_1 ON users_1.id = anon_1.return_requests_user_id LEFT OUTER JOIN users AS users_2 ON users_2.id = anon_1.return_requests_approved_by_user_id LEFT OUTER JOIN return_items AS return_items_1 ON anon_1.return_requests_id = return_items_1.return_request_id LEFT OUTER JOIN return_change_logs AS return_change_logs_1 ON anon_1.return_requests_id = return_change_logs_1.return_request_id ORDER BY return_change_logs_1.created_at DESC]
[parameters: {'id_1': 4, 'param_1': 1}]
(Background on this error at: https://sqlalche.me/e/20/f405)
2026-07-24 17:20:52 - root - INFO - Health check called
2026-07-24 17:20:58 - root - INFO - TELEGRAM_WEBHOOK_URL not set — skipping webhook registration
2026-07-24 17:21:02 - root - INFO - TELEGRAM_WEBHOOK_URL not set — skipping webhook registration
2026-07-24 17:21:05 - root - INFO - TELEGRAM_WEBHOOK_URL not set — skipping webhook registration
2026-07-24 17:21:09 - root - INFO - TELEGRAM_WEBHOOK_URL not set — skipping webhook registration
2026-07-24 17:21:24 - root - INFO - TELEGRAM_WEBHOOK_URL not set — skipping webhook registration
2026-07-24 17:21:24 - root - INFO - Health check called
2026-07-24 17:21:28 - root - INFO - TELEGRAM_WEBHOOK_URL not set — skipping webhook registration
2026-07-24 17:21:32 - root - INFO - TELEGRAM_WEBHOOK_URL not set — skipping webhook registration
2026-07-24 17:21:36 - root - INFO - TELEGRAM_WEBHOOK_URL not set — skipping webhook registration
2026-07-24 17:21:43 - root - INFO - TELEGRAM_WEBHOOK_URL not set — skipping webhook registration
2026-07-24 17:21:54 - root - INFO - Health check called
2026-07-24 17:21:59 - root - INFO - TELEGRAM_WEBHOOK_URL not set — skipping webhook registration
2026-07-24 17:22:06 - root - INFO - TELEGRAM_WEBHOOK_URL not set — skipping webhook registration
2026-07-24 17:22:11 - root - INFO - TELEGRAM_WEBHOOK_URL not set — skipping webhook registration
2026-07-24 17:22:24 - root - INFO - Health check called
2026-07-24 17:22:55 - root - INFO - Health check called
2026-07-24 17:23:25 - root - INFO - Health check called
2026-07-24 17:23:55 - root - INFO - Health check called
2026-07-24 17:24:25 - root - INFO - Health check called
2026-07-24 17:24:55 - root - INFO - Health check called
2026-07-24 17:25:25 - root - INFO - Health check called
2026-07-24 17:25:56 - root - INFO - Health check called
2026-07-24 17:26:16 - app.api.v1.endpoints.users - INFO - MODIFIED get_garage called, has_new_code=True
2026-07-24 17:26:26 - root - INFO - Health check called
2026-07-24 17:26:56 - root - INFO - Health check called
2026-07-24 17:27:28 - root - INFO - TELEGRAM_WEBHOOK_URL not set — skipping webhook registration
2026-07-24 17:27:30 - root - INFO - Health check called
2026-07-24 17:28:00 - root - INFO - Health check called
2026-07-24 17:28:30 - root - INFO - Health check called
2026-07-24 17:29:00 - root - INFO - Health check called
2026-07-24 17:29:30 - root - INFO - Health check called
2026-07-24 17:30:00 - root - INFO - Health check called
2026-07-24 17:30:30 - root - INFO - Health check called
2026-07-24 17:31:01 - root - INFO - Health check called
2026-07-24 17:31:31 - root - INFO - Health check called
2026-07-24 17:32:01 - root - INFO - Health check called
2026-07-24 17:32:31 - root - INFO - Health check called
2026-07-24 17:33:01 - root - INFO - Health check called
2026-07-24 17:33:31 - root - INFO - Health check called
2026-07-24 17:34:02 - root - INFO - Health check called
2026-07-24 17:34:32 - root - INFO - Health check called
2026-07-24 17:35:02 - root - INFO - Health check called
2026-07-24 17:35:33 - root - INFO - Health check called
2026-07-24 17:36:03 - root - INFO - Health check called
2026-07-24 17:36:33 - root - INFO - Health check called
2026-07-24 17:37:03 - root - INFO - Health check called
2026-07-24 17:37:34 - root - INFO - Health check called
2026-07-24 17:38:04 - root - INFO - Health check called
2026-07-24 17:38:34 - root - INFO - Health check called
2026-07-24 17:39:04 - root - INFO - Health check called
2026-07-24 17:39:35 - root - INFO - Health check called
2026-07-24 17:40:05 - root - INFO - Health check called
2026-07-24 17:40:35 - root - INFO - Health check called
2026-07-24 17:41:05 - root - INFO - Health check called
2026-07-24 17:41:36 - root - INFO - Health check called
2026-07-24 17:42:06 - root - INFO - Health check called
2026-07-24 17:42:36 - root - INFO - Health check called
2026-07-24 17:43:07 - root - INFO - Health check called
2026-07-24 17:43:37 - root - INFO - Health check called
2026-07-24 17:44:07 - root - INFO - Health check called
2026-07-24 17:44:37 - root - INFO - Health check called
2026-07-24 17:45:08 - root - INFO - Health check called
2026-07-24 17:45:38 - root - INFO - Health check called
2026-07-24 17:46:08 - root - INFO - Health check called
2026-07-24 17:46:38 - root - INFO - Health check called
2026-07-24 17:47:09 - root - INFO - Health check called
2026-07-24 17:47:39 - root - INFO - Health check called
2026-07-24 17:48:09 - root - INFO - Health check called
2026-07-24 17:48:39 - root - INFO - Health check called
2026-07-24 17:49:10 - root - INFO - Health check called
2026-07-24 17:49:40 - root - INFO - Health check called
2026-07-24 17:50:10 - root - INFO - Health check called
2026-07-24 17:50:40 - root - INFO - Health check called
2026-07-24 17:51:10 - root - INFO - Health check called
2026-07-24 17:51:40 - root - INFO - Health check called
2026-07-24 17:52:11 - root - INFO - Health check called
2026-07-24 17:52:41 - root - INFO - Health check called
2026-07-24 17:53:11 - root - INFO - Health check called
2026-07-24 17:53:41 - root - INFO - Health check called
2026-07-24 17:54:11 - root - INFO - Health check called
2026-07-24 17:54:42 - root - INFO - Health check called
2026-07-24 17:55:12 - root - INFO - Health check called
2026-07-24 17:55:42 - root - INFO - Health check called
2026-07-24 17:56:12 - root - INFO - Health check called
2026-07-24 17:56:42 - root - INFO - Health check called
2026-07-24 17:57:13 - root - INFO - Health check called
2026-07-24 17:57:43 - root - INFO - Health check called
2026-07-24 17:58:13 - root - INFO - Health check called
2026-07-24 17:58:43 - root - INFO - Health check called
2026-07-24 17:59:13 - root - INFO - Health check called
2026-07-24 17:59:43 - root - INFO - Health check called
2026-07-24 18:00:13 - root - INFO - Health check called
2026-07-24 18:00:44 - root - INFO - Health check called
2026-07-24 18:01:14 - root - INFO - Health check called
2026-07-24 18:01:44 - root - INFO - Health check called
2026-07-24 18:02:14 - root - INFO - Health check called
2026-07-24 18:02:45 - root - INFO - Health check called
2026-07-24 18:03:15 - root - INFO - Health check called
2026-07-24 18:03:45 - root - INFO - Health check called
2026-07-24 18:04:15 - root - INFO - Health check called
2026-07-24 18:04:45 - root - INFO - Health check called
2026-07-24 18:05:15 - root - INFO - Health check called
2026-07-24 18:05:46 - root - INFO - Health check called
2026-07-24 18:06:16 - root - INFO - Health check called
2026-07-24 18:06:46 - root - INFO - Health check called
2026-07-24 18:07:16 - root - INFO - Health check called
2026-07-24 18:07:47 - root - INFO - Health check called
2026-07-24 18:08:17 - root - INFO - Health check called
2026-07-24 18:08:47 - root - INFO - Health check called
2026-07-24 18:09:17 - root - INFO - Health check called
2026-07-24 18:09:48 - root - INFO - Health check called
2026-07-24 18:10:18 - root - INFO - Health check called
2026-07-24 18:10:48 - root - INFO - Health check called
2026-07-24 18:11:11 - root - INFO - Health check called
2026-07-24 18:11:18 - root - INFO - Health check called
2026-07-24 18:11:48 - root - INFO - Health check called
2026-07-24 18:12:18 - root - INFO - Health check called
2026-07-24 18:12:49 - root - INFO - Health check called
2026-07-24 18:13:29 - root - INFO - TELEGRAM_WEBHOOK_URL not set — skipping webhook registration
2026-07-24 18:13:34 - root - INFO - Health check called
2026-07-24 18:14:04 - root - INFO - Health check called
2026-07-24 18:14:34 - root - INFO - Health check called
2026-07-24 18:15:04 - root - INFO - Health check called
2026-07-24 18:15:35 - root - INFO - Health check called
2026-07-24 18:16:05 - root - INFO - Health check called
2026-07-24 18:16:35 - root - INFO - Health check called
2026-07-24 18:17:05 - root - INFO - Health check called
2026-07-24 18:17:35 - root - INFO - Health check called
2026-07-24 18:18:06 - root - INFO - Health check called
2026-07-24 18:18:36 - root - INFO - Health check called
2026-07-24 18:19:06 - root - INFO - Health check called
2026-07-24 18:19:36 - root - INFO - Health check called
2026-07-24 18:20:00 - root - INFO - TELEGRAM_WEBHOOK_URL not set — skipping webhook registration
2026-07-24 18:20:06 - root - INFO - Health check called
2026-07-24 18:20:37 - root - INFO - Health check called
2026-07-24 18:21:07 - root - INFO - Health check called
2026-07-24 18:21:37 - root - INFO - Health check called
2026-07-24 18:22:07 - root - INFO - Health check called
2026-07-24 18:22:41 - root - INFO - TELEGRAM_WEBHOOK_URL not set — skipping webhook registration
2026-07-24 18:22:46 - root - INFO - Health check called
2026-07-24 18:23:16 - root - INFO - Health check called
2026-07-24 18:23:46 - root - INFO - Health check called
2026-07-24 18:24:16 - root - INFO - Health check called
2026-07-24 18:24:28 - root - INFO - Health check called
2026-07-24 18:24:47 - root - INFO - Health check called
2026-07-24 18:25:17 - root - INFO - Health check called
2026-07-24 18:25:47 - root - INFO - Health check called
2026-07-24 18:26:17 - root - INFO - Health check called
2026-07-24 18:26:48 - root - INFO - Health check called
2026-07-24 18:27:18 - root - INFO - Health check called
2026-07-24 18:27:48 - root - INFO - Health check called
2026-07-24 18:28:18 - root - INFO - Health check called
2026-07-24 18:28:48 - root - INFO - Health check called
2026-07-24 18:29:18 - root - INFO - Health check called
2026-07-24 18:29:49 - root - INFO - Health check called
2026-07-24 18:30:19 - root - INFO - Health check called
2026-07-24 18:30:40 - app.api.v1.endpoints.users - INFO - MODIFIED get_garage called, has_new_code=True
2026-07-24 18:30:49 - root - INFO - Health check called
2026-07-24 18:31:19 - root - INFO - Health check called
2026-07-24 18:31:49 - root - INFO - Health check called
2026-07-24 18:32:20 - root - INFO - Health check called
2026-07-24 18:32:50 - root - INFO - Health check called
2026-07-24 18:33:20 - root - INFO - Health check called
2026-07-24 18:33:49 - app.api.v1.endpoints.users - INFO - MODIFIED get_garage called, has_new_code=True
2026-07-24 18:33:51 - root - INFO - Health check called
2026-07-24 18:34:46 - root - INFO - TELEGRAM_WEBHOOK_URL not set — skipping webhook registration
2026-07-24 18:34:50 - root - INFO - Health check called
2026-07-24 18:35:21 - root - INFO - Health check called
2026-07-24 18:35:25 - root - INFO - Health check called
2026-07-24 18:35:51 - root - INFO - Health check called
2026-07-24 18:36:21 - root - INFO - Health check called
2026-07-24 18:36:52 - root - INFO - Health check called
2026-07-24 18:36:54 - app.api.v1.endpoints.users - INFO - MODIFIED get_garage called, has_new_code=True
2026-07-24 18:37:22 - root - INFO - Health check called
2026-07-24 18:37:52 - root - INFO - Health check called
2026-07-24 18:38:22 - root - INFO - Health check called
2026-07-24 18:38:53 - root - INFO - Health check called
2026-07-24 18:39:23 - root - INFO - Health check called
2026-07-24 18:39:53 - root - INFO - Health check called
2026-07-24 18:40:23 - root - INFO - Health check called
2026-07-24 18:40:53 - root - INFO - Health check called
2026-07-24 18:41:23 - root - INFO - Health check called
2026-07-24 18:41:28 - app.api.v1.endpoints.users - INFO - MODIFIED get_garage called, has_new_code=True
2026-07-24 18:41:54 - root - INFO - Health check called
2026-07-24 18:42:24 - root - INFO - Health check called
2026-07-24 18:43:42 - root - INFO - TELEGRAM_WEBHOOK_URL not set — skipping webhook registration
2026-07-24 18:43:47 - root - INFO - Health check called
2026-07-24 18:44:17 - root - INFO - Health check called
2026-07-24 18:44:47 - root - INFO - Health check called
2026-07-24 18:45:17 - root - INFO - Health check called
2026-07-24 18:45:47 - root - INFO - Health check called
2026-07-24 18:46:18 - root - INFO - Health check called
2026-07-24 18:46:48 - root - INFO - Health check called
2026-07-24 18:47:18 - root - INFO - Health check called
2026-07-24 18:47:48 - root - INFO - Health check called
2026-07-24 18:48:18 - root - INFO - Health check called
2026-07-24 18:48:48 - root - INFO - Health check called
2026-07-24 18:49:18 - root - INFO - Health check called
2026-07-24 18:49:49 - root - INFO - Health check called
2026-07-24 18:50:19 - root - INFO - Health check called
2026-07-24 18:50:49 - root - INFO - Health check called
2026-07-24 18:51:19 - root - INFO - Health check called
2026-07-24 18:51:49 - root - INFO - Health check called
2026-07-24 18:52:19 - root - INFO - Health check called
2026-07-24 18:52:50 - root - INFO - Health check called
2026-07-24 18:53:20 - root - INFO - Health check called
2026-07-24 18:53:50 - root - INFO - Health check called
2026-07-24 18:54:20 - root - INFO - Health check called
2026-07-24 18:54:50 - root - INFO - Health check called
2026-07-24 18:55:20 - root - INFO - Health check called
2026-07-24 18:55:51 - root - INFO - Health check called
2026-07-24 18:56:21 - root - INFO - Health check called
2026-07-24 18:56:51 - root - INFO - Health check called
2026-07-24 18:57:21 - root - INFO - Health check called
2026-07-24 18:57:52 - root - INFO - Health check called
2026-07-24 18:58:22 - root - INFO - Health check called
2026-07-24 18:58:52 - root - INFO - Health check called
2026-07-24 18:59:22 - root - INFO - Health check called
2026-07-24 18:59:52 - root - INFO - Health check called
2026-07-24 19:00:22 - root - INFO - Health check called
2026-07-24 19:00:53 - root - INFO - Health check called
2026-07-24 19:01:23 - root - INFO - Health check called
2026-07-24 19:01:53 - root - INFO - Health check called
2026-07-24 19:02:23 - root - INFO - Health check called
2026-07-24 19:02:53 - root - INFO - Health check called
2026-07-24 19:03:23 - root - INFO - Health check called
2026-07-24 19:03:54 - root - INFO - Health check called
2026-07-24 19:04:24 - root - INFO - Health check called
2026-07-24 19:04:54 - root - INFO - Health check called
2026-07-24 19:05:24 - root - INFO - Health check called
2026-07-24 19:05:54 - root - INFO - Health check called
2026-07-24 19:06:24 - root - INFO - Health check called
2026-07-24 19:06:54 - root - INFO - Health check called
2026-07-24 19:07:25 - root - INFO - Health check called
2026-07-24 19:07:55 - root - INFO - Health check called
2026-07-24 19:08:25 - root - INFO - Health check called
2026-07-24 19:08:55 - root - INFO - Health check called
2026-07-24 19:09:25 - root - INFO - Health check called
2026-07-24 19:09:55 - root - INFO - Health check called
2026-07-24 19:10:26 - root - INFO - Health check called
2026-07-24 19:10:56 - root - INFO - Health check called
2026-07-24 19:11:26 - root - INFO - Health check called
2026-07-24 19:11:56 - root - INFO - Health check called
2026-07-24 19:12:26 - root - INFO - Health check called
2026-07-24 19:12:57 - root - INFO - Health check called
2026-07-24 19:13:27 - root - INFO - Health check called
2026-07-24 19:13:57 - root - INFO - Health check called
2026-07-24 19:14:27 - root - INFO - Health check called
2026-07-24 19:14:47 - root - INFO - Health check called
2026-07-24 19:14:57 - root - INFO - Health check called
2026-07-24 19:15:27 - root - INFO - Health check called
2026-07-24 19:15:58 - root - INFO - Health check called
2026-07-24 19:16:28 - root - INFO - Health check called
2026-07-24 19:16:58 - root - INFO - Health check called
2026-07-24 19:17:28 - root - INFO - Health check called
2026-07-24 19:17:58 - root - INFO - Health check called
2026-07-24 19:18:28 - root - INFO - Health check called
2026-07-24 19:18:58 - root - INFO - Health check called
2026-07-24 19:19:29 - root - INFO - Health check called
2026-07-24 19:19:59 - root - INFO - Health check called
2026-07-24 19:20:30 - root - INFO - Health check called
2026-07-24 19:21:00 - root - INFO - Health check called
2026-07-24 19:21:30 - root - INFO - Health check called
2026-07-24 19:22:00 - root - INFO - Health check called
2026-07-24 19:22:30 - root - INFO - Health check called
2026-07-24 19:23:00 - root - INFO - Health check called
2026-07-24 19:23:31 - root - INFO - Health check called
2026-07-24 19:24:01 - root - INFO - Health check called
2026-07-24 19:24:31 - root - INFO - Health check called
2026-07-24 19:25:01 - root - INFO - Health check called
2026-07-24 19:25:31 - root - INFO - Health check called
2026-07-24 19:26:01 - httpx - INFO - HTTP Request: GET https://www.googleapis.com/oauth2/v2/userinfo "HTTP/1.1 200 OK"
2026-07-24 19:26:01 - app.api.v1.endpoints.users - INFO - MODIFIED get_garage called, has_new_code=True
2026-07-24 19:26:02 - root - INFO - Health check called
2026-07-24 19:26:32 - root - INFO - Health check called
2026-07-24 19:27:02 - root - INFO - Health check called
2026-07-24 19:27:32 - root - INFO - Health check called
2026-07-24 19:28:02 - root - INFO - Health check called
2026-07-24 19:28:33 - root - INFO - Health check called
2026-07-24 19:29:03 - root - INFO - Health check called
2026-07-24 19:29:33 - root - INFO - Health check called
2026-07-24 19:30:03 - root - INFO - Health check called
2026-07-24 19:30:33 - root - INFO - Health check called
2026-07-24 19:31:03 - root - INFO - Health check called
2026-07-24 19:31:34 - root - INFO - Health check called
2026-07-24 19:32:04 - root - INFO - Health check called
2026-07-24 19:32:34 - root - INFO - Health check called
2026-07-24 19:32:56 - app.api.v1.endpoints.users - INFO - MODIFIED get_garage called, has_new_code=True
2026-07-24 19:33:04 - root - INFO - Health check called
2026-07-24 19:33:34 - root - INFO - Health check called
2026-07-24 19:34:04 - root - INFO - Health check called
2026-07-24 19:34:34 - root - INFO - Health check called
2026-07-24 19:35:05 - root - INFO - Health check called
2026-07-24 19:35:35 - root - INFO - Health check called
2026-07-24 19:36:05 - root - INFO - Health check called
2026-07-24 19:36:35 - root - INFO - Health check called
2026-07-24 19:37:05 - root - INFO - Health check called
2026-07-24 19:37:35 - root - INFO - Health check called
2026-07-24 19:38:06 - root - INFO - Health check called
2026-07-24 19:38:36 - root - INFO - Health check called
2026-07-24 19:39:06 - root - INFO - Health check called
2026-07-24 19:39:36 - root - INFO - Health check called
2026-07-24 19:40:06 - root - INFO - Health check called
2026-07-24 19:40:37 - root - INFO - Health check called
2026-07-24 19:41:07 - root - INFO - Health check called
2026-07-24 19:41:37 - root - INFO - Health check called
2026-07-24 19:42:07 - root - INFO - Health check called
2026-07-24 19:42:37 - root - INFO - Health check called
2026-07-24 19:43:08 - root - INFO - Health check called
2026-07-24 19:43:38 - root - INFO - Health check called
2026-07-24 19:44:08 - root - INFO - Health check called
2026-07-24 19:44:38 - root - INFO - Health check called
2026-07-24 19:45:09 - root - INFO - Health check called
2026-07-24 19:45:39 - root - INFO - Health check called
2026-07-24 19:46:09 - root - INFO - Health check called
2026-07-24 19:46:40 - root - INFO - Health check called
2026-07-24 19:47:10 - root - INFO - Health check called
2026-07-24 19:47:40 - root - INFO - Health check called
2026-07-24 19:48:10 - root - INFO - Health check called
2026-07-24 19:48:40 - root - INFO - Health check called
2026-07-24 19:49:10 - root - INFO - Health check called
2026-07-24 19:49:41 - root - INFO - Health check called
2026-07-24 19:50:11 - root - INFO - Health check called
2026-07-24 19:50:41 - root - INFO - Health check called
2026-07-24 19:51:11 - root - INFO - Health check called
2026-07-24 19:51:41 - root - INFO - Health check called
2026-07-24 19:52:12 - root - INFO - Health check called
2026-07-24 19:52:42 - root - INFO - Health check called
2026-07-24 19:53:06 - app.api.v1.endpoints.users - INFO - MODIFIED get_garage called, has_new_code=True
2026-07-24 19:53:12 - root - INFO - Health check called
2026-07-24 19:53:42 - root - INFO - Health check called
2026-07-24 19:54:12 - root - INFO - Health check called
2026-07-24 19:54:43 - root - INFO - Health check called
2026-07-24 19:55:13 - root - INFO - Health check called
2026-07-24 19:55:43 - root - INFO - Health check called
2026-07-24 19:56:13 - root - INFO - Health check called
2026-07-24 19:56:43 - root - INFO - Health check called
2026-07-24 19:57:13 - root - INFO - Health check called
2026-07-24 19:57:44 - root - INFO - Health check called
2026-07-24 19:58:14 - root - INFO - Health check called
2026-07-24 19:58:44 - root - INFO - Health check called
2026-07-24 19:59:14 - root - INFO - Health check called
2026-07-24 19:59:44 - root - INFO - Health check called
2026-07-24 20:00:14 - root - INFO - Health check called
2026-07-24 20:00:45 - root - INFO - Health check called
2026-07-24 20:01:15 - root - INFO - Health check called
2026-07-24 20:01:45 - root - INFO - Health check called
2026-07-24 20:02:15 - root - INFO - Health check called
2026-07-24 20:02:45 - root - INFO - Health check called
2026-07-24 20:03:15 - root - INFO - Health check called
2026-07-24 20:03:46 - root - INFO - Health check called
2026-07-24 20:04:16 - root - INFO - Health check called
2026-07-25 14:53:46 - root - INFO - TELEGRAM_WEBHOOK_URL not set — skipping webhook registration
2026-07-25 14:53:58 - app.api.v1.endpoints.users - INFO - MODIFIED get_garage called, has_new_code=True
2026-07-25 14:54:16 - root - INFO - Health check called
2026-07-25 14:54:47 - root - INFO - Health check called
2026-07-25 14:54:49 - app.api.v1.endpoints.users - INFO - MODIFIED get_garage called, has_new_code=True
2026-07-25 14:55:17 - root - INFO - Health check called
2026-07-25 14:55:47 - root - INFO - Health check called
2026-07-25 14:56:17 - root - INFO - Health check called
2026-07-25 14:56:48 - root - INFO - Health check called
2026-07-25 14:57:18 - root - INFO - Health check called
2026-07-25 14:57:48 - root - INFO - Health check called
2026-07-25 14:58:18 - root - INFO - Health check called
2026-07-25 14:58:48 - root - INFO - Health check called
2026-07-25 14:59:18 - root - INFO - Health check called
2026-07-25 14:59:49 - root - INFO - Health check called
2026-07-25 15:00:19 - root - INFO - Health check called
2026-07-25 15:00:49 - root - INFO - Health check called
2026-07-25 15:01:19 - root - INFO - Health check called
2026-07-25 15:01:50 - root - INFO - Health check called
2026-07-25 15:02:20 - root - INFO - Health check called
2026-07-25 15:02:50 - root - INFO - Health check called
2026-07-25 15:03:20 - root - INFO - Health check called
2026-07-25 15:03:48 - app.api.v1.endpoints.users - INFO - MODIFIED get_garage called, has_new_code=True
2026-07-25 15:03:50 - root - INFO - Health check called
2026-07-25 15:04:21 - root - INFO - Health check called
2026-07-25 15:04:51 - root - INFO - Health check called
2026-07-25 15:05:21 - root - INFO - Health check called
2026-07-25 15:05:51 - root - INFO - Health check called
2026-07-25 15:06:21 - root - INFO - Health check called
2026-07-25 15:06:51 - root - INFO - Health check called
2026-07-25 15:07:21 - root - INFO - Health check called
2026-07-25 15:07:52 - root - INFO - Health check called
2026-07-25 15:08:22 - root - INFO - Health check called
2026-07-25 15:08:52 - root - INFO - Health check called
2026-07-25 15:09:22 - root - INFO - Health check called
2026-07-25 15:09:52 - root - INFO - Health check called
2026-07-25 15:10:23 - root - INFO - Health check called
2026-07-25 15:10:53 - root - INFO - Health check called
2026-07-25 15:11:23 - root - INFO - Health check called
2026-07-25 15:11:53 - root - INFO - Health check called
2026-07-25 15:12:24 - root - INFO - Health check called
2026-07-25 15:12:54 - root - INFO - Health check called
2026-07-25 15:13:24 - root - INFO - Health check called
2026-07-25 15:13:54 - root - INFO - Health check called
2026-07-25 15:14:24 - root - INFO - Health check called
2026-07-25 15:14:55 - root - INFO - Health check called
2026-07-25 15:15:25 - root - INFO - Health check called
2026-07-25 15:15:55 - root - INFO - Health check called
2026-07-25 15:16:25 - root - INFO - Health check called
2026-07-25 15:16:55 - root - INFO - Health check called
2026-07-25 15:17:25 - root - INFO - Health check called
2026-07-25 15:17:55 - root - INFO - Health check called
2026-07-25 15:18:26 - root - INFO - Health check called
2026-07-25 15:18:56 - root - INFO - Health check called
2026-07-25 15:19:26 - root - INFO - Health check called
2026-07-25 15:19:56 - root - INFO - Health check called
2026-07-25 15:20:26 - root - INFO - Health check called
2026-07-25 15:20:56 - root - INFO - Health check called
2026-07-25 15:21:26 - root - INFO - Health check called
2026-07-25 15:21:57 - root - INFO - Health check called
2026-07-25 15:22:27 - root - INFO - Health check called
2026-07-25 15:22:57 - root - INFO - Health check called
2026-07-25 15:23:27 - root - INFO - Health check called
2026-07-25 15:23:57 - root - INFO - Health check called
2026-07-25 15:24:27 - root - INFO - Health check called
2026-07-25 15:24:58 - root - INFO - Health check called
2026-07-25 15:25:28 - root - INFO - Health check called
2026-07-25 15:25:58 - root - INFO - Health check called
2026-07-25 15:26:28 - root - INFO - Health check called
2026-07-25 15:26:58 - root - INFO - Health check called
2026-07-25 15:27:19 - app.api.v1.endpoints.users - INFO - MODIFIED get_garage called, has_new_code=True
2026-07-25 15:27:29 - root - INFO - Health check called
2026-07-25 15:27:59 - root - INFO - Health check called
2026-07-25 15:28:29 - root - INFO - Health check called
2026-07-25 15:28:59 - root - INFO - Health check called
2026-07-25 15:29:30 - root - INFO - Health check called
2026-07-25 15:30:00 - root - INFO - Health check called
2026-07-25 15:30:30 - root - INFO - Health check called
2026-07-25 15:30:45 - app.api.v1.endpoints.users - INFO - MODIFIED get_garage called, has_new_code=True
2026-07-25 15:31:00 - root - INFO - Health check called
2026-07-25 15:31:30 - root - INFO - Health check called
2026-07-25 15:32:00 - root - INFO - Health check called
2026-07-25 15:32:31 - root - INFO - Health check called
2026-07-25 15:33:01 - root - INFO - Health check called
2026-07-25 15:33:31 - root - INFO - Health check called
2026-07-25 15:34:01 - root - INFO - Health check called
2026-07-25 15:34:31 - root - INFO - Health check called
2026-07-25 15:35:02 - root - INFO - Health check called
2026-07-25 15:35:32 - root - INFO - Health check called
2026-07-25 15:36:02 - root - INFO - Health check called
2026-07-25 15:36:32 - root - INFO - Health check called
2026-07-25 15:37:02 - root - INFO - Health check called
2026-07-25 15:37:32 - root - INFO - Health check called
2026-07-25 15:38:03 - root - INFO - Health check called
2026-07-25 15:38:33 - root - INFO - Health check called
2026-07-25 15:39:03 - root - INFO - Health check called
2026-07-25 15:39:33 - root - INFO - Health check called
2026-07-25 15:40:03 - root - INFO - Health check called
2026-07-25 15:40:34 - root - INFO - Health check called
2026-07-25 15:41:04 - root - INFO - Health check called
2026-07-25 15:41:34 - root - INFO - Health check called
2026-07-25 15:42:04 - root - INFO - Health check called
2026-07-25 15:42:34 - root - INFO - Health check called
2026-07-25 15:43:04 - root - INFO - Health check called
2026-07-25 15:43:34 - root - INFO - Health check called
2026-07-25 15:44:05 - root - INFO - Health check called
2026-07-25 15:44:35 - root - INFO - Health check called
2026-07-25 15:45:05 - root - INFO - Health check called
2026-07-25 15:45:35 - root - INFO - Health check called
2026-07-25 15:46:05 - root - INFO - Health check called
2026-07-25 15:46:35 - root - INFO - Health check called
2026-07-25 15:47:06 - root - INFO - Health check called
2026-07-25 15:47:36 - root - INFO - Health check called
2026-07-25 15:48:06 - root - INFO - Health check called
2026-07-25 15:48:36 - root - INFO - Health check called
2026-07-25 15:49:06 - root - INFO - Health check called
2026-07-25 15:49:36 - root - INFO - Health check called
2026-07-25 15:50:07 - root - INFO - Health check called
2026-07-25 15:50:37 - root - INFO - Health check called
2026-07-25 15:51:07 - root - INFO - Health check called
2026-07-25 15:51:37 - root - INFO - Health check called
2026-07-25 15:52:08 - root - INFO - Health check called
2026-07-25 15:52:38 - root - INFO - Health check called
2026-07-25 15:53:08 - root - INFO - Health check called
2026-07-25 15:53:38 - root - INFO - Health check called
2026-07-25 15:54:08 - root - INFO - Health check called
2026-07-25 15:54:38 - root - INFO - Health check called
2026-07-25 15:55:09 - root - INFO - Health check called
2026-07-25 15:55:39 - root - INFO - Health check called
2026-07-25 15:56:09 - root - INFO - Health check called
2026-07-25 15:56:39 - root - INFO - Health check called
2026-07-25 15:57:09 - root - INFO - Health check called
2026-07-25 15:57:39 - root - INFO - Health check called
2026-07-25 15:58:10 - root - INFO - Health check called
2026-07-25 15:58:40 - root - INFO - Health check called
2026-07-25 15:59:10 - root - INFO - Health check called
2026-07-25 15:59:40 - root - INFO - Health check called
2026-07-25 16:00:10 - root - INFO - Health check called
2026-07-25 16:00:40 - root - INFO - Health check called
2026-07-25 16:01:10 - root - INFO - Health check called
2026-07-25 16:01:41 - root - INFO - Health check called
2026-07-25 16:02:11 - root - INFO - Health check called
2026-07-25 16:02:41 - root - INFO - Health check called
2026-07-25 16:03:11 - root - INFO - Health check called
2026-07-25 16:03:41 - root - INFO - Health check called
2026-07-25 16:04:11 - root - INFO - Health check called
2026-07-25 16:04:42 - root - INFO - Health check called
2026-07-25 16:05:12 - root - INFO - Health check called
2026-07-25 16:05:42 - root - INFO - Health check called
2026-07-25 16:06:13 - root - INFO - Health check called
2026-07-25 16:06:43 - root - INFO - Health check called
2026-07-25 16:07:13 - root - INFO - Health check called
2026-07-25 16:07:43 - root - INFO - Health check called
2026-07-25 16:08:01 - app.api.v1.endpoints.users - INFO - MODIFIED get_garage called, has_new_code=True
2026-07-25 16:08:13 - root - INFO - Health check called
2026-07-25 16:08:44 - root - INFO - Health check called
2026-07-25 16:09:14 - root - INFO - Health check called
2026-07-25 16:09:44 - root - INFO - Health check called
2026-07-25 16:10:14 - root - INFO - Health check called
2026-07-25 16:10:44 - root - INFO - Health check called
2026-07-25 16:11:14 - root - INFO - Health check called
2026-07-25 16:11:45 - root - INFO - Health check called
2026-07-25 16:12:15 - root - INFO - Health check called
2026-07-25 16:12:45 - root - INFO - Health check called
2026-07-25 16:12:51 - app.api.v1.endpoints.users - INFO - MODIFIED get_garage called, has_new_code=True
2026-07-25 16:13:15 - root - INFO - Health check called
2026-07-25 16:13:46 - root - INFO - Health check called
2026-07-25 16:14:16 - root - INFO - Health check called
2026-07-25 16:14:46 - root - INFO - Health check called
2026-07-25 16:15:16 - root - INFO - Health check called
2026-07-25 16:15:23 - app.api.v1.endpoints.users - INFO - MODIFIED get_garage called, has_new_code=True
2026-07-25 16:15:47 - root - INFO - Health check called
2026-07-25 16:16:17 - root - INFO - Health check called
2026-07-25 16:16:47 - root - INFO - Health check called
2026-07-25 16:17:17 - root - INFO - Health check called
2026-07-25 16:17:47 - root - INFO - Health check called
2026-07-25 16:18:17 - root - INFO - Health check called
2026-07-25 16:18:47 - root - INFO - Health check called
2026-07-25 16:19:18 - root - INFO - Health check called
2026-07-25 16:19:48 - root - INFO - Health check called
2026-07-25 16:20:18 - root - INFO - Health check called
2026-07-25 16:20:48 - root - INFO - Health check called
2026-07-25 16:21:18 - root - INFO - Health check called
2026-07-25 16:21:49 - root - INFO - Health check called
2026-07-25 16:22:19 - root - INFO - Health check called
2026-07-25 16:22:49 - root - INFO - Health check called
2026-07-25 16:23:19 - root - INFO - Health check called
2026-07-25 16:23:49 - root - INFO - Health check called
2026-07-25 16:24:19 - root - INFO - Health check called
2026-07-25 16:24:50 - root - INFO - Health check called
2026-07-25 16:25:20 - root - INFO - Health check called
2026-07-25 16:25:50 - root - INFO - Health check called
2026-07-25 16:26:20 - root - INFO - Health check called
2026-07-25 16:26:50 - root - INFO - Health check called
2026-07-25 16:27:21 - root - INFO - Health check called
2026-07-25 16:27:51 - root - INFO - Health check called
2026-07-25 16:28:21 - root - INFO - Health check called
2026-07-25 16:28:51 - root - INFO - Health check called
2026-07-25 16:29:21 - root - INFO - Health check called
2026-07-25 16:29:51 - root - INFO - Health check called
2026-07-25 16:30:22 - root - INFO - Health check called
2026-07-25 16:30:52 - root - INFO - Health check called
2026-07-25 16:31:22 - root - INFO - Health check called
2026-07-25 16:31:52 - root - INFO - Health check called
2026-07-25 16:32:22 - root - INFO - Health check called
2026-07-25 16:32:53 - root - INFO - Health check called
2026-07-25 16:33:23 - root - INFO - Health check called
2026-07-25 16:33:53 - root - INFO - Health check called
2026-07-25 16:34:23 - root - INFO - Health check called
2026-07-25 16:34:53 - root - INFO - Health check called
2026-07-25 16:35:24 - root - INFO - Health check called
2026-07-25 16:35:54 - root - INFO - Health check called
2026-07-25 16:36:24 - root - INFO - Health check called
2026-07-25 16:36:54 - root - INFO - Health check called
2026-07-25 16:37:24 - root - INFO - Health check called
2026-07-25 16:37:54 - root - INFO - Health check called
2026-07-25 16:38:25 - root - INFO - Health check called
2026-07-25 16:38:55 - root - INFO - Health check called
2026-07-25 16:39:25 - root - INFO - Health check called
2026-07-25 16:39:55 - root - INFO - Health check called
2026-07-25 16:40:11 - root - INFO - TELEGRAM_WEBHOOK_URL not set — skipping webhook registration
2026-07-25 16:40:12 - app.core.protection_middleware - ERROR - Protection middleware error: (psycopg.errors.UndefinedColumn) column return_requests.bank_card does not exist
LINE 1: ...equests.ttn_number AS return_requests_ttn_number, return_req...
                                                             ^
[SQL: SELECT return_requests.id AS return_requests_id, return_requests.return_number AS return_requests_return_number, return_requests.order_id AS return_requests_order_id, return_requests.user_id AS return_requests_user_id, return_requests.status AS return_requests_status, return_requests.total_refund AS return_requests_total_refund, return_requests.admin_notes AS return_requests_admin_notes, return_requests.ttn_number AS return_requests_ttn_number, return_requests.bank_card AS return_requests_bank_card, return_requests.return_phone AS return_requests_return_phone, return_requests.return_last_name AS return_requests_return_last_name, return_requests.return_first_name AS return_requests_return_first_name, return_requests.return_middle_name AS return_requests_return_middle_name, return_requests.return_delivery_city AS return_requests_return_delivery_city, return_requests.return_delivery_warehouse AS return_requests_return_delivery_warehouse, return_requests.created_at AS return_requests_created_at, return_requests.updated_at AS return_requests_updated_at, return_requests.approved_at AS return_requests_approved_at, return_requests.completed_at AS return_requests_completed_at, return_requests.approved_by_user_id AS return_requests_approved_by_user_id, return_requests.updated_by_user_id AS return_requests_updated_by_user_id, return_requests.updated_by_name AS return_requests_updated_by_name, return_requests.updated_by_group AS return_requests_updated_by_group 
FROM return_requests 
WHERE return_requests.order_id = %(order_id_1)s::INTEGER 
 LIMIT %(param_1)s::INTEGER]
[parameters: {'order_id_1': 16, 'param_1': 1}]
(Background on this error at: https://sqlalche.me/e/20/f405)
2026-07-25 16:40:19 - app.core.protection_middleware - ERROR - Protection middleware error: (psycopg.errors.UndefinedColumn) column return_requests.bank_card does not exist
LINE 1: ...equests.ttn_number AS return_requests_ttn_number, return_req...
                                                             ^
[SQL: SELECT return_requests.id AS return_requests_id, return_requests.return_number AS return_requests_return_number, return_requests.order_id AS return_requests_order_id, return_requests.user_id AS return_requests_user_id, return_requests.status AS return_requests_status, return_requests.total_refund AS return_requests_total_refund, return_requests.admin_notes AS return_requests_admin_notes, return_requests.ttn_number AS return_requests_ttn_number, return_requests.bank_card AS return_requests_bank_card, return_requests.return_phone AS return_requests_return_phone, return_requests.return_last_name AS return_requests_return_last_name, return_requests.return_first_name AS return_requests_return_first_name, return_requests.return_middle_name AS return_requests_return_middle_name, return_requests.return_delivery_city AS return_requests_return_delivery_city, return_requests.return_delivery_warehouse AS return_requests_return_delivery_warehouse, return_requests.created_at AS return_requests_created_at, return_requests.updated_at AS return_requests_updated_at, return_requests.approved_at AS return_requests_approved_at, return_requests.completed_at AS return_requests_completed_at, return_requests.approved_by_user_id AS return_requests_approved_by_user_id, return_requests.updated_by_user_id AS return_requests_updated_by_user_id, return_requests.updated_by_name AS return_requests_updated_by_name, return_requests.updated_by_group AS return_requests_updated_by_group 
FROM return_requests 
WHERE return_requests.status = %(status_1)s ORDER BY return_requests.created_at DESC 
 LIMIT %(param_1)s::INTEGER]
[parameters: {'status_1': 'PENDING', 'param_1': 20}]
(Background on this error at: https://sqlalche.me/e/20/f405)
2026-07-25 16:40:25 - root - INFO - Health check called
2026-07-25 16:40:34 - app.core.protection_middleware - ERROR - Protection middleware error: (psycopg.errors.UndefinedColumn) column return_requests.bank_card does not exist
LINE 1: ...equests.ttn_number AS return_requests_ttn_number, return_req...
                                                             ^
[SQL: SELECT return_requests.id AS return_requests_id, return_requests.return_number AS return_requests_return_number, return_requests.order_id AS return_requests_order_id, return_requests.user_id AS return_requests_user_id, return_requests.status AS return_requests_status, return_requests.total_refund AS return_requests_total_refund, return_requests.admin_notes AS return_requests_admin_notes, return_requests.ttn_number AS return_requests_ttn_number, return_requests.bank_card AS return_requests_bank_card, return_requests.return_phone AS return_requests_return_phone, return_requests.return_last_name AS return_requests_return_last_name, return_requests.return_first_name AS return_requests_return_first_name, return_requests.return_middle_name AS return_requests_return_middle_name, return_requests.return_delivery_city AS return_requests_return_delivery_city, return_requests.return_delivery_warehouse AS return_requests_return_delivery_warehouse, return_requests.created_at AS return_requests_created_at, return_requests.updated_at AS return_requests_updated_at, return_requests.approved_at AS return_requests_approved_at, return_requests.completed_at AS return_requests_completed_at, return_requests.approved_by_user_id AS return_requests_approved_by_user_id, return_requests.updated_by_user_id AS return_requests_updated_by_user_id, return_requests.updated_by_name AS return_requests_updated_by_name, return_requests.updated_by_group AS return_requests_updated_by_group 
FROM return_requests 
WHERE return_requests.status = %(status_1)s ORDER BY return_requests.created_at DESC 
 LIMIT %(param_1)s::INTEGER]
[parameters: {'status_1': 'PENDING', 'param_1': 20}]
(Background on this error at: https://sqlalche.me/e/20/f405)
2026-07-25 16:40:49 - app.core.protection_middleware - ERROR - Protection middleware error: (psycopg.errors.UndefinedColumn) column return_requests.bank_card does not exist
LINE 1: ...equests.ttn_number AS return_requests_ttn_number, return_req...
                                                             ^
[SQL: SELECT return_requests.id AS return_requests_id, return_requests.return_number AS return_requests_return_number, return_requests.order_id AS return_requests_order_id, return_requests.user_id AS return_requests_user_id, return_requests.status AS return_requests_status, return_requests.total_refund AS return_requests_total_refund, return_requests.admin_notes AS return_requests_admin_notes, return_requests.ttn_number AS return_requests_ttn_number, return_requests.bank_card AS return_requests_bank_card, return_requests.return_phone AS return_requests_return_phone, return_requests.return_last_name AS return_requests_return_last_name, return_requests.return_first_name AS return_requests_return_first_name, return_requests.return_middle_name AS return_requests_return_middle_name, return_requests.return_delivery_city AS return_requests_return_delivery_city, return_requests.return_delivery_warehouse AS return_requests_return_delivery_warehouse, return_requests.created_at AS return_requests_created_at, return_requests.updated_at AS return_requests_updated_at, return_requests.approved_at AS return_requests_approved_at, return_requests.completed_at AS return_requests_completed_at, return_requests.approved_by_user_id AS return_requests_approved_by_user_id, return_requests.updated_by_user_id AS return_requests_updated_by_user_id, return_requests.updated_by_name AS return_requests_updated_by_name, return_requests.updated_by_group AS return_requests_updated_by_group 
FROM return_requests 
WHERE return_requests.status = %(status_1)s ORDER BY return_requests.created_at DESC 
 LIMIT %(param_1)s::INTEGER]
[parameters: {'status_1': 'PENDING', 'param_1': 20}]
(Background on this error at: https://sqlalche.me/e/20/f405)
2026-07-25 16:40:55 - root - INFO - Health check called
2026-07-25 16:41:04 - app.core.protection_middleware - ERROR - Protection middleware error: (psycopg.errors.UndefinedColumn) column return_requests.bank_card does not exist
LINE 1: ...equests.ttn_number AS return_requests_ttn_number, return_req...
                                                             ^
[SQL: SELECT return_requests.id AS return_requests_id, return_requests.return_number AS return_requests_return_number, return_requests.order_id AS return_requests_order_id, return_requests.user_id AS return_requests_user_id, return_requests.status AS return_requests_status, return_requests.total_refund AS return_requests_total_refund, return_requests.admin_notes AS return_requests_admin_notes, return_requests.ttn_number AS return_requests_ttn_number, return_requests.bank_card AS return_requests_bank_card, return_requests.return_phone AS return_requests_return_phone, return_requests.return_last_name AS return_requests_return_last_name, return_requests.return_first_name AS return_requests_return_first_name, return_requests.return_middle_name AS return_requests_return_middle_name, return_requests.return_delivery_city AS return_requests_return_delivery_city, return_requests.return_delivery_warehouse AS return_requests_return_delivery_warehouse, return_requests.created_at AS return_requests_created_at, return_requests.updated_at AS return_requests_updated_at, return_requests.approved_at AS return_requests_approved_at, return_requests.completed_at AS return_requests_completed_at, return_requests.approved_by_user_id AS return_requests_approved_by_user_id, return_requests.updated_by_user_id AS return_requests_updated_by_user_id, return_requests.updated_by_name AS return_requests_updated_by_name, return_requests.updated_by_group AS return_requests_updated_by_group 
FROM return_requests 
WHERE return_requests.status = %(status_1)s ORDER BY return_requests.created_at DESC 
 LIMIT %(param_1)s::INTEGER]
[parameters: {'status_1': 'PENDING', 'param_1': 20}]
(Background on this error at: https://sqlalche.me/e/20/f405)
2026-07-25 16:41:14 - root - INFO - TELEGRAM_WEBHOOK_URL not set — skipping webhook registration
2026-07-25 16:41:17 - root - INFO - TELEGRAM_WEBHOOK_URL not set — skipping webhook registration
2026-07-25 16:41:17 - app.core.protection_middleware - ERROR - Protection middleware error: (psycopg.errors.UndefinedColumn) column return_requests.bank_card does not exist
LINE 1: ...equests.ttn_number AS return_requests_ttn_number, return_req...
                                                             ^
[SQL: SELECT return_requests.id AS return_requests_id, return_requests.return_number AS return_requests_return_number, return_requests.order_id AS return_requests_order_id, return_requests.user_id AS return_requests_user_id, return_requests.status AS return_requests_status, return_requests.total_refund AS return_requests_total_refund, return_requests.admin_notes AS return_requests_admin_notes, return_requests.ttn_number AS return_requests_ttn_number, return_requests.bank_card AS return_requests_bank_card, return_requests.return_phone AS return_requests_return_phone, return_requests.return_last_name AS return_requests_return_last_name, return_requests.return_first_name AS return_requests_return_first_name, return_requests.return_middle_name AS return_requests_return_middle_name, return_requests.return_delivery_city AS return_requests_return_delivery_city, return_requests.return_delivery_warehouse AS return_requests_return_delivery_warehouse, return_requests.created_at AS return_requests_created_at, return_requests.updated_at AS return_requests_updated_at, return_requests.approved_at AS return_requests_approved_at, return_requests.completed_at AS return_requests_completed_at, return_requests.approved_by_user_id AS return_requests_approved_by_user_id, return_requests.updated_by_user_id AS return_requests_updated_by_user_id, return_requests.updated_by_name AS return_requests_updated_by_name, return_requests.updated_by_group AS return_requests_updated_by_group 
FROM return_requests 
WHERE return_requests.order_id = %(order_id_1)s::INTEGER 
 LIMIT %(param_1)s::INTEGER]
[parameters: {'order_id_1': 16, 'param_1': 1}]
(Background on this error at: https://sqlalche.me/e/20/f405)
2026-07-25 16:41:19 - app.core.protection_middleware - ERROR - Protection middleware error: (psycopg.errors.UndefinedColumn) column return_requests.bank_card does not exist
LINE 1: ...equests.ttn_number AS return_requests_ttn_number, return_req...
                                                             ^
[SQL: SELECT return_requests.id AS return_requests_id, return_requests.return_number AS return_requests_return_number, return_requests.order_id AS return_requests_order_id, return_requests.user_id AS return_requests_user_id, return_requests.status AS return_requests_status, return_requests.total_refund AS return_requests_total_refund, return_requests.admin_notes AS return_requests_admin_notes, return_requests.ttn_number AS return_requests_ttn_number, return_requests.bank_card AS return_requests_bank_card, return_requests.return_phone AS return_requests_return_phone, return_requests.return_last_name AS return_requests_return_last_name, return_requests.return_first_name AS return_requests_return_first_name, return_requests.return_middle_name AS return_requests_return_middle_name, return_requests.return_delivery_city AS return_requests_return_delivery_city, return_requests.return_delivery_warehouse AS return_requests_return_delivery_warehouse, return_requests.created_at AS return_requests_created_at, return_requests.updated_at AS return_requests_updated_at, return_requests.approved_at AS return_requests_approved_at, return_requests.completed_at AS return_requests_completed_at, return_requests.approved_by_user_id AS return_requests_approved_by_user_id, return_requests.updated_by_user_id AS return_requests_updated_by_user_id, return_requests.updated_by_name AS return_requests_updated_by_name, return_requests.updated_by_group AS return_requests_updated_by_group 
FROM return_requests 
WHERE return_requests.status = %(status_1)s ORDER BY return_requests.created_at DESC 
 LIMIT %(param_1)s::INTEGER]
[parameters: {'status_1': 'PENDING', 'param_1': 20}]
(Background on this error at: https://sqlalche.me/e/20/f405)
2026-07-25 16:41:26 - root - INFO - Health check called
2026-07-25 16:41:42 - root - INFO - TELEGRAM_WEBHOOK_URL not set — skipping webhook registration
2026-07-25 16:41:48 - root - INFO - TELEGRAM_WEBHOOK_URL not set — skipping webhook registration
2026-07-25 16:41:54 - root - INFO - TELEGRAM_WEBHOOK_URL not set — skipping webhook registration
2026-07-25 16:41:56 - root - INFO - Health check called
2026-07-25 16:42:00 - root - INFO - TELEGRAM_WEBHOOK_URL not set — skipping webhook registration
2026-07-25 16:42:26 - root - INFO - Health check called
2026-07-25 16:42:32 - root - INFO - TELEGRAM_WEBHOOK_URL not set — skipping webhook registration
2026-07-25 16:42:35 - root - INFO - TELEGRAM_WEBHOOK_URL not set — skipping webhook registration
2026-07-25 16:42:42 - root - INFO - TELEGRAM_WEBHOOK_URL not set — skipping webhook registration
2026-07-25 16:42:45 - root - INFO - TELEGRAM_WEBHOOK_URL not set — skipping webhook registration
2026-07-25 16:42:54 - root - INFO - TELEGRAM_WEBHOOK_URL not set — skipping webhook registration
2026-07-25 16:42:56 - root - INFO - Health check called
2026-07-25 16:43:00 - root - INFO - TELEGRAM_WEBHOOK_URL not set — skipping webhook registration
2026-07-25 16:43:05 - root - INFO - TELEGRAM_WEBHOOK_URL not set — skipping webhook registration
2026-07-25 16:43:08 - root - INFO - TELEGRAM_WEBHOOK_URL not set — skipping webhook registration
2026-07-25 16:43:26 - root - INFO - Health check called
2026-07-25 16:43:56 - root - INFO - Health check called
2026-07-25 16:44:27 - root - INFO - Health check called
2026-07-25 16:44:57 - root - INFO - Health check called
2026-07-25 16:45:27 - root - INFO - Health check called
2026-07-25 16:45:57 - root - INFO - Health check called
2026-07-25 16:46:27 - root - INFO - Health check called
2026-07-25 16:46:57 - root - INFO - Health check called
2026-07-25 16:47:28 - root - INFO - Health check called
2026-07-25 16:47:58 - root - INFO - Health check called
2026-07-25 16:48:28 - root - INFO - Health check called
2026-07-25 16:48:58 - root - INFO - Health check called
2026-07-25 16:49:23 - root - INFO - TELEGRAM_WEBHOOK_URL not set — skipping webhook registration
2026-07-25 16:49:25 - root - INFO - Health check called
2026-07-25 16:49:55 - root - INFO - Health check called
2026-07-25 16:50:25 - root - INFO - Health check called
2026-07-25 16:50:55 - root - INFO - Health check called
2026-07-25 16:51:25 - root - INFO - Health check called
2026-07-25 16:51:55 - root - INFO - Health check called
2026-07-25 16:52:26 - root - INFO - Health check called
2026-07-25 16:52:56 - root - INFO - Health check called
2026-07-25 16:53:26 - root - INFO - Health check called
2026-07-25 16:53:56 - root - INFO - Health check called
2026-07-25 16:54:26 - root - INFO - Health check called
2026-07-25 16:54:56 - root - INFO - Health check called
2026-07-25 16:55:27 - root - INFO - Health check called
2026-07-25 16:55:57 - root - INFO - Health check called
2026-07-25 16:56:27 - root - INFO - Health check called
2026-07-25 16:56:57 - root - INFO - Health check called
2026-07-25 16:57:27 - root - INFO - Health check called
2026-07-25 16:57:57 - root - INFO - Health check called
2026-07-25 16:58:28 - root - INFO - Health check called
2026-07-25 16:58:58 - root - INFO - Health check called
2026-07-25 16:59:28 - root - INFO - Health check called
2026-07-25 16:59:58 - root - INFO - Health check called
2026-07-25 17:00:28 - root - INFO - Health check called
2026-07-25 17:00:58 - root - INFO - Health check called
2026-07-25 17:01:28 - root - INFO - Health check called
2026-07-25 17:01:59 - root - INFO - Health check called
2026-07-25 17:02:29 - root - INFO - Health check called
2026-07-25 17:02:59 - root - INFO - Health check called
2026-07-25 17:03:29 - root - INFO - Health check called
2026-07-25 17:03:59 - root - INFO - Health check called
2026-07-25 17:04:29 - root - INFO - Health check called
2026-07-25 17:05:00 - root - INFO - Health check called
2026-07-25 17:05:30 - root - INFO - Health check called
2026-07-25 17:06:00 - root - INFO - Health check called
2026-07-25 17:06:30 - root - INFO - Health check called
2026-07-25 17:07:00 - root - INFO - Health check called
2026-07-25 17:07:30 - root - INFO - Health check called
2026-07-25 17:08:00 - root - INFO - Health check called
2026-07-25 17:08:31 - root - INFO - Health check called
2026-07-25 17:09:01 - root - INFO - Health check called
2026-07-25 17:09:31 - root - INFO - Health check called
2026-07-25 17:10:01 - root - INFO - Health check called
2026-07-25 17:10:31 - root - INFO - Health check called
2026-07-25 17:11:01 - root - INFO - Health check called
2026-07-25 17:11:32 - root - INFO - Health check called
2026-07-25 17:12:02 - root - INFO - Health check called
2026-07-25 17:12:32 - root - INFO - Health check called
2026-07-25 17:13:02 - root - INFO - Health check called
2026-07-25 17:13:32 - root - INFO - Health check called
2026-07-25 17:14:02 - root - INFO - Health check called
2026-07-25 17:14:32 - root - INFO - Health check called
2026-07-25 17:15:03 - root - INFO - Health check called
2026-07-25 17:15:33 - root - INFO - Health check called
2026-07-25 17:16:03 - root - INFO - Health check called
2026-07-25 17:16:33 - root - INFO - Health check called
2026-07-25 17:17:03 - root - INFO - Health check called
2026-07-25 17:17:33 - root - INFO - Health check called
2026-07-25 17:18:03 - root - INFO - Health check called
2026-07-25 17:18:34 - root - INFO - Health check called
2026-07-25 17:19:04 - root - INFO - Health check called
2026-07-25 17:19:34 - root - INFO - Health check called
2026-07-25 17:20:04 - root - INFO - Health check called
2026-07-25 17:20:34 - root - INFO - Health check called
2026-07-25 17:21:04 - root - INFO - Health check called
2026-07-25 17:21:35 - root - INFO - Health check called
2026-07-25 17:22:05 - root - INFO - Health check called
2026-07-25 17:22:35 - root - INFO - Health check called
2026-07-25 17:23:05 - root - INFO - Health check called
2026-07-25 17:23:35 - root - INFO - Health check called
2026-07-25 17:24:05 - root - INFO - Health check called
2026-07-25 17:24:35 - root - INFO - Health check called
2026-07-25 17:25:06 - root - INFO - Health check called
2026-07-25 17:25:36 - root - INFO - Health check called
2026-07-25 17:26:06 - root - INFO - Health check called
2026-07-25 17:26:36 - root - INFO - Health check called
2026-07-25 17:27:06 - root - INFO - Health check called
2026-07-25 17:27:36 - root - INFO - Health check called
2026-07-25 17:28:07 - root - INFO - Health check called
2026-07-25 17:28:37 - root - INFO - Health check called
2026-07-25 17:29:07 - root - INFO - Health check called
2026-07-25 17:29:37 - root - INFO - Health check called
2026-07-25 17:30:07 - root - INFO - Health check called
2026-07-25 17:30:37 - root - INFO - Health check called
2026-07-25 17:31:07 - root - INFO - Health check called
2026-07-25 17:31:38 - root - INFO - Health check called
2026-07-25 17:32:08 - root - INFO - Health check called
2026-07-25 17:32:38 - root - INFO - Health check called
2026-07-25 17:33:08 - root - INFO - Health check called
2026-07-25 17:33:38 - root - INFO - Health check called
2026-07-25 17:34:08 - root - INFO - Health check called
2026-07-25 17:34:34 - app.api.v1.endpoints.users - INFO - MODIFIED get_garage called, has_new_code=True
2026-07-25 17:34:38 - root - INFO - Health check called
2026-07-25 17:35:09 - root - INFO - Health check called
2026-07-25 17:35:39 - root - INFO - Health check called
2026-07-25 17:36:09 - root - INFO - Health check called
2026-07-25 17:36:39 - root - INFO - Health check called
2026-07-25 17:37:09 - root - INFO - Health check called
2026-07-25 17:37:39 - root - INFO - Health check called
2026-07-25 17:38:10 - root - INFO - Health check called
2026-07-25 17:38:40 - root - INFO - Health check called
2026-07-25 17:39:10 - root - INFO - Health check called
2026-07-25 17:39:40 - root - INFO - Health check called
2026-07-25 17:40:10 - root - INFO - Health check called
2026-07-25 17:40:40 - root - INFO - Health check called
2026-07-25 17:41:11 - root - INFO - Health check called
2026-07-25 17:41:41 - root - INFO - Health check called
2026-07-25 17:42:11 - root - INFO - Health check called
2026-07-25 17:42:41 - root - INFO - Health check called
2026-07-25 17:42:55 - root - INFO - TELEGRAM_WEBHOOK_URL not set — skipping webhook registration
2026-07-25 17:43:11 - root - INFO - Health check called
2026-07-25 17:43:32 - root - INFO - TELEGRAM_WEBHOOK_URL not set — skipping webhook registration
2026-07-25 17:43:35 - root - INFO - Health check called
2026-07-25 17:44:05 - root - INFO - Health check called
2026-07-25 17:44:35 - root - INFO - Health check called
2026-07-25 17:45:05 - root - INFO - Health check called
2026-07-25 17:45:35 - root - INFO - Health check called
2026-07-25 17:46:05 - root - INFO - Health check called
2026-07-25 17:46:36 - root - INFO - Health check called
2026-07-25 17:47:06 - root - INFO - Health check called
2026-07-25 17:47:36 - root - INFO - Health check called
2026-07-25 17:48:06 - root - INFO - Health check called
2026-07-25 17:48:36 - root - INFO - Health check called
2026-07-25 17:49:06 - root - INFO - Health check called
2026-07-25 17:49:37 - root - INFO - Health check called
2026-07-25 17:49:46 - app.api.v1.endpoints.users - INFO - MODIFIED get_garage called, has_new_code=True
2026-07-25 17:50:07 - root - INFO - Health check called
2026-07-25 17:50:37 - root - INFO - Health check called
2026-07-25 17:51:07 - root - INFO - Health check called
2026-07-25 17:51:37 - root - INFO - Health check called
2026-07-25 17:52:07 - root - INFO - Health check called
2026-07-25 17:52:38 - root - INFO - Health check called
2026-07-25 17:53:08 - root - INFO - Health check called
2026-07-25 17:53:38 - root - INFO - Health check called
2026-07-25 17:54:08 - root - INFO - Health check called
2026-07-25 17:54:38 - root - INFO - Health check called
2026-07-25 17:55:08 - root - INFO - Health check called
2026-07-25 17:55:39 - root - INFO - Health check called
2026-07-25 17:56:09 - root - INFO - Health check called
2026-07-25 17:56:39 - root - INFO - Health check called
2026-07-25 17:57:09 - root - INFO - Health check called
2026-07-25 17:57:39 - root - INFO - Health check called
2026-07-25 17:58:09 - root - INFO - Health check called
2026-07-25 17:58:40 - root - INFO - Health check called
2026-07-25 17:59:10 - root - INFO - Health check called
2026-07-25 17:59:40 - root - INFO - Health check called
2026-07-25 18:00:10 - root - INFO - Health check called
2026-07-25 18:00:40 - root - INFO - Health check called
2026-07-25 18:01:10 - root - INFO - Health check called
2026-07-25 18:01:41 - root - INFO - Health check called
2026-07-25 18:02:11 - root - INFO - Health check called
2026-07-25 18:02:35 - app.api.v1.endpoints.users - INFO - MODIFIED get_garage called, has_new_code=True
2026-07-25 18:02:41 - root - INFO - Health check called
2026-07-25 18:03:11 - root - INFO - Health check called
2026-07-25 18:03:41 - root - INFO - Health check called
2026-07-25 18:04:11 - root - INFO - Health check called
2026-07-25 18:04:42 - root - INFO - Health check called
2026-07-25 18:05:12 - root - INFO - Health check called
2026-07-25 18:05:42 - root - INFO - Health check called
2026-07-25 18:06:12 - root - INFO - Health check called
2026-07-25 18:06:42 - root - INFO - Health check called
2026-07-25 18:07:12 - root - INFO - Health check called
2026-07-25 18:07:42 - root - INFO - Health check called
2026-07-25 18:08:13 - root - INFO - Health check called
2026-07-25 18:08:43 - root - INFO - Health check called
2026-07-25 18:09:13 - root - INFO - Health check called
2026-07-25 18:09:43 - root - INFO - Health check called
2026-07-25 18:10:13 - root - INFO - Health check called
2026-07-25 18:10:43 - root - INFO - Health check called
2026-07-25 18:11:07 - app.api.v1.endpoints.users - INFO - MODIFIED get_garage called, has_new_code=True
2026-07-25 18:11:14 - root - INFO - Health check called
2026-07-25 18:11:44 - root - INFO - Health check called
2026-07-25 18:12:14 - root - INFO - Health check called
2026-07-25 18:12:44 - root - INFO - Health check called
2026-07-25 18:13:14 - root - INFO - Health check called
2026-07-25 18:13:45 - root - INFO - Health check called
2026-07-25 18:14:15 - root - INFO - Health check called
2026-07-25 18:14:45 - root - INFO - Health check called
2026-07-25 18:15:15 - root - INFO - Health check called
2026-07-25 18:15:45 - root - INFO - Health check called
2026-07-25 18:16:15 - root - INFO - Health check called
2026-07-25 18:16:46 - root - INFO - Health check called
2026-07-25 18:17:02 - app.api.v1.endpoints.users - INFO - MODIFIED get_garage called, has_new_code=True
2026-07-25 18:17:16 - root - INFO - Health check called
2026-07-25 18:17:46 - root - INFO - Health check called
2026-07-25 18:18:16 - root - INFO - Health check called
2026-07-25 18:18:18 - httpx - INFO - HTTP Request: POST https://api.telegram.org/bot8379211548:AAG29fBQdrcR1sNXFCL-GpgnLYs4r5OlvFg/sendMessage "HTTP/1.1 200 OK"
2026-07-25 18:18:18 - app.services.notifications - INFO - Telegram notification sent to chat -5289950326
2026-07-25 18:18:18 - httpx - INFO - HTTP Request: POST https://api.telegram.org/bot8379211548:AAG29fBQdrcR1sNXFCL-GpgnLYs4r5OlvFg/sendMessage "HTTP/1.1 200 OK"
2026-07-25 18:18:18 - app.services.notifications - INFO - Telegram notification sent to customer 4 (chat 6127505419)
2026-07-25 18:18:46 - root - INFO - Health check called
2026-07-25 18:19:02 - httpx - INFO - HTTP Request: POST https://api.telegram.org/bot8379211548:AAG29fBQdrcR1sNXFCL-GpgnLYs4r5OlvFg/sendMessage "HTTP/1.1 200 OK"
2026-07-25 18:19:02 - app.services.notifications - INFO - Telegram notification sent to customer 4 (chat 6127505419)
2026-07-25 18:19:02 - httpx - INFO - HTTP Request: POST https://api.telegram.org/bot8379211548:AAG29fBQdrcR1sNXFCL-GpgnLYs4r5OlvFg/sendMessage "HTTP/1.1 200 OK"
2026-07-25 18:19:02 - app.services.notifications - INFO - Telegram notification sent to chat -5289950326
2026-07-25 18:19:14 - httpx - INFO - HTTP Request: POST https://api.telegram.org/bot8379211548:AAG29fBQdrcR1sNXFCL-GpgnLYs4r5OlvFg/sendMessage "HTTP/1.1 200 OK"
2026-07-25 18:19:14 - httpx - INFO - HTTP Request: POST https://api.telegram.org/bot8379211548:AAG29fBQdrcR1sNXFCL-GpgnLYs4r5OlvFg/sendMessage "HTTP/1.1 200 OK"
2026-07-25 18:19:14 - app.services.notifications - INFO - Telegram notification sent to customer 4 (chat 6127505419)
2026-07-25 18:19:14 - app.services.notifications - INFO - Telegram notification sent to chat -5289950326
2026-07-25 18:19:17 - root - INFO - Health check called
2026-07-25 18:19:23 - app.api.v1.endpoints.users - INFO - MODIFIED get_garage called, has_new_code=True
2026-07-25 18:19:47 - root - INFO - Health check called
2026-07-25 18:20:17 - root - INFO - Health check called
2026-07-25 18:20:47 - root - INFO - Health check called
2026-07-25 18:21:17 - root - INFO - Health check called
2026-07-25 18:21:47 - root - INFO - Health check called
2026-07-25 18:22:18 - root - INFO - Health check called
2026-07-25 18:22:48 - root - INFO - Health check called
2026-07-25 18:23:18 - root - INFO - Health check called
2026-07-25 18:23:48 - root - INFO - Health check called
2026-07-25 18:24:18 - root - INFO - Health check called
2026-07-25 18:24:33 - root - INFO - TELEGRAM_WEBHOOK_URL not set — skipping webhook registration
2026-07-25 18:24:42 - root - INFO - TELEGRAM_WEBHOOK_URL not set — skipping webhook registration
2026-07-25 18:24:44 - root - INFO - Health check called
2026-07-25 18:25:14 - root - INFO - Health check called
2026-07-25 18:25:44 - root - INFO - Health check called
2026-07-25 18:25:46 - app.api.v1.endpoints.users - INFO - MODIFIED get_garage called, has_new_code=True
2026-07-25 18:26:14 - root - INFO - Health check called
2026-07-25 18:26:22 - root - INFO - TELEGRAM_WEBHOOK_URL not set — skipping webhook registration
2026-07-25 18:26:22 - httpx - INFO - HTTP Request: POST http://testserver/api/v1/auth/login "HTTP/1.1 200 OK"
2026-07-25 18:26:22 - httpx - INFO - HTTP Request: GET http://testserver/api/v1/admin/dashboard "HTTP/1.1 200 OK"
2026-07-25 18:26:23 - root - INFO - TELEGRAM_WEBHOOK_URL not set — skipping webhook registration
2026-07-25 18:26:23 - httpx - INFO - HTTP Request: POST http://testserver/api/v1/auth/login "HTTP/1.1 200 OK"
2026-07-25 18:26:23 - httpx - INFO - HTTP Request: GET http://testserver/api/v1/admin/users "HTTP/1.1 200 OK"
2026-07-25 18:26:23 - root - INFO - TELEGRAM_WEBHOOK_URL not set — skipping webhook registration
2026-07-25 18:26:24 - httpx - INFO - HTTP Request: POST http://testserver/api/v1/auth/login "HTTP/1.1 200 OK"
2026-07-25 18:26:24 - httpx - INFO - HTTP Request: GET http://testserver/api/v1/admin/brands "HTTP/1.1 200 OK"
2026-07-25 18:26:24 - root - INFO - TELEGRAM_WEBHOOK_URL not set — skipping webhook registration
2026-07-25 18:26:24 - httpx - INFO - HTTP Request: POST http://testserver/api/v1/auth/login "HTTP/1.1 200 OK"
2026-07-25 18:26:24 - httpx - INFO - HTTP Request: GET http://testserver/api/v1/admin/products?page=1&page_size=10 "HTTP/1.1 200 OK"
2026-07-25 18:26:24 - root - INFO - TELEGRAM_WEBHOOK_URL not set — skipping webhook registration
2026-07-25 18:26:24 - httpx - INFO - HTTP Request: POST http://testserver/api/v1/auth/login "HTTP/1.1 200 OK"
2026-07-25 18:26:24 - httpx - INFO - HTTP Request: GET http://testserver/api/v1/admin/orders "HTTP/1.1 200 OK"
2026-07-25 18:26:24 - root - INFO - TELEGRAM_WEBHOOK_URL not set — skipping webhook registration
2026-07-25 18:26:25 - httpx - INFO - HTTP Request: POST http://testserver/api/v1/auth/login "HTTP/1.1 200 OK"
2026-07-25 18:26:25 - httpx - INFO - HTTP Request: GET http://testserver/api/v1/admin/dashboard "HTTP/1.1 200 OK"
2026-07-25 18:26:25 - root - INFO - TELEGRAM_WEBHOOK_URL not set — skipping webhook registration
2026-07-25 18:26:25 - httpx - INFO - HTTP Request: POST http://testserver/api/v1/auth/login "HTTP/1.1 200 OK"
2026-07-25 18:26:25 - httpx - INFO - HTTP Request: GET http://testserver/api/v1/admin/catalog/types "HTTP/1.1 200 OK"
2026-07-25 18:26:25 - root - INFO - TELEGRAM_WEBHOOK_URL not set — skipping webhook registration
2026-07-25 18:26:26 - httpx - INFO - HTTP Request: POST http://testserver/api/v1/auth/login "HTTP/1.1 200 OK"
2026-07-25 18:26:26 - httpx - INFO - HTTP Request: GET http://testserver/api/v1/admin/catalog/years?type=passenger "HTTP/1.1 200 OK"
2026-07-25 18:26:26 - root - INFO - TELEGRAM_WEBHOOK_URL not set — skipping webhook registration
2026-07-25 18:26:27 - httpx - INFO - HTTP Request: POST http://testserver/api/v1/auth/login "HTTP/1.1 200 OK"
2026-07-25 18:26:27 - httpx - INFO - HTTP Request: GET http://testserver/api/v1/admin/catalog/makes?type=passenger&year=2020 "HTTP/1.1 200 OK"
2026-07-25 18:26:27 - root - INFO - TELEGRAM_WEBHOOK_URL not set — skipping webhook registration
2026-07-25 18:26:27 - httpx - INFO - HTTP Request: POST http://testserver/api/v1/auth/login "HTTP/1.1 200 OK"
2026-07-25 18:26:27 - httpx - INFO - HTTP Request: GET http://testserver/api/v1/admin/categories "HTTP/1.1 200 OK"
2026-07-25 18:26:27 - root - INFO - TELEGRAM_WEBHOOK_URL not set — skipping webhook registration
2026-07-25 18:26:28 - httpx - INFO - HTTP Request: POST http://testserver/api/v1/auth/login "HTTP/1.1 200 OK"
2026-07-25 18:26:28 - httpx - INFO - HTTP Request: GET http://testserver/api/v1/admin/categories "HTTP/1.1 200 OK"
2026-07-25 18:26:28 - root - INFO - TELEGRAM_WEBHOOK_URL not set — skipping webhook registration
2026-07-25 18:26:29 - httpx - INFO - HTTP Request: POST http://testserver/api/v1/auth/login "HTTP/1.1 200 OK"
2026-07-25 18:26:29 - httpx - INFO - HTTP Request: POST http://testserver/api/v1/admin/categories "HTTP/1.1 200 OK"
2026-07-25 18:26:29 - root - INFO - TELEGRAM_WEBHOOK_URL not set — skipping webhook registration
2026-07-25 18:26:29 - httpx - INFO - HTTP Request: POST http://testserver/api/v1/auth/login "HTTP/1.1 200 OK"
2026-07-25 18:26:29 - httpx - INFO - HTTP Request: PUT http://testserver/api/v1/admin/categories/1 "HTTP/1.1 200 OK"
2026-07-25 18:26:29 - root - INFO - TELEGRAM_WEBHOOK_URL not set — skipping webhook registration
2026-07-25 18:26:30 - httpx - INFO - HTTP Request: POST http://testserver/api/v1/auth/login "HTTP/1.1 200 OK"
2026-07-25 18:26:30 - httpx - INFO - HTTP Request: PUT http://testserver/api/v1/admin/categories/99999 "HTTP/1.1 404 Not Found"
2026-07-25 18:26:30 - root - INFO - TELEGRAM_WEBHOOK_URL not set — skipping webhook registration
2026-07-25 18:26:30 - httpx - INFO - HTTP Request: POST http://testserver/api/v1/auth/login "HTTP/1.1 200 OK"
2026-07-25 18:26:30 - httpx - INFO - HTTP Request: DELETE http://testserver/api/v1/admin/categories/1 "HTTP/1.1 200 OK"
2026-07-25 18:26:30 - root - INFO - TELEGRAM_WEBHOOK_URL not set — skipping webhook registration
2026-07-25 18:26:31 - httpx - INFO - HTTP Request: POST http://testserver/api/v1/auth/login "HTTP/1.1 200 OK"
2026-07-25 18:26:31 - httpx - INFO - HTTP Request: DELETE http://testserver/api/v1/admin/categories/99999 "HTTP/1.1 404 Not Found"
2026-07-25 18:26:31 - root - INFO - TELEGRAM_WEBHOOK_URL not set — skipping webhook registration
2026-07-25 18:26:31 - httpx - INFO - HTTP Request: POST http://testserver/api/v1/auth/login "HTTP/1.1 200 OK"
2026-07-25 18:26:31 - httpx - INFO - HTTP Request: GET http://testserver/api/v1/admin/categories "HTTP/1.1 403 Forbidden"
2026-07-25 18:26:31 - root - INFO - TELEGRAM_WEBHOOK_URL not set — skipping webhook registration
2026-07-25 18:26:32 - httpx - INFO - HTTP Request: POST http://testserver/api/v1/auth/login "HTTP/1.1 200 OK"
2026-07-25 18:26:32 - httpx - INFO - HTTP Request: GET http://testserver/api/v1/admin/imports "HTTP/1.1 200 OK"
2026-07-25 18:26:32 - root - INFO - TELEGRAM_WEBHOOK_URL not set — skipping webhook registration
2026-07-25 18:26:33 - httpx - INFO - HTTP Request: POST http://testserver/api/v1/auth/login "HTTP/1.1 200 OK"
2026-07-25 18:26:33 - httpx - INFO - HTTP Request: GET http://testserver/api/v1/admin/imports "HTTP/1.1 200 OK"
2026-07-25 18:26:33 - root - INFO - TELEGRAM_WEBHOOK_URL not set — skipping webhook registration
2026-07-25 18:26:33 - httpx - INFO - HTTP Request: POST http://testserver/api/v1/auth/login "HTTP/1.1 200 OK"
2026-07-25 18:26:33 - httpx - INFO - HTTP Request: GET http://testserver/api/v1/admin/imports?supplier=GPL "HTTP/1.1 200 OK"
2026-07-25 18:26:33 - root - INFO - TELEGRAM_WEBHOOK_URL not set — skipping webhook registration
2026-07-25 18:26:34 - httpx - INFO - HTTP Request: POST http://testserver/api/v1/auth/login "HTTP/1.1 200 OK"
2026-07-25 18:26:34 - httpx - INFO - HTTP Request: GET http://testserver/api/v1/admin/imports "HTTP/1.1 403 Forbidden"
2026-07-25 18:26:34 - root - INFO - TELEGRAM_WEBHOOK_URL not set — skipping webhook registration
2026-07-25 18:26:34 - httpx - INFO - HTTP Request: POST http://testserver/api/v1/auth/login "HTTP/1.1 200 OK"
2026-07-25 18:26:34 - httpx - INFO - HTTP Request: GET http://testserver/api/v1/admin/imports/99999/download "HTTP/1.1 404 Not Found"
2026-07-25 18:26:34 - root - INFO - TELEGRAM_WEBHOOK_URL not set — skipping webhook registration
2026-07-25 18:26:35 - httpx - INFO - HTTP Request: POST http://testserver/api/v1/auth/login "HTTP/1.1 200 OK"
2026-07-25 18:26:35 - httpx - INFO - HTTP Request: GET http://testserver/api/v1/admin/imports/1/download "HTTP/1.1 404 Not Found"
2026-07-25 18:26:35 - root - INFO - TELEGRAM_WEBHOOK_URL not set — skipping webhook registration
2026-07-25 18:26:36 - httpx - INFO - HTTP Request: POST http://testserver/api/v1/auth/login "HTTP/1.1 200 OK"
2026-07-25 18:26:36 - httpx - INFO - HTTP Request: POST http://testserver/api/v1/admin/imports/99999/promote "HTTP/1.1 404 Not Found"
2026-07-25 18:26:36 - root - INFO - TELEGRAM_WEBHOOK_URL not set — skipping webhook registration
2026-07-25 18:26:36 - httpx - INFO - HTTP Request: POST http://testserver/api/v1/auth/login "HTTP/1.1 200 OK"
2026-07-25 18:26:36 - httpx - INFO - HTTP Request: POST http://testserver/api/v1/admin/imports/1/promote "HTTP/1.1 200 OK"
2026-07-25 18:26:36 - root - INFO - TELEGRAM_WEBHOOK_URL not set — skipping webhook registration
2026-07-25 18:26:37 - httpx - INFO - HTTP Request: POST http://testserver/api/v1/auth/login "HTTP/1.1 200 OK"
2026-07-25 18:26:37 - httpx - INFO - HTTP Request: DELETE http://testserver/api/v1/admin/imports/99999 "HTTP/1.1 404 Not Found"
2026-07-25 18:26:37 - root - INFO - TELEGRAM_WEBHOOK_URL not set — skipping webhook registration
2026-07-25 18:26:38 - httpx - INFO - HTTP Request: POST http://testserver/api/v1/auth/login "HTTP/1.1 200 OK"
2026-07-25 18:26:38 - httpx - INFO - HTTP Request: DELETE http://testserver/api/v1/admin/imports/1 "HTTP/1.1 200 OK"
2026-07-25 18:26:38 - root - INFO - TELEGRAM_WEBHOOK_URL not set — skipping webhook registration
2026-07-25 18:26:38 - httpx - INFO - HTTP Request: POST http://testserver/api/v1/auth/login "HTTP/1.1 200 OK"
2026-07-25 18:26:38 - httpx - INFO - HTTP Request: GET http://testserver/api/v1/admin/orders "HTTP/1.1 200 OK"
2026-07-25 18:26:38 - root - INFO - TELEGRAM_WEBHOOK_URL not set — skipping webhook registration
2026-07-25 18:26:39 - httpx - INFO - HTTP Request: POST http://testserver/api/v1/auth/login "HTTP/1.1 200 OK"
2026-07-25 18:26:39 - httpx - INFO - HTTP Request: GET http://testserver/api/v1/admin/orders "HTTP/1.1 200 OK"
2026-07-25 18:26:39 - root - INFO - TELEGRAM_WEBHOOK_URL not set — skipping webhook registration
2026-07-25 18:26:40 - httpx - INFO - HTTP Request: POST http://testserver/api/v1/auth/login "HTTP/1.1 200 OK"
2026-07-25 18:26:40 - httpx - INFO - HTTP Request: GET http://testserver/api/v1/admin/orders?status=pending "HTTP/1.1 200 OK"
2026-07-25 18:26:40 - root - INFO - TELEGRAM_WEBHOOK_URL not set — skipping webhook registration
2026-07-25 18:26:41 - httpx - INFO - HTTP Request: POST http://testserver/api/v1/auth/login "HTTP/1.1 200 OK"
2026-07-25 18:26:41 - httpx - INFO - HTTP Request: GET http://testserver/api/v1/admin/orders?search=Petrov "HTTP/1.1 200 OK"
2026-07-25 18:26:41 - root - INFO - TELEGRAM_WEBHOOK_URL not set — skipping webhook registration
2026-07-25 18:26:42 - httpx - INFO - HTTP Request: POST http://testserver/api/v1/auth/login "HTTP/1.1 200 OK"
2026-07-25 18:26:42 - httpx - INFO - HTTP Request: GET http://testserver/api/v1/admin/orders?search=1 "HTTP/1.1 200 OK"
2026-07-25 18:26:42 - root - INFO - TELEGRAM_WEBHOOK_URL not set — skipping webhook registration
2026-07-25 18:26:42 - httpx - INFO - HTTP Request: POST http://testserver/api/v1/auth/login "HTTP/1.1 200 OK"
2026-07-25 18:26:42 - httpx - INFO - HTTP Request: GET http://testserver/api/v1/admin/orders?page=1&page_size=3 "HTTP/1.1 200 OK"
2026-07-25 18:26:42 - root - INFO - TELEGRAM_WEBHOOK_URL not set — skipping webhook registration
2026-07-25 18:26:43 - httpx - INFO - HTTP Request: POST http://testserver/api/v1/auth/login "HTTP/1.1 200 OK"
2026-07-25 18:26:43 - httpx - INFO - HTTP Request: GET http://testserver/api/v1/admin/orders/1 "HTTP/1.1 200 OK"
2026-07-25 18:26:43 - root - INFO - TELEGRAM_WEBHOOK_URL not set — skipping webhook registration
2026-07-25 18:26:44 - httpx - INFO - HTTP Request: POST http://testserver/api/v1/auth/login "HTTP/1.1 200 OK"
2026-07-25 18:26:44 - httpx - INFO - HTTP Request: GET http://testserver/api/v1/admin/orders/99999 "HTTP/1.1 404 Not Found"
2026-07-25 18:26:44 - root - INFO - TELEGRAM_WEBHOOK_URL not set — skipping webhook registration
2026-07-25 18:26:44 - httpx - INFO - HTTP Request: POST http://testserver/api/v1/auth/login "HTTP/1.1 200 OK"
2026-07-25 18:26:44 - httpx - INFO - HTTP Request: PUT http://testserver/api/v1/admin/orders/1 "HTTP/1.1 200 OK"
2026-07-25 18:26:44 - root - INFO - TELEGRAM_WEBHOOK_URL not set — skipping webhook registration
2026-07-25 18:26:44 - root - INFO - Health check called
2026-07-25 18:26:45 - httpx - INFO - HTTP Request: POST http://testserver/api/v1/auth/login "HTTP/1.1 200 OK"
2026-07-25 18:26:45 - httpx - INFO - HTTP Request: PUT http://testserver/api/v1/admin/orders/99999 "HTTP/1.1 404 Not Found"
2026-07-25 18:26:45 - root - INFO - TELEGRAM_WEBHOOK_URL not set — skipping webhook registration
2026-07-25 18:26:46 - httpx - INFO - HTTP Request: POST http://testserver/api/v1/auth/login "HTTP/1.1 200 OK"
2026-07-25 18:26:46 - httpx - INFO - HTTP Request: PUT http://testserver/api/v1/admin/orders/1/status "HTTP/1.1 200 OK"
2026-07-25 18:26:46 - root - INFO - TELEGRAM_WEBHOOK_URL not set — skipping webhook registration
2026-07-25 18:26:47 - httpx - INFO - HTTP Request: POST http://testserver/api/v1/auth/login "HTTP/1.1 200 OK"
2026-07-25 18:26:47 - httpx - INFO - HTTP Request: PUT http://testserver/api/v1/admin/orders/1/status "HTTP/1.1 400 Bad Request"
2026-07-25 18:26:47 - root - INFO - TELEGRAM_WEBHOOK_URL not set — skipping webhook registration
2026-07-25 18:26:47 - httpx - INFO - HTTP Request: POST http://testserver/api/v1/auth/login "HTTP/1.1 200 OK"
2026-07-25 18:26:47 - httpx - INFO - HTTP Request: PUT http://testserver/api/v1/admin/orders/99999/status "HTTP/1.1 404 Not Found"
2026-07-25 18:26:47 - root - INFO - TELEGRAM_WEBHOOK_URL not set — skipping webhook registration
2026-07-25 18:26:48 - httpx - INFO - HTTP Request: POST http://testserver/api/v1/auth/login "HTTP/1.1 200 OK"
2026-07-25 18:26:48 - httpx - INFO - HTTP Request: GET http://testserver/api/v1/admin/orders/1/history "HTTP/1.1 200 OK"
2026-07-25 18:26:48 - root - INFO - TELEGRAM_WEBHOOK_URL not set — skipping webhook registration
2026-07-25 18:26:49 - httpx - INFO - HTTP Request: POST http://testserver/api/v1/auth/login "HTTP/1.1 200 OK"
2026-07-25 18:26:49 - httpx - INFO - HTTP Request: GET http://testserver/api/v1/admin/orders "HTTP/1.1 403 Forbidden"
2026-07-25 18:26:49 - root - INFO - TELEGRAM_WEBHOOK_URL not set — skipping webhook registration
2026-07-25 18:26:49 - httpx - INFO - HTTP Request: POST http://testserver/api/v1/auth/login "HTTP/1.1 200 OK"
2026-07-25 18:26:49 - httpx - INFO - HTTP Request: GET http://testserver/api/v1/admin/pricing/general "HTTP/1.1 200 OK"
2026-07-25 18:26:49 - root - INFO - TELEGRAM_WEBHOOK_URL not set — skipping webhook registration
2026-07-25 18:26:50 - httpx - INFO - HTTP Request: POST http://testserver/api/v1/auth/login "HTTP/1.1 200 OK"
2026-07-25 18:26:50 - httpx - INFO - HTTP Request: PUT http://testserver/api/v1/admin/pricing/general "HTTP/1.1 200 OK"
2026-07-25 18:26:50 - root - INFO - TELEGRAM_WEBHOOK_URL not set — skipping webhook registration
2026-07-25 18:26:50 - httpx - INFO - HTTP Request: POST http://testserver/api/v1/auth/login "HTTP/1.1 200 OK"
2026-07-25 18:26:50 - httpx - INFO - HTTP Request: GET http://testserver/api/v1/admin/pricing/general "HTTP/1.1 403 Forbidden"
2026-07-25 18:26:50 - root - INFO - TELEGRAM_WEBHOOK_URL not set — skipping webhook registration
2026-07-25 18:26:51 - httpx - INFO - HTTP Request: POST http://testserver/api/v1/auth/login "HTTP/1.1 200 OK"
2026-07-25 18:26:51 - httpx - INFO - HTTP Request: GET http://testserver/api/v1/admin/pricing/categories "HTTP/1.1 200 OK"
2026-07-25 18:26:51 - root - INFO - TELEGRAM_WEBHOOK_URL not set — skipping webhook registration
2026-07-25 18:26:52 - httpx - INFO - HTTP Request: POST http://testserver/api/v1/auth/login "HTTP/1.1 200 OK"
2026-07-25 18:26:52 - httpx - INFO - HTTP Request: PUT http://testserver/api/v1/admin/pricing/categories/1 "HTTP/1.1 200 OK"
2026-07-25 18:26:52 - root - INFO - TELEGRAM_WEBHOOK_URL not set — skipping webhook registration
2026-07-25 18:26:52 - httpx - INFO - HTTP Request: POST http://testserver/api/v1/auth/login "HTTP/1.1 200 OK"
2026-07-25 18:26:52 - httpx - INFO - HTTP Request: GET http://testserver/api/v1/admin/pricing/history "HTTP/1.1 200 OK"
2026-07-25 18:26:52 - root - INFO - TELEGRAM_WEBHOOK_URL not set — skipping webhook registration
2026-07-25 18:26:53 - httpx - INFO - HTTP Request: POST http://testserver/api/v1/auth/login "HTTP/1.1 200 OK"
2026-07-25 18:26:53 - httpx - INFO - HTTP Request: GET http://testserver/api/v1/admin/pricing/history?type=category&category_id=1 "HTTP/1.1 200 OK"
2026-07-25 18:26:53 - root - INFO - TELEGRAM_WEBHOOK_URL not set — skipping webhook registration
2026-07-25 18:26:54 - httpx - INFO - HTTP Request: POST http://testserver/api/v1/auth/login "HTTP/1.1 200 OK"
2026-07-25 18:26:54 - httpx - INFO - HTTP Request: GET http://testserver/api/v1/admin/pricing/applied-history "HTTP/1.1 200 OK"
2026-07-25 18:26:54 - root - INFO - TELEGRAM_WEBHOOK_URL not set — skipping webhook registration
2026-07-25 18:26:55 - httpx - INFO - HTTP Request: POST http://testserver/api/v1/auth/login "HTTP/1.1 200 OK"
2026-07-25 18:26:55 - httpx - INFO - HTTP Request: GET http://testserver/api/v1/admin/products "HTTP/1.1 200 OK"
2026-07-25 18:26:55 - root - INFO - TELEGRAM_WEBHOOK_URL not set — skipping webhook registration
2026-07-25 18:26:55 - httpx - INFO - HTTP Request: POST http://testserver/api/v1/auth/login "HTTP/1.1 200 OK"
2026-07-25 18:26:55 - httpx - INFO - HTTP Request: GET http://testserver/api/v1/admin/products "HTTP/1.1 200 OK"
2026-07-25 18:26:55 - root - INFO - TELEGRAM_WEBHOOK_URL not set — skipping webhook registration
2026-07-25 18:26:56 - httpx - INFO - HTTP Request: POST http://testserver/api/v1/auth/login "HTTP/1.1 200 OK"
2026-07-25 18:26:56 - httpx - INFO - HTTP Request: GET http://testserver/api/v1/admin/products "HTTP/1.1 403 Forbidden"
2026-07-25 18:26:56 - root - INFO - TELEGRAM_WEBHOOK_URL not set — skipping webhook registration
2026-07-25 18:26:56 - httpx - INFO - HTTP Request: POST http://testserver/api/v1/auth/login "HTTP/1.1 200 OK"
2026-07-25 18:26:56 - httpx - INFO - HTTP Request: DELETE http://testserver/api/v1/admin/products/1 "HTTP/1.1 200 OK"
2026-07-25 18:26:56 - root - INFO - TELEGRAM_WEBHOOK_URL not set — skipping webhook registration
2026-07-25 18:26:57 - httpx - INFO - HTTP Request: POST http://testserver/api/v1/auth/login "HTTP/1.1 200 OK"
2026-07-25 18:26:57 - httpx - INFO - HTTP Request: DELETE http://testserver/api/v1/admin/products/99999 "HTTP/1.1 404 Not Found"
2026-07-25 18:26:57 - root - INFO - TELEGRAM_WEBHOOK_URL not set — skipping webhook registration
2026-07-25 18:26:58 - httpx - INFO - HTTP Request: POST http://testserver/api/v1/auth/login "HTTP/1.1 200 OK"
2026-07-25 18:26:58 - httpx - INFO - HTTP Request: GET http://testserver/api/v1/admin/roles "HTTP/1.1 200 OK"
2026-07-25 18:26:58 - root - INFO - TELEGRAM_WEBHOOK_URL not set — skipping webhook registration
2026-07-25 18:26:58 - httpx - INFO - HTTP Request: POST http://testserver/api/v1/auth/login "HTTP/1.1 200 OK"
2026-07-25 18:26:58 - httpx - INFO - HTTP Request: GET http://testserver/api/v1/admin/roles "HTTP/1.1 403 Forbidden"
2026-07-25 18:26:58 - root - INFO - TELEGRAM_WEBHOOK_URL not set — skipping webhook registration
2026-07-25 18:26:59 - httpx - INFO - HTTP Request: POST http://testserver/api/v1/auth/login "HTTP/1.1 200 OK"
2026-07-25 18:26:59 - httpx - INFO - HTTP Request: POST http://testserver/api/v1/admin/roles "HTTP/1.1 200 OK"
2026-07-25 18:26:59 - root - INFO - TELEGRAM_WEBHOOK_URL not set — skipping webhook registration
2026-07-25 18:26:59 - httpx - INFO - HTTP Request: POST http://testserver/api/v1/auth/login "HTTP/1.1 200 OK"
2026-07-25 18:26:59 - httpx - INFO - HTTP Request: POST http://testserver/api/v1/admin/roles "HTTP/1.1 200 OK"
2026-07-25 18:26:59 - httpx - INFO - HTTP Request: POST http://testserver/api/v1/admin/roles "HTTP/1.1 400 Bad Request"
2026-07-25 18:26:59 - root - INFO - TELEGRAM_WEBHOOK_URL not set — skipping webhook registration
2026-07-25 18:27:00 - httpx - INFO - HTTP Request: POST http://testserver/api/v1/auth/login "HTTP/1.1 200 OK"
2026-07-25 18:27:00 - httpx - INFO - HTTP Request: POST http://testserver/api/v1/admin/roles "HTTP/1.1 200 OK"
2026-07-25 18:27:00 - httpx - INFO - HTTP Request: PUT http://testserver/api/v1/admin/roles/2 "HTTP/1.1 200 OK"
2026-07-25 18:27:00 - root - INFO - TELEGRAM_WEBHOOK_URL not set — skipping webhook registration
2026-07-25 18:27:01 - httpx - INFO - HTTP Request: POST http://testserver/api/v1/auth/login "HTTP/1.1 200 OK"
2026-07-25 18:27:01 - httpx - INFO - HTTP Request: PUT http://testserver/api/v1/admin/roles/99999 "HTTP/1.1 404 Not Found"
2026-07-25 18:27:01 - root - INFO - TELEGRAM_WEBHOOK_URL not set — skipping webhook registration
2026-07-25 18:27:01 - httpx - INFO - HTTP Request: POST http://testserver/api/v1/auth/login "HTTP/1.1 200 OK"
2026-07-25 18:27:01 - httpx - INFO - HTTP Request: POST http://testserver/api/v1/admin/roles "HTTP/1.1 200 OK"
2026-07-25 18:27:01 - httpx - INFO - HTTP Request: DELETE http://testserver/api/v1/admin/roles/2 "HTTP/1.1 200 OK"
2026-07-25 18:27:01 - root - INFO - TELEGRAM_WEBHOOK_URL not set — skipping webhook registration
2026-07-25 18:27:02 - httpx - INFO - HTTP Request: POST http://testserver/api/v1/auth/login "HTTP/1.1 200 OK"
2026-07-25 18:27:02 - httpx - INFO - HTTP Request: DELETE http://testserver/api/v1/admin/roles/99999 "HTTP/1.1 404 Not Found"
2026-07-25 18:27:02 - root - INFO - TELEGRAM_WEBHOOK_URL not set — skipping webhook registration
2026-07-25 18:27:03 - httpx - INFO - HTTP Request: POST http://testserver/api/v1/auth/login "HTTP/1.1 200 OK"
2026-07-25 18:27:03 - httpx - INFO - HTTP Request: GET http://testserver/api/v1/admin/permissions "HTTP/1.1 200 OK"
2026-07-25 18:27:03 - root - INFO - TELEGRAM_WEBHOOK_URL not set — skipping webhook registration
2026-07-25 18:27:03 - httpx - INFO - HTTP Request: POST http://testserver/api/v1/auth/login "HTTP/1.1 200 OK"
2026-07-25 18:27:03 - httpx - INFO - HTTP Request: GET http://testserver/api/v1/admin/schedules "HTTP/1.1 200 OK"
2026-07-25 18:27:03 - root - INFO - TELEGRAM_WEBHOOK_URL not set — skipping webhook registration
2026-07-25 18:27:04 - httpx - INFO - HTTP Request: POST http://testserver/api/v1/auth/login "HTTP/1.1 200 OK"
2026-07-25 18:27:04 - httpx - INFO - HTTP Request: GET http://testserver/api/v1/admin/schedules "HTTP/1.1 200 OK"
2026-07-25 18:27:04 - root - INFO - TELEGRAM_WEBHOOK_URL not set — skipping webhook registration
2026-07-25 18:27:04 - httpx - INFO - HTTP Request: POST http://testserver/api/v1/auth/login "HTTP/1.1 200 OK"
2026-07-25 18:27:04 - httpx - INFO - HTTP Request: GET http://testserver/api/v1/admin/schedules "HTTP/1.1 403 Forbidden"
2026-07-25 18:27:04 - root - INFO - TELEGRAM_WEBHOOK_URL not set — skipping webhook registration
2026-07-25 18:27:05 - httpx - INFO - HTTP Request: POST http://testserver/api/v1/auth/login "HTTP/1.1 200 OK"
2026-07-25 18:27:05 - httpx - INFO - HTTP Request: PUT http://testserver/api/v1/admin/schedules/UTR "HTTP/1.1 200 OK"
2026-07-25 18:27:05 - root - INFO - TELEGRAM_WEBHOOK_URL not set — skipping webhook registration
2026-07-25 18:27:05 - httpx - INFO - HTTP Request: POST http://testserver/api/v1/auth/login "HTTP/1.1 200 OK"
2026-07-25 18:27:05 - httpx - INFO - HTTP Request: PUT http://testserver/api/v1/admin/schedules/UNKNOWN "HTTP/1.1 404 Not Found"
2026-07-25 18:27:05 - root - INFO - TELEGRAM_WEBHOOK_URL not set — skipping webhook registration
2026-07-25 18:27:06 - httpx - INFO - HTTP Request: POST http://testserver/api/v1/auth/login "HTTP/1.1 200 OK"
2026-07-25 18:27:06 - httpx - INFO - HTTP Request: POST http://testserver/api/v1/admin/schedules/UNKNOWN/run "HTTP/1.1 404 Not Found"
2026-07-25 18:27:06 - root - INFO - TELEGRAM_WEBHOOK_URL not set — skipping webhook registration
2026-07-25 18:27:07 - httpx - INFO - HTTP Request: POST http://testserver/api/v1/auth/login "HTTP/1.1 200 OK"
2026-07-25 18:27:07 - httpx - INFO - HTTP Request: GET http://testserver/api/v1/admin/suppliers "HTTP/1.1 200 OK"
2026-07-25 18:27:07 - root - INFO - TELEGRAM_WEBHOOK_URL not set — skipping webhook registration
2026-07-25 18:27:07 - httpx - INFO - HTTP Request: POST http://testserver/api/v1/auth/login "HTTP/1.1 200 OK"
2026-07-25 18:27:07 - httpx - INFO - HTTP Request: GET http://testserver/api/v1/admin/suppliers "HTTP/1.1 200 OK"
2026-07-25 18:27:07 - root - INFO - TELEGRAM_WEBHOOK_URL not set — skipping webhook registration
2026-07-25 18:27:08 - httpx - INFO - HTTP Request: POST http://testserver/api/v1/auth/login "HTTP/1.1 200 OK"
2026-07-25 18:27:08 - httpx - INFO - HTTP Request: GET http://testserver/api/v1/admin/suppliers "HTTP/1.1 403 Forbidden"
2026-07-25 18:27:08 - root - INFO - TELEGRAM_WEBHOOK_URL not set — skipping webhook registration
2026-07-25 18:27:08 - httpx - INFO - HTTP Request: POST http://testserver/api/v1/auth/login "HTTP/1.1 200 OK"
2026-07-25 18:27:08 - httpx - INFO - HTTP Request: PUT http://testserver/api/v1/admin/suppliers/GPL "HTTP/1.1 200 OK"
2026-07-25 18:27:08 - root - INFO - TELEGRAM_WEBHOOK_URL not set — skipping webhook registration
2026-07-25 18:27:09 - httpx - INFO - HTTP Request: POST http://testserver/api/v1/auth/login "HTTP/1.1 200 OK"
2026-07-25 18:27:09 - httpx - INFO - HTTP Request: PUT http://testserver/api/v1/admin/suppliers/UNKNOWN "HTTP/1.1 404 Not Found"
2026-07-25 18:27:09 - root - INFO - TELEGRAM_WEBHOOK_URL not set — skipping webhook registration
2026-07-25 18:27:10 - httpx - INFO - HTTP Request: POST http://testserver/api/v1/auth/login "HTTP/1.1 200 OK"
2026-07-25 18:27:10 - httpx - INFO - HTTP Request: GET http://testserver/api/v1/admin/suppliers/GPL/token-status "HTTP/1.1 200 OK"
2026-07-25 18:27:10 - root - INFO - TELEGRAM_WEBHOOK_URL not set — skipping webhook registration
2026-07-25 18:27:10 - httpx - INFO - HTTP Request: POST http://testserver/api/v1/auth/login "HTTP/1.1 200 OK"
2026-07-25 18:27:10 - httpx - INFO - HTTP Request: GET http://testserver/api/v1/admin/suppliers/UNKNOWN/token-status "HTTP/1.1 404 Not Found"
2026-07-25 18:27:10 - root - INFO - TELEGRAM_WEBHOOK_URL not set — skipping webhook registration
2026-07-25 18:27:11 - httpx - INFO - HTTP Request: POST http://testserver/api/v1/auth/login "HTTP/1.1 200 OK"
2026-07-25 18:27:12 - httpx - INFO - HTTP Request: GET http://testserver/api/v1/admin/workers "HTTP/1.1 200 OK"
2026-07-25 18:27:12 - root - INFO - TELEGRAM_WEBHOOK_URL not set — skipping webhook registration
2026-07-25 18:27:12 - httpx - INFO - HTTP Request: POST http://testserver/api/v1/auth/login "HTTP/1.1 200 OK"
2026-07-25 18:27:12 - httpx - INFO - HTTP Request: GET http://testserver/api/v1/admin/workers "HTTP/1.1 403 Forbidden"
2026-07-25 18:27:12 - root - INFO - TELEGRAM_WEBHOOK_URL not set — skipping webhook registration
2026-07-25 18:27:13 - httpx - INFO - HTTP Request: POST http://testserver/api/v1/auth/login "HTTP/1.1 200 OK"
2026-07-25 18:27:13 - httpx - INFO - HTTP Request: POST http://testserver/api/v1/admin/workers/tasks/fake-task-id/revoke "HTTP/1.1 200 OK"
2026-07-25 18:27:13 - root - INFO - TELEGRAM_WEBHOOK_URL not set — skipping webhook registration
2026-07-25 18:27:14 - httpx - INFO - HTTP Request: POST http://testserver/api/v1/auth/login "HTTP/1.1 200 OK"
2026-07-25 18:27:14 - httpx - INFO - HTTP Request: POST http://testserver/api/v1/admin/workers/restart "HTTP/1.1 200 OK"
2026-07-25 18:27:15 - root - INFO - Health check called
2026-07-25 18:27:15 - root - INFO - TELEGRAM_WEBHOOK_URL not set — skipping webhook registration
2026-07-25 18:27:15 - httpx - INFO - HTTP Request: POST http://testserver/api/v1/auth/register "HTTP/1.1 200 OK"
2026-07-25 18:27:15 - root - INFO - TELEGRAM_WEBHOOK_URL not set — skipping webhook registration
2026-07-25 18:27:16 - httpx - INFO - HTTP Request: POST http://testserver/api/v1/auth/login "HTTP/1.1 200 OK"
2026-07-25 18:27:16 - root - INFO - TELEGRAM_WEBHOOK_URL not set — skipping webhook registration
2026-07-25 18:27:16 - httpx - INFO - HTTP Request: POST http://testserver/api/v1/auth/login "HTTP/1.1 401 Unauthorized"
2026-07-25 18:27:16 - root - INFO - TELEGRAM_WEBHOOK_URL not set — skipping webhook registration
2026-07-25 18:27:16 - httpx - INFO - HTTP Request: POST http://testserver/api/v1/auth/register "HTTP/1.1 400 Bad Request"
2026-07-25 18:27:16 - root - INFO - TELEGRAM_WEBHOOK_URL not set — skipping webhook registration
2026-07-25 18:27:16 - httpx - INFO - HTTP Request: POST http://testserver/api/v1/auth/login "HTTP/1.1 200 OK"
2026-07-25 18:27:16 - httpx - INFO - HTTP Request: GET http://testserver/api/v1/users/me "HTTP/1.1 200 OK"
2026-07-25 18:27:16 - root - INFO - TELEGRAM_WEBHOOK_URL not set — skipping webhook registration
2026-07-25 18:27:17 - httpx - INFO - HTTP Request: POST http://testserver/api/v1/auth/login "HTTP/1.1 200 OK"
2026-07-25 18:27:17 - httpx - INFO - HTTP Request: POST http://testserver/api/v1/users/change-password "HTTP/1.1 200 OK"
2026-07-25 18:27:17 - root - INFO - TELEGRAM_WEBHOOK_URL not set — skipping webhook registration
2026-07-25 18:27:17 - httpx - INFO - HTTP Request: POST http://testserver/api/v1/auth/login "HTTP/1.1 200 OK"
2026-07-25 18:27:18 - httpx - INFO - HTTP Request: POST http://testserver/api/v1/users/change-password "HTTP/1.1 400 Bad Request"
2026-07-25 18:27:18 - root - INFO - TELEGRAM_WEBHOOK_URL not set — skipping webhook registration
2026-07-25 18:27:18 - httpx - INFO - HTTP Request: POST http://testserver/api/v1/auth/login "HTTP/1.1 200 OK"
2026-07-25 18:27:18 - httpx - INFO - HTTP Request: GET http://testserver/api/v1/cart/ "HTTP/1.1 200 OK"
2026-07-25 18:27:18 - root - INFO - TELEGRAM_WEBHOOK_URL not set — skipping webhook registration
2026-07-25 18:27:18 - httpx - INFO - HTTP Request: POST http://testserver/api/v1/auth/login "HTTP/1.1 200 OK"
2026-07-25 18:27:18 - httpx - INFO - HTTP Request: POST http://testserver/api/v1/cart/add "HTTP/1.1 200 OK"
2026-07-25 18:27:18 - root - INFO - TELEGRAM_WEBHOOK_URL not set — skipping webhook registration
2026-07-25 18:27:19 - httpx - INFO - HTTP Request: POST http://testserver/api/v1/auth/login "HTTP/1.1 200 OK"
2026-07-25 18:27:19 - httpx - INFO - HTTP Request: POST http://testserver/api/v1/cart/add "HTTP/1.1 200 OK"
2026-07-25 18:27:19 - httpx - INFO - HTTP Request: GET http://testserver/api/v1/cart/ "HTTP/1.1 200 OK"
2026-07-25 18:27:19 - httpx - INFO - HTTP Request: PUT http://testserver/api/v1/cart/1 "HTTP/1.1 200 OK"
2026-07-25 18:27:19 - root - INFO - TELEGRAM_WEBHOOK_URL not set — skipping webhook registration
2026-07-25 18:27:19 - httpx - INFO - HTTP Request: POST http://testserver/api/v1/auth/login "HTTP/1.1 200 OK"
2026-07-25 18:27:19 - httpx - INFO - HTTP Request: POST http://testserver/api/v1/cart/add "HTTP/1.1 200 OK"
2026-07-25 18:27:19 - httpx - INFO - HTTP Request: GET http://testserver/api/v1/cart/ "HTTP/1.1 200 OK"
2026-07-25 18:27:19 - httpx - INFO - HTTP Request: DELETE http://testserver/api/v1/cart/1 "HTTP/1.1 200 OK"
2026-07-25 18:27:19 - root - INFO - TELEGRAM_WEBHOOK_URL not set — skipping webhook registration
2026-07-25 18:27:19 - httpx - INFO - HTTP Request: GET http://testserver/api/v1/cart/ "HTTP/1.1 401 Unauthorized"
2026-07-25 18:27:20 - root - INFO - TELEGRAM_WEBHOOK_URL not set — skipping webhook registration
2026-07-25 18:27:20 - httpx - INFO - HTTP Request: GET http://testserver/api/v1/catalog/makes "HTTP/1.1 200 OK"
2026-07-25 18:27:20 - root - INFO - TELEGRAM_WEBHOOK_URL not set — skipping webhook registration
2026-07-25 18:27:20 - httpx - INFO - HTTP Request: GET http://testserver/api/v1/catalog/models/1 "HTTP/1.1 200 OK"
2026-07-25 18:27:20 - root - INFO - TELEGRAM_WEBHOOK_URL not set — skipping webhook registration
2026-07-25 18:27:20 - httpx - INFO - HTTP Request: GET http://testserver/api/v1/catalog/makes "HTTP/1.1 200 OK"
2026-07-25 18:27:20 - root - INFO - TELEGRAM_WEBHOOK_URL not set — skipping webhook registration
2026-07-25 18:27:20 - httpx - INFO - HTTP Request: GET http://testserver/api/v1/catalog/makes "HTTP/1.1 200 OK"
2026-07-25 18:27:20 - root - INFO - TELEGRAM_WEBHOOK_URL not set — skipping webhook registration
2026-07-25 18:27:20 - httpx - INFO - HTTP Request: GET http://testserver/api/v1/catalog/models/1 "HTTP/1.1 200 OK"
2026-07-25 18:27:20 - root - INFO - TELEGRAM_WEBHOOK_URL not set — skipping webhook registration
2026-07-25 18:27:20 - httpx - INFO - HTTP Request: GET http://testserver/api/v1/catalog/models/1 "HTTP/1.1 200 OK"
2026-07-25 18:27:20 - root - INFO - TELEGRAM_WEBHOOK_URL not set — skipping webhook registration
2026-07-25 18:27:20 - httpx - INFO - HTTP Request: GET http://testserver/api/v1/catalog/modifications/1 "HTTP/1.1 200 OK"
2026-07-25 18:27:20 - root - INFO - TELEGRAM_WEBHOOK_URL not set — skipping webhook registration
2026-07-25 18:27:20 - httpx - INFO - HTTP Request: GET http://testserver/api/v1/catalog/modifications/1 "HTTP/1.1 200 OK"
2026-07-25 18:27:20 - root - INFO - TELEGRAM_WEBHOOK_URL not set — skipping webhook registration
2026-07-25 18:27:20 - httpx - INFO - HTTP Request: GET http://testserver/api/v1/catalog/sections/1 "HTTP/1.1 200 OK"
2026-07-25 18:27:20 - root - INFO - TELEGRAM_WEBHOOK_URL not set — skipping webhook registration
2026-07-25 18:27:20 - httpx - INFO - HTTP Request: GET http://testserver/api/v1/catalog/search?q=BR001 "HTTP/1.1 200 OK"
2026-07-25 18:27:20 - root - INFO - TELEGRAM_WEBHOOK_URL not set — skipping webhook registration
2026-07-25 18:27:20 - httpx - INFO - HTTP Request: GET http://testserver/api/v1/catalog/search?q=ZZZ999 "HTTP/1.1 200 OK"
2026-07-25 18:27:20 - root - INFO - TELEGRAM_WEBHOOK_URL not set — skipping webhook registration
2026-07-25 18:27:20 - httpx - INFO - HTTP Request: GET http://testserver/api/v1/catalog/search "HTTP/1.1 422 Unprocessable Entity"
2026-07-25 18:27:20 - root - INFO - TELEGRAM_WEBHOOK_URL not set — skipping webhook registration
2026-07-25 18:27:20 - httpx - INFO - HTTP Request: GET http://testserver/api/v1/catalog/search/autocomplete?q=TEST "HTTP/1.1 200 OK"
2026-07-25 18:27:20 - root - INFO - TELEGRAM_WEBHOOK_URL not set — skipping webhook registration
2026-07-25 18:27:20 - httpx - INFO - HTTP Request: GET http://testserver/api/v1/catalog/vehicle/years?type=passenger "HTTP/1.1 200 OK"
2026-07-25 18:27:21 - root - INFO - TELEGRAM_WEBHOOK_URL not set — skipping webhook registration
2026-07-25 18:27:21 - httpx - INFO - HTTP Request: GET http://testserver/api/v1/catalog/vehicle/years?type=invalid "HTTP/1.1 200 OK"
2026-07-25 18:27:21 - root - INFO - TELEGRAM_WEBHOOK_URL not set — skipping webhook registration
2026-07-25 18:27:21 - httpx - INFO - HTTP Request: GET http://testserver/api/v1/catalog/vehicle/makes?type=passenger&year=2020 "HTTP/1.1 200 OK"
2026-07-25 18:27:21 - root - INFO - TELEGRAM_WEBHOOK_URL not set — skipping webhook registration
2026-07-25 18:27:21 - httpx - INFO - HTTP Request: GET http://testserver/api/v1/catalog/vehicle/models?type=passenger&year=2020&make_id=1 "HTTP/1.1 200 OK"
2026-07-25 18:27:21 - root - INFO - TELEGRAM_WEBHOOK_URL not set — skipping webhook registration
2026-07-25 18:27:21 - httpx - INFO - HTTP Request: GET http://testserver/api/v1/catalog/vehicle/cars?type=passenger&year=2020&model_id=1 "HTTP/1.1 200 OK"
2026-07-25 18:27:21 - root - INFO - TELEGRAM_WEBHOOK_URL not set — skipping webhook registration
2026-07-25 18:27:21 - httpx - INFO - HTTP Request: GET http://testserver/api/v1/catalog/vehicle/volumes?year=2020&model_id=1 "HTTP/1.1 200 OK"
2026-07-25 18:27:21 - root - INFO - TELEGRAM_WEBHOOK_URL not set — skipping webhook registration
2026-07-25 18:27:21 - httpx - INFO - HTTP Request: GET http://testserver/api/v1/catalog/vehicle/engines?year=2020&car_id=1 "HTTP/1.1 200 OK"
2026-07-25 18:27:21 - root - INFO - TELEGRAM_WEBHOOK_URL not set — skipping webhook registration
2026-07-25 18:27:21 - httpx - INFO - HTTP Request: GET http://testserver/api/v1/categories/header "HTTP/1.1 200 OK"
2026-07-25 18:27:21 - root - INFO - TELEGRAM_WEBHOOK_URL not set — skipping webhook registration
2026-07-25 18:27:21 - httpx - INFO - HTTP Request: GET http://testserver/api/v1/categories/header?locale=en "HTTP/1.1 200 OK"
2026-07-25 18:27:21 - root - INFO - TELEGRAM_WEBHOOK_URL not set — skipping webhook registration
2026-07-25 18:27:21 - httpx - INFO - HTTP Request: GET http://testserver/api/v1/categories/header?locale=de "HTTP/1.1 422 Unprocessable Entity"
2026-07-25 18:27:21 - root - INFO - TELEGRAM_WEBHOOK_URL not set — skipping webhook registration
2026-07-25 18:27:22 - httpx - INFO - HTTP Request: POST http://testserver/api/v1/auth/login "HTTP/1.1 200 OK"
2026-07-25 18:27:22 - httpx - INFO - HTTP Request: GET http://testserver/api/v1/favorites/ "HTTP/1.1 200 OK"
2026-07-25 18:27:22 - root - INFO - TELEGRAM_WEBHOOK_URL not set — skipping webhook registration
2026-07-25 18:27:22 - httpx - INFO - HTTP Request: POST http://testserver/api/v1/auth/login "HTTP/1.1 200 OK"
2026-07-25 18:27:22 - httpx - INFO - HTTP Request: POST http://testserver/api/v1/favorites/add "HTTP/1.1 200 OK"
2026-07-25 18:27:22 - root - INFO - TELEGRAM_WEBHOOK_URL not set — skipping webhook registration
2026-07-25 18:27:22 - httpx - INFO - HTTP Request: POST http://testserver/api/v1/auth/login "HTTP/1.1 200 OK"
2026-07-25 18:27:22 - httpx - INFO - HTTP Request: POST http://testserver/api/v1/favorites/add "HTTP/1.1 200 OK"
2026-07-25 18:27:22 - httpx - INFO - HTTP Request: DELETE http://testserver/api/v1/favorites/1 "HTTP/1.1 200 OK"
2026-07-25 18:27:22 - root - INFO - TELEGRAM_WEBHOOK_URL not set — skipping webhook registration
2026-07-25 18:27:22 - httpx - INFO - HTTP Request: GET http://testserver/api/v1/favorites/ "HTTP/1.1 200 OK"
2026-07-25 18:27:22 - root - INFO - TELEGRAM_WEBHOOK_URL not set — skipping webhook registration
2026-07-25 18:27:22 - httpx - INFO - HTTP Request: GET http://testserver/api/v1/footer "HTTP/1.1 200 OK"
2026-07-25 18:27:22 - root - INFO - TELEGRAM_WEBHOOK_URL not set — skipping webhook registration
2026-07-25 18:27:22 - httpx - INFO - HTTP Request: GET http://testserver/api/v1/footer?locale=en "HTTP/1.1 200 OK"
2026-07-25 18:27:22 - root - INFO - TELEGRAM_WEBHOOK_URL not set — skipping webhook registration
2026-07-25 18:27:23 - httpx - INFO - HTTP Request: POST http://testserver/api/v1/auth/login "HTTP/1.1 200 OK"
2026-07-25 18:27:23 - httpx - INFO - HTTP Request: GET http://testserver/api/v1/admin/footer "HTTP/1.1 200 OK"
2026-07-25 18:27:23 - root - INFO - TELEGRAM_WEBHOOK_URL not set — skipping webhook registration
2026-07-25 18:27:24 - httpx - INFO - HTTP Request: POST http://testserver/api/v1/auth/login "HTTP/1.1 200 OK"
2026-07-25 18:27:24 - httpx - INFO - HTTP Request: PUT http://testserver/api/v1/admin/footer/ru "HTTP/1.1 200 OK"
2026-07-25 18:27:24 - root - INFO - TELEGRAM_WEBHOOK_URL not set — skipping webhook registration
2026-07-25 18:27:24 - httpx - INFO - HTTP Request: POST http://testserver/api/v1/auth/login "HTTP/1.1 200 OK"
2026-07-25 18:27:24 - httpx - INFO - HTTP Request: PUT http://testserver/api/v1/admin/footer/ua "HTTP/1.1 200 OK"
2026-07-25 18:27:25 - root - INFO - TELEGRAM_WEBHOOK_URL not set — skipping webhook registration
2026-07-25 18:27:25 - httpx - INFO - HTTP Request: POST http://testserver/api/v1/auth/login "HTTP/1.1 200 OK"
2026-07-25 18:27:25 - httpx - INFO - HTTP Request: PUT http://testserver/api/v1/admin/footer/de "HTTP/1.1 400 Bad Request"
2026-07-25 18:27:25 - root - INFO - TELEGRAM_WEBHOOK_URL not set — skipping webhook registration
2026-07-25 18:27:26 - httpx - INFO - HTTP Request: POST http://testserver/api/v1/auth/login "HTTP/1.1 200 OK"
2026-07-25 18:27:26 - httpx - INFO - HTTP Request: GET http://testserver/api/v1/admin/footer "HTTP/1.1 403 Forbidden"
2026-07-25 18:27:26 - root - INFO - TELEGRAM_WEBHOOK_URL not set — skipping webhook registration
2026-07-25 18:27:26 - httpx - INFO - HTTP Request: POST http://testserver/api/v1/auth/login "HTTP/1.1 200 OK"
2026-07-25 18:27:26 - httpx - INFO - HTTP Request: GET http://testserver/api/v1/orders/ "HTTP/1.1 200 OK"
2026-07-25 18:27:26 - root - INFO - TELEGRAM_WEBHOOK_URL not set — skipping webhook registration
2026-07-25 18:27:26 - httpx - INFO - HTTP Request: POST http://testserver/api/v1/auth/login "HTTP/1.1 200 OK"
2026-07-25 18:27:26 - httpx - INFO - HTTP Request: POST http://testserver/api/v1/cart/add "HTTP/1.1 200 OK"
2026-07-25 18:27:27 - httpx - INFO - HTTP Request: POST http://testserver/api/v1/orders/checkout "HTTP/1.1 200 OK"
2026-07-25 18:27:27 - root - INFO - TELEGRAM_WEBHOOK_URL not set — skipping webhook registration
2026-07-25 18:27:27 - httpx - INFO - HTTP Request: POST http://testserver/api/v1/auth/login "HTTP/1.1 200 OK"
2026-07-25 18:27:27 - httpx - INFO - HTTP Request: POST http://testserver/api/v1/cart/add "HTTP/1.1 200 OK"
2026-07-25 18:27:27 - httpx - INFO - HTTP Request: POST http://testserver/api/v1/orders/checkout "HTTP/1.1 200 OK"
2026-07-25 18:27:27 - httpx - INFO - HTTP Request: GET http://testserver/api/v1/orders/1 "HTTP/1.1 200 OK"
2026-07-25 18:27:27 - root - INFO - TELEGRAM_WEBHOOK_URL not set — skipping webhook registration
2026-07-25 18:27:27 - httpx - INFO - HTTP Request: GET http://testserver/api/v1/orders/ "HTTP/1.1 401 Unauthorized"
2026-07-25 18:27:32 - root - INFO - TELEGRAM_WEBHOOK_URL not set — skipping webhook registration
2026-07-25 18:27:33 - httpx - INFO - HTTP Request: GET http://testserver/api/v1/settings "HTTP/1.1 200 OK"
2026-07-25 18:27:33 - root - INFO - TELEGRAM_WEBHOOK_URL not set — skipping webhook registration
2026-07-25 18:27:33 - httpx - INFO - HTTP Request: GET http://testserver/api/v1/settings "HTTP/1.1 200 OK"
2026-07-25 18:27:33 - root - INFO - TELEGRAM_WEBHOOK_URL not set — skipping webhook registration
2026-07-25 18:27:33 - httpx - INFO - HTTP Request: POST http://testserver/api/v1/auth/login "HTTP/1.1 200 OK"
2026-07-25 18:27:33 - httpx - INFO - HTTP Request: GET http://testserver/api/v1/admin/settings "HTTP/1.1 200 OK"
2026-07-25 18:27:33 - root - INFO - TELEGRAM_WEBHOOK_URL not set — skipping webhook registration
2026-07-25 18:27:34 - httpx - INFO - HTTP Request: POST http://testserver/api/v1/auth/login "HTTP/1.1 200 OK"
2026-07-25 18:27:34 - httpx - INFO - HTTP Request: PUT http://testserver/api/v1/admin/settings "HTTP/1.1 200 OK"
2026-07-25 18:27:34 - root - INFO - TELEGRAM_WEBHOOK_URL not set — skipping webhook registration
2026-07-25 18:27:34 - httpx - INFO - HTTP Request: POST http://testserver/api/v1/auth/login "HTTP/1.1 200 OK"
2026-07-25 18:27:34 - httpx - INFO - HTTP Request: GET http://testserver/api/v1/admin/settings "HTTP/1.1 403 Forbidden"
2026-07-25 18:27:35 - root - INFO - TELEGRAM_WEBHOOK_URL not set — skipping webhook registration
2026-07-25 18:27:35 - httpx - INFO - HTTP Request: POST http://testserver/api/v1/auth/login "HTTP/1.1 200 OK"
2026-07-25 18:27:35 - httpx - INFO - HTTP Request: POST http://testserver/api/v1/telegram/start "HTTP/1.1 200 OK"
2026-07-25 18:27:35 - root - INFO - TELEGRAM_WEBHOOK_URL not set — skipping webhook registration
2026-07-25 18:27:35 - httpx - INFO - HTTP Request: POST http://testserver/api/v1/auth/login "HTTP/1.1 200 OK"
2026-07-25 18:27:35 - httpx - INFO - HTTP Request: GET http://testserver/api/v1/telegram/status "HTTP/1.1 200 OK"
2026-07-25 18:27:35 - root - INFO - TELEGRAM_WEBHOOK_URL not set — skipping webhook registration
2026-07-25 18:27:36 - httpx - INFO - HTTP Request: POST http://testserver/api/v1/auth/login "HTTP/1.1 200 OK"
2026-07-25 18:27:36 - httpx - INFO - HTTP Request: POST http://testserver/api/v1/telegram/disconnect "HTTP/1.1 400 Bad Request"
2026-07-25 18:27:36 - root - INFO - TELEGRAM_WEBHOOK_URL not set — skipping webhook registration
2026-07-25 18:27:36 - httpx - INFO - HTTP Request: POST http://testserver/api/v1/auth/login "HTTP/1.1 200 OK"
2026-07-25 18:27:36 - httpx - INFO - HTTP Request: GET http://testserver/api/v1/users/me "HTTP/1.1 200 OK"
2026-07-25 18:27:37 - root - INFO - TELEGRAM_WEBHOOK_URL not set — skipping webhook registration
2026-07-25 18:27:37 - httpx - INFO - HTTP Request: POST http://testserver/api/v1/auth/login "HTTP/1.1 200 OK"
2026-07-25 18:27:37 - httpx - INFO - HTTP Request: PUT http://testserver/api/v1/users/me "HTTP/1.1 200 OK"
2026-07-25 18:27:37 - root - INFO - TELEGRAM_WEBHOOK_URL not set — skipping webhook registration
2026-07-25 18:27:37 - httpx - INFO - HTTP Request: POST http://testserver/api/v1/auth/login "HTTP/1.1 200 OK"
2026-07-25 18:27:38 - httpx - INFO - HTTP Request: POST http://testserver/api/v1/users/change-password "HTTP/1.1 200 OK"
2026-07-25 18:27:38 - root - INFO - TELEGRAM_WEBHOOK_URL not set — skipping webhook registration
2026-07-25 18:27:38 - httpx - INFO - HTTP Request: POST http://testserver/api/v1/auth/login "HTTP/1.1 200 OK"
2026-07-25 18:27:38 - app.api.v1.endpoints.users - INFO - MODIFIED get_garage called, has_new_code=True
2026-07-25 18:27:38 - httpx - INFO - HTTP Request: GET http://testserver/api/v1/users/garage "HTTP/1.1 200 OK"
2026-07-25 18:27:45 - root - INFO - Health check called
2026-07-25 18:27:51 - httpx - INFO - HTTP Request: POST https://api.novaposhta.ua/v2.0/json/ "HTTP/1.1 200 OK"
2026-07-25 18:27:51 - httpx - INFO - HTTP Request: POST https://api.novaposhta.ua/v2.0/json/ "HTTP/1.1 200 OK"
2026-07-25 18:27:51 - httpx - INFO - HTTP Request: POST https://api.novaposhta.ua/v2.0/json/ "HTTP/1.1 200 OK"
2026-07-25 18:28:15 - root - INFO - Health check called
2026-07-25 18:28:34 - httpx - INFO - HTTP Request: POST https://api.novaposhta.ua/v2.0/json/ "HTTP/1.1 200 OK"
2026-07-25 18:28:34 - httpx - INFO - HTTP Request: POST https://api.novaposhta.ua/v2.0/json/ "HTTP/1.1 200 OK"
2026-07-25 18:28:34 - httpx - INFO - HTTP Request: POST https://api.novaposhta.ua/v2.0/json/ "HTTP/1.1 200 OK"
2026-07-25 18:28:45 - root - INFO - Health check called
2026-07-25 18:29:06 - httpx - INFO - HTTP Request: POST https://api.novaposhta.ua/v2.0/json/ "HTTP/1.1 200 OK"
2026-07-25 18:29:06 - httpx - INFO - HTTP Request: POST https://api.novaposhta.ua/v2.0/json/ "HTTP/1.1 200 OK"
2026-07-25 18:29:06 - httpx - INFO - HTTP Request: POST https://api.novaposhta.ua/v2.0/json/ "HTTP/1.1 200 OK"
2026-07-25 18:29:15 - root - INFO - Health check called
2026-07-25 18:29:46 - root - INFO - Health check called
2026-07-25 18:30:16 - root - INFO - Health check called
2026-07-25 18:30:46 - root - INFO - Health check called
2026-07-25 18:31:10 - httpx - INFO - HTTP Request: POST https://api.novaposhta.ua/v2.0/json/ "HTTP/1.1 200 OK"
2026-07-25 18:31:10 - httpx - INFO - HTTP Request: POST https://api.novaposhta.ua/v2.0/json/ "HTTP/1.1 200 OK"
2026-07-25 18:31:10 - httpx - INFO - HTTP Request: POST https://api.novaposhta.ua/v2.0/json/ "HTTP/1.1 200 OK"
2026-07-25 18:31:16 - root - INFO - Health check called
2026-07-25 18:31:42 - app.api.v1.endpoints.users - INFO - MODIFIED get_garage called, has_new_code=True
2026-07-25 18:31:46 - root - INFO - Health check called
2026-07-25 18:32:17 - root - INFO - Health check called
2026-07-25 18:32:47 - root - INFO - Health check called
2026-07-25 18:33:17 - root - INFO - Health check called
2026-07-25 18:33:47 - root - INFO - Health check called
2026-07-25 18:34:17 - root - INFO - Health check called
2026-07-25 18:34:47 - root - INFO - Health check called
2026-07-25 18:35:18 - root - INFO - Health check called
2026-07-25 18:35:48 - root - INFO - Health check called
2026-07-25 18:36:18 - root - INFO - Health check called
2026-07-25 18:36:48 - root - INFO - Health check called
2026-07-25 18:37:18 - root - INFO - Health check called
2026-07-25 18:37:48 - root - INFO - Health check called
2026-07-25 18:38:19 - root - INFO - Health check called
2026-07-25 18:38:49 - root - INFO - Health check called
2026-07-25 18:39:19 - root - INFO - Health check called
2026-07-25 18:39:49 - root - INFO - Health check called
2026-07-25 18:40:19 - root - INFO - Health check called
2026-07-25 18:40:49 - root - INFO - Health check called
2026-07-25 18:41:19 - root - INFO - Health check called
2026-07-25 18:41:50 - root - INFO - Health check called
2026-07-25 18:42:20 - root - INFO - Health check called
2026-07-25 18:42:50 - root - INFO - Health check called
2026-07-25 18:43:20 - root - INFO - Health check called
2026-07-25 18:43:50 - root - INFO - Health check called
2026-07-25 18:44:20 - root - INFO - Health check called
2026-07-25 18:44:50 - root - INFO - Health check called
2026-07-25 18:45:21 - root - INFO - Health check called
2026-07-25 18:45:51 - root - INFO - Health check called
2026-07-25 18:46:21 - root - INFO - Health check called
2026-07-25 18:46:51 - root - INFO - Health check called
2026-07-25 18:47:21 - root - INFO - Health check called
2026-07-25 18:47:51 - root - INFO - Health check called
2026-07-25 18:48:22 - root - INFO - Health check called
2026-07-25 18:48:52 - root - INFO - Health check called
2026-07-25 18:49:22 - root - INFO - Health check called
2026-07-25 18:49:52 - root - INFO - Health check called
2026-07-25 18:50:22 - root - INFO - Health check called
2026-07-25 18:50:52 - root - INFO - Health check called
2026-07-25 18:51:23 - root - INFO - Health check called
2026-07-25 18:51:53 - root - INFO - Health check called
2026-07-25 18:52:23 - root - INFO - Health check called
2026-07-25 18:52:53 - root - INFO - Health check called
2026-07-25 18:53:23 - root - INFO - Health check called
2026-07-25 18:53:53 - root - INFO - Health check called
2026-07-25 18:54:24 - root - INFO - Health check called
2026-07-25 18:54:54 - root - INFO - Health check called
2026-07-25 18:55:24 - root - INFO - Health check called
2026-07-25 18:55:54 - root - INFO - Health check called
2026-07-25 18:56:24 - root - INFO - Health check called
2026-07-25 18:56:54 - root - INFO - Health check called
2026-07-25 18:57:24 - root - INFO - Health check called
2026-07-25 18:57:55 - root - INFO - Health check called
2026-07-25 18:58:25 - root - INFO - Health check called
2026-07-25 18:58:55 - root - INFO - Health check called
2026-07-25 18:59:26 - root - INFO - Health check called
2026-07-25 18:59:56 - root - INFO - Health check called
2026-07-25 19:00:26 - root - INFO - Health check called
2026-07-25 19:00:56 - root - INFO - Health check called
2026-07-25 19:01:26 - root - INFO - Health check called
2026-07-25 19:01:56 - root - INFO - Health check called
2026-07-25 19:02:26 - root - INFO - Health check called
2026-07-25 19:02:57 - root - INFO - Health check called
2026-07-25 19:03:27 - root - INFO - Health check called
2026-07-25 19:03:57 - root - INFO - Health check called
2026-07-25 19:04:27 - root - INFO - Health check called
2026-07-25 19:04:57 - root - INFO - Health check called
2026-07-25 19:05:27 - root - INFO - Health check called
2026-07-25 19:05:57 - root - INFO - Health check called
2026-07-25 19:06:28 - root - INFO - Health check called
2026-07-25 19:06:58 - root - INFO - Health check called
2026-07-25 19:07:28 - root - INFO - Health check called
2026-07-25 19:07:58 - root - INFO - Health check called
2026-07-25 19:08:28 - root - INFO - Health check called
2026-07-25 19:08:58 - root - INFO - Health check called
2026-07-25 19:09:29 - root - INFO - Health check called
2026-07-25 19:09:59 - root - INFO - Health check called
2026-07-25 19:10:29 - root - INFO - Health check called
2026-07-25 19:10:59 - root - INFO - Health check called
2026-07-25 19:11:29 - root - INFO - Health check called
2026-07-25 19:11:59 - root - INFO - Health check called
2026-07-25 19:12:29 - root - INFO - Health check called
2026-07-25 19:13:00 - root - INFO - Health check called
2026-07-25 19:13:30 - root - INFO - Health check called
2026-07-25 19:14:00 - root - INFO - Health check called
2026-07-25 19:14:30 - root - INFO - Health check called
2026-07-25 19:15:00 - root - INFO - Health check called
2026-07-25 19:15:30 - root - INFO - Health check called
2026-07-25 19:16:00 - root - INFO - Health check called
2026-07-25 19:16:31 - root - INFO - Health check called
2026-07-25 19:17:01 - root - INFO - Health check called
2026-07-25 19:17:31 - root - INFO - Health check called
2026-07-25 19:18:01 - root - INFO - Health check called
2026-07-25 19:18:31 - root - INFO - Health check called
2026-07-25 19:19:01 - root - INFO - Health check called
2026-07-25 19:19:31 - root - INFO - Health check called
2026-07-25 19:20:02 - root - INFO - Health check called
2026-07-25 19:20:32 - root - INFO - Health check called
2026-07-25 19:21:02 - root - INFO - Health check called
2026-07-25 19:21:32 - root - INFO - Health check called
2026-07-25 19:22:02 - root - INFO - Health check called
2026-07-25 19:22:32 - root - INFO - Health check called
2026-07-25 19:23:03 - root - INFO - Health check called
2026-07-25 19:23:33 - root - INFO - Health check called
2026-07-25 19:24:03 - root - INFO - Health check called
2026-07-25 19:24:33 - root - INFO - Health check called
2026-07-25 19:25:03 - root - INFO - Health check called
2026-07-25 19:25:33 - root - INFO - Health check called
2026-07-25 19:26:03 - root - INFO - Health check called
2026-07-25 19:26:34 - root - INFO - Health check called
2026-07-25 19:27:04 - root - INFO - Health check called
2026-07-25 19:27:34 - root - INFO - Health check called
2026-07-25 19:28:04 - root - INFO - Health check called
2026-07-25 19:28:34 - root - INFO - Health check called
2026-07-25 19:29:04 - root - INFO - Health check called
2026-07-25 19:29:34 - root - INFO - Health check called
2026-07-25 19:30:05 - root - INFO - Health check called
2026-07-25 19:30:35 - root - INFO - Health check called
2026-07-25 19:31:05 - root - INFO - Health check called
2026-07-25 19:31:35 - root - INFO - Health check called
2026-07-25 19:32:05 - root - INFO - Health check called
2026-07-25 19:32:35 - root - INFO - Health check called
2026-07-25 19:33:05 - root - INFO - Health check called
2026-07-25 19:33:36 - root - INFO - Health check called
2026-07-25 19:34:06 - root - INFO - Health check called
2026-07-25 19:34:36 - root - INFO - Health check called
2026-07-25 19:35:06 - root - INFO - Health check called
2026-07-25 19:35:36 - root - INFO - Health check called
2026-07-25 19:36:06 - root - INFO - Health check called
2026-07-25 19:36:36 - root - INFO - Health check called
2026-07-25 19:37:07 - root - INFO - Health check called
2026-07-25 19:37:37 - root - INFO - Health check called
2026-07-25 19:38:07 - root - INFO - Health check called
2026-07-25 19:38:37 - root - INFO - Health check called
2026-07-25 19:39:07 - root - INFO - Health check called
2026-07-25 19:39:37 - root - INFO - Health check called
2026-07-25 19:40:07 - root - INFO - Health check called
2026-07-25 19:40:38 - root - INFO - Health check called
2026-07-25 19:41:08 - root - INFO - Health check called
2026-07-25 19:41:38 - root - INFO - Health check called
2026-07-25 19:42:08 - root - INFO - Health check called
2026-07-25 19:42:38 - root - INFO - Health check called
2026-07-25 19:43:08 - root - INFO - Health check called
2026-07-25 19:43:38 - root - INFO - Health check called
2026-07-25 19:44:09 - root - INFO - Health check called
2026-07-25 19:44:39 - root - INFO - Health check called
2026-07-25 19:45:09 - root - INFO - Health check called
2026-07-25 19:45:39 - root - INFO - Health check called
2026-07-25 19:46:09 - root - INFO - Health check called
2026-07-25 19:46:39 - root - INFO - Health check called
2026-07-25 19:47:09 - root - INFO - Health check called
2026-07-25 19:47:40 - root - INFO - Health check called
2026-07-25 19:48:10 - root - INFO - Health check called
2026-07-25 19:48:40 - root - INFO - Health check called
2026-07-25 19:49:10 - root - INFO - Health check called
2026-07-25 19:49:40 - root - INFO - Health check called
2026-07-25 19:50:10 - root - INFO - Health check called
2026-07-25 19:50:40 - root - INFO - Health check called
2026-07-25 19:51:11 - root - INFO - Health check called
2026-07-25 19:51:41 - root - INFO - Health check called
2026-07-25 19:52:11 - root - INFO - Health check called
2026-07-25 19:52:41 - root - INFO - Health check called
2026-07-25 19:53:11 - root - INFO - Health check called
2026-07-25 19:53:41 - root - INFO - Health check called
2026-07-25 19:54:12 - root - INFO - Health check called
2026-07-25 19:54:42 - root - INFO - Health check called
2026-07-25 19:55:12 - root - INFO - Health check called
2026-07-25 19:55:42 - root - INFO - Health check called
2026-07-25 19:56:12 - root - INFO - Health check called
2026-07-25 19:56:42 - root - INFO - Health check called
2026-07-25 19:57:12 - root - INFO - Health check called
2026-07-25 19:57:43 - root - INFO - Health check called
2026-07-25 19:58:13 - root - INFO - Health check called
2026-07-25 19:58:43 - root - INFO - Health check called
2026-07-25 19:59:13 - root - INFO - Health check called
2026-07-25 19:59:43 - root - INFO - Health check called
2026-07-25 20:00:13 - root - INFO - Health check called
2026-07-25 20:00:43 - root - INFO - Health check called
2026-07-25 20:01:14 - root - INFO - Health check called
2026-07-25 20:01:44 - root - INFO - Health check called
2026-07-25 20:02:14 - root - INFO - Health check called
2026-07-25 20:02:44 - root - INFO - Health check called
2026-07-25 20:03:14 - root - INFO - Health check called
2026-07-25 20:03:44 - root - INFO - Health check called
2026-07-25 20:04:14 - root - INFO - Health check called
2026-07-25 20:04:45 - root - INFO - Health check called
2026-07-25 20:05:15 - root - INFO - Health check called
2026-07-25 20:05:45 - root - INFO - Health check called
2026-07-25 20:06:15 - root - INFO - Health check called
2026-07-25 20:06:45 - root - INFO - Health check called
2026-07-25 20:07:15 - root - INFO - Health check called
2026-07-25 20:07:45 - root - INFO - Health check called
2026-07-25 20:08:16 - root - INFO - Health check called
2026-07-25 20:08:46 - root - INFO - Health check called
2026-07-25 20:09:16 - root - INFO - Health check called
2026-07-25 20:09:46 - root - INFO - Health check called
2026-07-25 20:10:16 - root - INFO - Health check called
2026-07-25 20:10:46 - root - INFO - Health check called
2026-07-25 20:11:16 - root - INFO - Health check called
2026-07-25 20:11:47 - root - INFO - Health check called
2026-07-25 20:12:17 - root - INFO - Health check called
2026-07-25 20:12:47 - root - INFO - Health check called
2026-07-25 20:13:17 - root - INFO - Health check called
2026-07-25 20:13:47 - root - INFO - Health check called
2026-07-25 20:14:17 - root - INFO - Health check called
2026-07-25 20:14:48 - root - INFO - Health check called
2026-07-25 20:15:18 - root - INFO - Health check called
2026-07-25 20:15:48 - root - INFO - Health check called
2026-07-25 20:16:18 - root - INFO - Health check called
2026-07-25 20:16:48 - root - INFO - Health check called
2026-07-25 20:17:18 - root - INFO - Health check called
2026-07-25 20:17:48 - root - INFO - Health check called
2026-07-25 20:18:19 - root - INFO - Health check called
2026-07-25 20:18:49 - root - INFO - Health check called
2026-07-25 20:19:19 - root - INFO - Health check called
2026-07-25 20:19:49 - root - INFO - Health check called
2026-07-25 20:20:19 - root - INFO - Health check called
2026-07-25 20:20:49 - root - INFO - Health check called
2026-07-25 20:21:19 - root - INFO - Health check called
2026-07-25 20:21:50 - root - INFO - Health check called
2026-07-25 20:22:20 - root - INFO - Health check called
2026-07-25 20:22:50 - root - INFO - Health check called
2026-07-25 20:23:20 - root - INFO - Health check called
2026-07-25 20:23:50 - root - INFO - Health check called
2026-07-25 20:24:21 - root - INFO - Health check called
2026-07-25 20:24:51 - root - INFO - Health check called
2026-07-25 20:25:21 - root - INFO - Health check called
2026-07-25 20:25:51 - root - INFO - Health check called
2026-07-25 20:26:21 - root - INFO - Health check called
2026-07-25 20:26:51 - root - INFO - Health check called
2026-07-25 20:27:21 - root - INFO - Health check called
2026-07-25 20:27:52 - root - INFO - Health check called
2026-07-25 20:28:22 - root - INFO - Health check called
2026-07-25 20:28:52 - root - INFO - Health check called
2026-07-25 20:29:22 - root - INFO - Health check called
2026-07-25 20:29:52 - root - INFO - Health check called
2026-07-25 20:30:22 - root - INFO - Health check called
2026-07-25 20:30:52 - root - INFO - Health check called
2026-07-25 20:31:23 - root - INFO - Health check called
2026-07-25 20:31:53 - root - INFO - Health check called
2026-07-25 20:32:23 - root - INFO - Health check called
2026-07-25 20:32:53 - root - INFO - Health check called
2026-07-25 20:33:23 - root - INFO - Health check called
2026-07-25 20:33:53 - root - INFO - Health check called
2026-07-25 20:34:24 - root - INFO - Health check called
2026-07-25 20:34:54 - root - INFO - Health check called
2026-07-25 20:35:24 - root - INFO - Health check called
2026-07-25 20:35:54 - root - INFO - Health check called
2026-07-25 20:36:24 - root - INFO - Health check called
2026-07-25 20:36:54 - root - INFO - Health check called
2026-07-25 20:37:24 - root - INFO - Health check called
2026-07-25 20:37:55 - root - INFO - Health check called
2026-07-25 20:38:25 - root - INFO - Health check called
2026-07-25 20:38:55 - root - INFO - Health check called
2026-07-25 20:39:25 - root - INFO - Health check called
2026-07-25 20:39:55 - root - INFO - Health check called
2026-07-25 20:40:25 - root - INFO - Health check called
2026-07-25 20:40:56 - root - INFO - Health check called
2026-07-25 20:41:26 - root - INFO - Health check called
2026-07-25 20:41:56 - root - INFO - Health check called
2026-07-25 20:42:26 - root - INFO - Health check called
2026-07-25 20:42:56 - root - INFO - Health check called
2026-07-25 20:43:26 - root - INFO - Health check called
2026-07-25 20:43:57 - root - INFO - Health check called
2026-07-25 20:44:27 - root - INFO - Health check called
2026-07-25 20:44:57 - root - INFO - Health check called
2026-07-25 20:45:27 - root - INFO - Health check called
2026-07-25 20:45:57 - root - INFO - Health check called
2026-07-25 20:46:27 - root - INFO - Health check called
2026-07-25 20:46:57 - root - INFO - Health check called
2026-07-25 20:47:28 - root - INFO - Health check called
2026-07-25 20:47:58 - root - INFO - Health check called
2026-07-25 20:48:28 - root - INFO - Health check called
2026-07-25 20:48:58 - root - INFO - Health check called
2026-07-25 20:49:28 - root - INFO - Health check called
2026-07-25 20:49:58 - root - INFO - Health check called
2026-07-25 20:50:28 - root - INFO - Health check called
2026-07-25 20:50:59 - root - INFO - Health check called
2026-07-25 20:51:29 - root - INFO - Health check called
2026-07-25 20:51:59 - root - INFO - Health check called
2026-07-25 20:52:29 - root - INFO - Health check called
2026-07-25 20:52:59 - root - INFO - Health check called
2026-07-25 20:53:29 - root - INFO - Health check called
2026-07-25 20:53:59 - root - INFO - Health check called
2026-07-25 20:54:30 - root - INFO - Health check called
2026-07-25 20:55:00 - root - INFO - Health check called
2026-07-25 20:55:30 - root - INFO - Health check called
2026-07-25 20:56:00 - root - INFO - Health check called
2026-07-25 20:56:30 - root - INFO - Health check called
2026-07-25 20:57:00 - root - INFO - Health check called
2026-07-25 20:57:31 - root - INFO - Health check called
2026-07-25 20:58:01 - root - INFO - Health check called
2026-07-25 20:58:31 - root - INFO - Health check called
2026-07-25 20:59:01 - root - INFO - Health check called
2026-07-25 20:59:31 - root - INFO - Health check called
2026-07-25 21:00:01 - root - INFO - Health check called
2026-07-25 21:00:31 - root - INFO - Health check called
2026-07-25 21:01:02 - root - INFO - Health check called
2026-07-25 21:01:32 - root - INFO - Health check called
2026-07-25 21:02:02 - root - INFO - Health check called
2026-07-25 21:02:32 - root - INFO - Health check called
2026-07-25 21:03:02 - root - INFO - Health check called
2026-07-25 21:03:32 - root - INFO - Health check called
2026-07-25 21:04:02 - root - INFO - Health check called
2026-07-25 21:04:33 - root - INFO - Health check called
2026-07-25 21:05:03 - root - INFO - Health check called
2026-07-25 21:05:33 - root - INFO - Health check called
2026-07-25 21:06:03 - root - INFO - Health check called
2026-07-25 21:06:33 - root - INFO - Health check called
2026-07-25 21:07:03 - root - INFO - Health check called
2026-07-25 21:07:34 - root - INFO - Health check called
2026-07-25 21:08:04 - root - INFO - Health check called
2026-07-25 21:08:34 - root - INFO - Health check called
2026-07-25 21:09:04 - root - INFO - Health check called
2026-07-25 21:09:34 - root - INFO - Health check called
2026-07-25 21:10:04 - root - INFO - Health check called
2026-07-25 21:10:34 - root - INFO - Health check called
2026-07-25 21:11:05 - root - INFO - Health check called
2026-07-25 21:11:35 - root - INFO - Health check called
2026-07-25 21:12:05 - root - INFO - Health check called
2026-07-25 21:12:35 - root - INFO - Health check called
2026-07-25 21:13:05 - root - INFO - Health check called
2026-07-25 21:13:35 - root - INFO - Health check called
2026-07-25 21:14:05 - root - INFO - Health check called
2026-07-25 21:14:36 - root - INFO - Health check called
2026-07-25 21:15:06 - root - INFO - Health check called
2026-07-25 21:15:36 - root - INFO - Health check called
2026-07-25 21:16:06 - root - INFO - Health check called
2026-07-25 21:16:36 - root - INFO - Health check called
2026-07-25 21:17:06 - root - INFO - Health check called
2026-07-25 21:17:37 - root - INFO - Health check called
2026-07-25 21:18:07 - root - INFO - Health check called
2026-07-25 21:18:37 - root - INFO - Health check called
2026-07-25 21:19:07 - root - INFO - Health check called
2026-07-25 21:19:37 - root - INFO - Health check called
2026-07-25 21:20:07 - root - INFO - Health check called
2026-07-25 21:20:37 - root - INFO - Health check called
2026-07-25 21:21:08 - root - INFO - Health check called
2026-07-25 21:21:38 - root - INFO - Health check called
2026-07-25 21:22:08 - root - INFO - Health check called
2026-07-25 21:22:38 - root - INFO - Health check called
2026-07-25 21:23:08 - root - INFO - Health check called
2026-07-25 21:23:38 - root - INFO - Health check called
2026-07-25 21:24:08 - root - INFO - Health check called
2026-07-25 21:24:39 - root - INFO - Health check called
2026-07-25 21:25:09 - root - INFO - Health check called
2026-07-25 21:25:39 - root - INFO - Health check called
2026-07-25 21:26:09 - root - INFO - Health check called
2026-07-25 21:26:39 - root - INFO - Health check called
2026-07-25 21:27:09 - root - INFO - Health check called
2026-07-25 21:27:40 - root - INFO - Health check called
2026-07-25 21:28:10 - root - INFO - Health check called
2026-07-25 21:28:40 - root - INFO - Health check called
2026-07-25 21:29:10 - root - INFO - Health check called
2026-07-25 21:29:40 - root - INFO - Health check called
2026-07-25 21:30:10 - root - INFO - Health check called
2026-07-25 21:30:40 - root - INFO - Health check called
2026-07-25 21:31:11 - root - INFO - Health check called
2026-07-25 21:31:41 - root - INFO - Health check called
2026-07-25 21:32:11 - root - INFO - Health check called
2026-07-25 21:32:41 - root - INFO - Health check called
2026-07-25 21:33:11 - root - INFO - Health check called
2026-07-25 21:33:41 - root - INFO - Health check called
2026-07-25 21:34:11 - root - INFO - Health check called
2026-07-25 21:34:42 - root - INFO - Health check called
2026-07-25 21:35:12 - root - INFO - Health check called
2026-07-25 21:35:42 - root - INFO - Health check called
2026-07-25 21:36:12 - root - INFO - Health check called
2026-07-25 21:36:42 - root - INFO - Health check called
2026-07-25 21:37:12 - root - INFO - Health check called
2026-07-25 21:37:42 - root - INFO - Health check called
2026-07-25 21:38:13 - root - INFO - Health check called
2026-07-25 21:38:43 - root - INFO - Health check called
2026-07-25 21:39:13 - root - INFO - Health check called
2026-07-25 21:39:43 - root - INFO - Health check called
2026-07-25 21:40:13 - root - INFO - Health check called
2026-07-25 21:40:43 - root - INFO - Health check called
2026-07-25 21:41:13 - root - INFO - Health check called
2026-07-25 21:41:44 - root - INFO - Health check called
2026-07-25 21:42:14 - root - INFO - Health check called
2026-07-25 21:42:44 - root - INFO - Health check called
2026-07-25 21:43:14 - root - INFO - Health check called
2026-07-25 21:43:44 - root - INFO - Health check called
2026-07-25 21:44:14 - root - INFO - Health check called
2026-07-25 21:44:45 - root - INFO - Health check called
2026-07-25 21:45:15 - root - INFO - Health check called
2026-07-25 21:45:45 - root - INFO - Health check called
2026-07-25 21:46:15 - root - INFO - Health check called
2026-07-25 21:46:45 - root - INFO - Health check called
2026-07-25 21:47:15 - root - INFO - Health check called
2026-07-25 21:47:45 - root - INFO - Health check called
2026-07-25 21:48:16 - root - INFO - Health check called
2026-07-25 21:48:46 - root - INFO - Health check called
2026-07-25 21:49:16 - root - INFO - Health check called
2026-07-25 21:49:46 - root - INFO - Health check called
2026-07-25 21:50:16 - root - INFO - Health check called
2026-07-25 21:50:46 - root - INFO - Health check called
2026-07-25 21:51:16 - root - INFO - Health check called
2026-07-25 21:51:47 - root - INFO - Health check called
2026-07-25 21:52:17 - root - INFO - Health check called
2026-07-25 21:52:47 - root - INFO - Health check called
2026-07-25 21:53:17 - root - INFO - Health check called
2026-07-25 21:53:47 - root - INFO - Health check called
2026-07-25 21:54:17 - root - INFO - Health check called
2026-07-25 21:54:47 - root - INFO - Health check called
2026-07-25 21:55:18 - root - INFO - Health check called
2026-07-25 21:55:48 - root - INFO - Health check called
2026-07-25 21:56:18 - root - INFO - Health check called
2026-07-25 21:56:48 - root - INFO - Health check called
2026-07-25 21:57:18 - root - INFO - Health check called
2026-07-25 21:57:48 - root - INFO - Health check called
2026-07-25 21:58:19 - root - INFO - Health check called
2026-07-25 21:58:49 - root - INFO - Health check called
2026-07-25 21:59:19 - root - INFO - Health check called
2026-07-25 21:59:49 - root - INFO - Health check called
2026-07-25 22:00:19 - root - INFO - Health check called
2026-07-25 22:00:49 - root - INFO - Health check called
2026-07-25 22:01:19 - root - INFO - Health check called
2026-07-25 22:01:50 - root - INFO - Health check called
2026-07-25 22:02:20 - root - INFO - Health check called
2026-07-25 22:02:50 - root - INFO - Health check called
2026-07-25 22:03:20 - root - INFO - Health check called
2026-07-25 22:03:50 - root - INFO - Health check called
2026-07-25 22:04:20 - root - INFO - Health check called
2026-07-25 22:04:50 - root - INFO - Health check called
2026-07-25 22:05:21 - root - INFO - Health check called
2026-07-25 22:05:51 - root - INFO - Health check called
2026-07-25 22:06:21 - root - INFO - Health check called
2026-07-25 22:06:51 - root - INFO - Health check called
2026-07-25 22:07:21 - root - INFO - Health check called
2026-07-25 22:07:51 - root - INFO - Health check called
2026-07-25 22:08:22 - root - INFO - Health check called
2026-07-25 22:08:52 - root - INFO - Health check called
2026-07-25 22:09:22 - root - INFO - Health check called
2026-07-25 22:09:52 - root - INFO - Health check called
2026-07-25 22:10:22 - root - INFO - Health check called
2026-07-25 22:10:52 - root - INFO - Health check called
2026-07-25 22:11:22 - root - INFO - Health check called
2026-07-25 22:11:53 - root - INFO - Health check called
2026-07-25 22:12:23 - root - INFO - Health check called
2026-07-25 22:12:53 - root - INFO - Health check called
2026-07-25 22:13:23 - root - INFO - Health check called
2026-07-25 22:13:53 - root - INFO - Health check called
2026-07-25 22:14:23 - root - INFO - Health check called
2026-07-25 22:15:19 - root - INFO - Health check called
2026-07-25 22:15:50 - root - INFO - Health check called
2026-07-25 22:44:59 - root - INFO - Health check called
2026-07-25 23:01:24 - root - INFO - Health check called
2026-07-25 23:01:55 - root - INFO - Health check called
2026-07-25 23:05:56 - root - INFO - Health check called
2026-07-25 23:06:26 - root - INFO - Health check called
2026-07-26 00:15:40 - root - INFO - Health check called
2026-07-26 00:16:11 - root - INFO - Health check called
2026-07-26 02:15:56 - root - INFO - Health check called
2026-07-26 02:16:26 - root - INFO - Health check called
2026-07-26 02:53:17 - root - INFO - Health check called
2026-07-26 02:53:47 - root - INFO - Health check called
2026-07-26 03:11:36 - root - INFO - Health check called
2026-07-26 03:17:00 - root - INFO - Health check called
2026-07-26 03:17:30 - root - INFO - Health check called
2026-07-26 03:34:39 - root - INFO - Health check called
2026-07-26 03:35:10 - root - INFO - Health check called
2026-07-26 03:35:40 - root - INFO - Health check called
2026-07-26 03:36:10 - root - INFO - Health check called
2026-07-26 03:36:40 - root - INFO - Health check called
2026-07-26 03:37:10 - root - INFO - Health check called
2026-07-26 03:37:40 - root - INFO - Health check called
2026-07-26 03:38:10 - root - INFO - Health check called
2026-07-26 03:38:41 - root - INFO - Health check called
2026-07-26 03:39:11 - root - INFO - Health check called
2026-07-26 03:39:41 - root - INFO - Health check called
2026-07-26 03:40:11 - root - INFO - Health check called
2026-07-26 03:40:41 - root - INFO - Health check called
2026-07-26 03:41:11 - root - INFO - Health check called
2026-07-26 03:41:41 - root - INFO - Health check called
2026-07-26 03:42:12 - root - INFO - Health check called
2026-07-26 03:42:42 - root - INFO - Health check called
2026-07-26 03:43:12 - root - INFO - Health check called
2026-07-26 03:43:42 - root - INFO - Health check called
2026-07-26 03:44:12 - root - INFO - Health check called
2026-07-26 03:44:42 - root - INFO - Health check called
2026-07-26 03:45:12 - root - INFO - Health check called
2026-07-26 03:45:42 - root - INFO - Health check called
2026-07-26 03:46:13 - root - INFO - Health check called
2026-07-26 03:46:43 - root - INFO - Health check called
2026-07-26 03:47:13 - root - INFO - Health check called
2026-07-26 03:47:43 - root - INFO - Health check called
2026-07-26 03:48:13 - root - INFO - Health check called
2026-07-26 03:48:43 - root - INFO - Health check called
2026-07-26 03:49:13 - root - INFO - Health check called
2026-07-26 03:49:44 - root - INFO - Health check called
2026-07-26 03:50:14 - root - INFO - Health check called
2026-07-26 03:50:44 - root - INFO - Health check called
2026-07-26 03:51:14 - root - INFO - Health check called
2026-07-26 03:51:44 - root - INFO - Health check called
2026-07-26 03:52:14 - root - INFO - Health check called
2026-07-26 03:52:44 - root - INFO - Health check called
2026-07-26 03:53:15 - root - INFO - Health check called
2026-07-26 03:53:45 - root - INFO - Health check called
2026-07-26 03:54:15 - root - INFO - Health check called
2026-07-26 03:54:45 - root - INFO - Health check called
2026-07-26 03:55:15 - root - INFO - Health check called
2026-07-26 03:55:45 - root - INFO - Health check called
2026-07-26 03:56:15 - root - INFO - Health check called
2026-07-26 03:56:46 - root - INFO - Health check called
2026-07-26 03:57:16 - root - INFO - Health check called
2026-07-26 03:57:46 - root - INFO - Health check called
2026-07-26 03:58:16 - root - INFO - Health check called
2026-07-26 03:58:46 - root - INFO - Health check called
2026-07-26 03:59:16 - root - INFO - Health check called
2026-07-26 03:59:46 - root - INFO - Health check called
2026-07-26 04:00:16 - root - INFO - Health check called
2026-07-26 04:00:47 - root - INFO - Health check called
2026-07-26 04:01:17 - root - INFO - Health check called
2026-07-26 04:01:47 - root - INFO - Health check called
2026-07-26 04:02:17 - root - INFO - Health check called
2026-07-26 04:02:47 - root - INFO - Health check called
2026-07-26 04:03:17 - root - INFO - Health check called
2026-07-26 04:03:47 - root - INFO - Health check called
2026-07-26 04:04:18 - root - INFO - Health check called
2026-07-26 04:04:48 - root - INFO - Health check called
2026-07-26 04:05:18 - root - INFO - Health check called
2026-07-26 04:05:48 - root - INFO - Health check called
2026-07-26 04:06:18 - root - INFO - Health check called
2026-07-26 04:06:48 - root - INFO - Health check called
2026-07-26 04:07:18 - root - INFO - Health check called
2026-07-26 04:07:49 - root - INFO - Health check called
2026-07-26 04:08:19 - root - INFO - Health check called
2026-07-26 04:08:49 - root - INFO - Health check called
2026-07-26 04:09:19 - root - INFO - Health check called
2026-07-26 04:09:49 - root - INFO - Health check called
2026-07-26 04:10:19 - root - INFO - Health check called
2026-07-26 04:10:49 - root - INFO - Health check called
2026-07-26 04:11:20 - root - INFO - Health check called
2026-07-26 04:11:50 - root - INFO - Health check called
2026-07-26 04:12:20 - root - INFO - Health check called
2026-07-26 04:12:50 - root - INFO - Health check called
2026-07-26 04:13:20 - root - INFO - Health check called
2026-07-26 04:13:50 - root - INFO - Health check called
2026-07-26 04:14:20 - root - INFO - Health check called
2026-07-26 04:14:51 - root - INFO - Health check called
2026-07-26 04:15:21 - root - INFO - Health check called
2026-07-26 04:15:51 - root - INFO - Health check called
2026-07-26 04:16:21 - root - INFO - Health check called
2026-07-26 04:16:51 - root - INFO - Health check called
2026-07-26 04:17:21 - root - INFO - Health check called
2026-07-26 04:17:51 - root - INFO - Health check called
2026-07-26 04:18:21 - root - INFO - Health check called
2026-07-26 04:18:52 - root - INFO - Health check called
2026-07-26 04:19:22 - root - INFO - Health check called
2026-07-26 04:19:52 - root - INFO - Health check called
2026-07-26 04:20:22 - root - INFO - Health check called
2026-07-26 04:20:52 - root - INFO - Health check called
2026-07-26 04:21:22 - root - INFO - Health check called
2026-07-26 04:21:52 - root - INFO - Health check called
2026-07-26 04:22:23 - root - INFO - Health check called
2026-07-26 04:22:53 - root - INFO - Health check called
2026-07-26 04:23:23 - root - INFO - Health check called
2026-07-26 04:23:53 - root - INFO - Health check called
2026-07-26 04:24:23 - root - INFO - Health check called
2026-07-26 04:24:53 - root - INFO - Health check called
2026-07-26 04:25:23 - root - INFO - Health check called
2026-07-26 04:25:54 - root - INFO - Health check called
2026-07-26 04:26:24 - root - INFO - Health check called
2026-07-26 04:26:54 - root - INFO - Health check called
2026-07-26 04:27:24 - root - INFO - Health check called
2026-07-26 04:27:54 - root - INFO - Health check called
2026-07-26 04:28:24 - root - INFO - Health check called
2026-07-26 04:28:54 - root - INFO - Health check called
2026-07-26 04:29:25 - root - INFO - Health check called
2026-07-26 04:29:55 - root - INFO - Health check called
2026-07-26 04:30:25 - root - INFO - Health check called
2026-07-26 04:30:55 - root - INFO - Health check called
2026-07-26 04:31:25 - root - INFO - Health check called
2026-07-26 04:31:55 - root - INFO - Health check called
2026-07-26 04:32:25 - root - INFO - Health check called
2026-07-26 04:32:56 - root - INFO - Health check called
2026-07-26 04:33:26 - root - INFO - Health check called
2026-07-26 04:33:56 - root - INFO - Health check called
2026-07-26 04:34:26 - root - INFO - Health check called
2026-07-26 04:34:56 - root - INFO - Health check called
2026-07-26 04:35:26 - root - INFO - Health check called
2026-07-26 04:35:56 - root - INFO - Health check called
2026-07-26 04:36:27 - root - INFO - Health check called
2026-07-26 04:36:57 - root - INFO - Health check called
2026-07-26 04:37:27 - root - INFO - Health check called
2026-07-26 04:37:57 - root - INFO - Health check called
2026-07-26 04:38:27 - root - INFO - Health check called
2026-07-26 04:38:57 - root - INFO - Health check called
2026-07-26 04:39:27 - root - INFO - Health check called
2026-07-26 04:39:57 - root - INFO - Health check called
2026-07-26 04:40:28 - root - INFO - Health check called
2026-07-26 04:40:58 - root - INFO - Health check called
2026-07-26 04:41:28 - root - INFO - Health check called
2026-07-26 04:41:58 - root - INFO - Health check called
2026-07-26 04:42:28 - root - INFO - Health check called
2026-07-26 04:42:58 - root - INFO - Health check called
2026-07-26 04:43:28 - root - INFO - Health check called
2026-07-26 04:43:59 - root - INFO - Health check called
2026-07-26 04:44:29 - root - INFO - Health check called
2026-07-26 04:44:59 - root - INFO - Health check called
2026-07-26 04:45:29 - root - INFO - Health check called
2026-07-26 04:45:59 - root - INFO - Health check called
2026-07-26 04:46:29 - root - INFO - Health check called
2026-07-26 04:46:59 - root - INFO - Health check called
2026-07-26 04:47:30 - root - INFO - Health check called
2026-07-26 04:48:00 - root - INFO - Health check called
2026-07-26 04:48:30 - root - INFO - Health check called
2026-07-26 04:49:00 - root - INFO - Health check called
2026-07-26 04:49:30 - root - INFO - Health check called
2026-07-26 04:50:00 - root - INFO - Health check called
2026-07-26 04:50:30 - root - INFO - Health check called
2026-07-26 04:51:01 - root - INFO - Health check called
2026-07-26 04:51:31 - root - INFO - Health check called
2026-07-26 04:52:01 - root - INFO - Health check called
2026-07-26 04:52:31 - root - INFO - Health check called
2026-07-26 04:53:01 - root - INFO - Health check called
2026-07-26 04:53:31 - root - INFO - Health check called
2026-07-26 04:54:01 - root - INFO - Health check called
2026-07-26 04:54:32 - root - INFO - Health check called
2026-07-26 04:55:02 - root - INFO - Health check called
2026-07-26 04:55:32 - root - INFO - Health check called
2026-07-26 04:56:02 - root - INFO - Health check called
2026-07-26 04:56:32 - root - INFO - Health check called
2026-07-26 04:57:02 - root - INFO - Health check called
2026-07-26 04:57:32 - root - INFO - Health check called
2026-07-26 04:58:02 - root - INFO - Health check called
2026-07-26 04:58:33 - root - INFO - Health check called
2026-07-26 04:59:03 - root - INFO - Health check called
2026-07-26 04:59:33 - root - INFO - Health check called
2026-07-26 05:00:03 - root - INFO - Health check called
2026-07-26 05:00:33 - root - INFO - Health check called
2026-07-26 05:01:03 - root - INFO - Health check called
2026-07-26 05:01:33 - root - INFO - Health check called
2026-07-26 05:02:04 - root - INFO - Health check called
2026-07-26 05:02:34 - root - INFO - Health check called
2026-07-26 05:03:04 - root - INFO - Health check called
2026-07-26 05:03:34 - root - INFO - Health check called
2026-07-26 05:04:04 - root - INFO - Health check called
2026-07-26 05:04:34 - root - INFO - Health check called
2026-07-26 05:05:04 - root - INFO - Health check called
2026-07-26 05:05:34 - root - INFO - Health check called
2026-07-26 05:06:05 - root - INFO - Health check called
2026-07-26 05:06:35 - root - INFO - Health check called
2026-07-26 05:07:05 - root - INFO - Health check called
2026-07-26 05:07:35 - root - INFO - Health check called
2026-07-26 05:08:05 - root - INFO - Health check called
2026-07-26 05:08:35 - root - INFO - Health check called
2026-07-26 05:09:05 - root - INFO - Health check called
2026-07-26 05:09:36 - root - INFO - Health check called
2026-07-26 05:10:06 - root - INFO - Health check called
2026-07-26 05:10:36 - root - INFO - Health check called
2026-07-26 05:11:06 - root - INFO - Health check called
2026-07-26 05:11:36 - root - INFO - Health check called
2026-07-26 05:12:06 - root - INFO - Health check called
2026-07-26 05:12:36 - root - INFO - Health check called
2026-07-26 05:13:07 - root - INFO - Health check called
2026-07-26 05:13:37 - root - INFO - Health check called
2026-07-26 05:14:07 - root - INFO - Health check called
2026-07-26 05:14:37 - root - INFO - Health check called
2026-07-26 05:15:07 - root - INFO - Health check called
2026-07-26 05:15:37 - root - INFO - Health check called
2026-07-26 05:16:07 - root - INFO - Health check called
2026-07-26 05:16:38 - root - INFO - Health check called
2026-07-26 05:17:08 - root - INFO - Health check called
2026-07-26 05:17:38 - root - INFO - Health check called
2026-07-26 05:18:08 - root - INFO - Health check called
2026-07-26 05:18:38 - root - INFO - Health check called
2026-07-26 05:19:08 - root - INFO - Health check called
2026-07-26 05:19:38 - root - INFO - Health check called
2026-07-26 05:20:09 - root - INFO - Health check called
2026-07-26 05:20:39 - root - INFO - Health check called
2026-07-26 05:21:09 - root - INFO - Health check called
2026-07-26 05:21:39 - root - INFO - Health check called
2026-07-26 05:22:09 - root - INFO - Health check called
2026-07-26 05:22:39 - root - INFO - Health check called
2026-07-26 05:23:09 - root - INFO - Health check called
2026-07-26 05:23:39 - root - INFO - Health check called
2026-07-26 05:24:10 - root - INFO - Health check called
2026-07-26 05:24:40 - root - INFO - Health check called
2026-07-26 05:25:10 - root - INFO - Health check called
2026-07-26 05:25:40 - root - INFO - Health check called
2026-07-26 05:26:10 - root - INFO - Health check called
2026-07-26 05:26:40 - root - INFO - Health check called
2026-07-26 05:27:10 - root - INFO - Health check called
2026-07-26 05:27:41 - root - INFO - Health check called
2026-07-26 05:28:11 - root - INFO - Health check called
2026-07-26 05:28:41 - root - INFO - Health check called
2026-07-26 05:29:11 - root - INFO - Health check called
2026-07-26 05:29:41 - root - INFO - Health check called
2026-07-26 05:30:11 - root - INFO - Health check called
2026-07-26 05:30:41 - root - INFO - Health check called
2026-07-26 05:31:12 - root - INFO - Health check called
2026-07-26 05:31:42 - root - INFO - Health check called
2026-07-26 05:32:12 - root - INFO - Health check called
2026-07-26 05:32:42 - root - INFO - Health check called
2026-07-26 05:33:12 - root - INFO - Health check called
2026-07-26 05:33:42 - root - INFO - Health check called
2026-07-26 05:34:12 - root - INFO - Health check called
2026-07-26 05:34:42 - root - INFO - Health check called
2026-07-26 05:35:13 - root - INFO - Health check called
2026-07-26 05:35:43 - root - INFO - Health check called
2026-07-26 05:36:13 - root - INFO - Health check called
2026-07-26 05:36:43 - root - INFO - Health check called
2026-07-26 05:37:13 - root - INFO - Health check called
2026-07-26 05:37:43 - root - INFO - Health check called
2026-07-26 05:38:13 - root - INFO - Health check called
2026-07-26 05:38:44 - root - INFO - Health check called
2026-07-26 05:39:14 - root - INFO - Health check called
2026-07-26 05:39:44 - root - INFO - Health check called
2026-07-26 05:40:14 - root - INFO - Health check called
2026-07-26 05:40:44 - root - INFO - Health check called
2026-07-26 05:41:14 - root - INFO - Health check called
2026-07-26 05:41:44 - root - INFO - Health check called
2026-07-26 05:42:15 - root - INFO - Health check called
2026-07-26 05:42:45 - root - INFO - Health check called
2026-07-26 05:43:15 - root - INFO - Health check called
2026-07-26 05:43:45 - root - INFO - Health check called
2026-07-26 05:44:15 - root - INFO - Health check called
2026-07-26 05:44:45 - root - INFO - Health check called
2026-07-26 05:45:15 - root - INFO - Health check called
2026-07-26 05:45:46 - root - INFO - Health check called
2026-07-26 05:46:16 - root - INFO - Health check called
2026-07-26 05:46:46 - root - INFO - Health check called
2026-07-26 05:47:16 - root - INFO - Health check called
2026-07-26 05:47:46 - root - INFO - Health check called
2026-07-26 05:48:16 - root - INFO - Health check called
2026-07-26 05:48:46 - root - INFO - Health check called
2026-07-26 05:49:16 - root - INFO - Health check called
2026-07-26 05:49:47 - root - INFO - Health check called
2026-07-26 05:50:17 - root - INFO - Health check called
2026-07-26 05:50:47 - root - INFO - Health check called
2026-07-26 05:51:17 - root - INFO - Health check called
2026-07-26 05:51:47 - root - INFO - Health check called
2026-07-26 05:52:17 - root - INFO - Health check called
2026-07-26 05:52:47 - root - INFO - Health check called
2026-07-26 05:53:18 - root - INFO - Health check called
2026-07-26 05:53:48 - root - INFO - Health check called
2026-07-26 05:54:18 - root - INFO - Health check called
2026-07-26 05:54:48 - root - INFO - Health check called
2026-07-26 05:55:18 - root - INFO - Health check called
2026-07-26 05:55:48 - root - INFO - Health check called
2026-07-26 05:56:18 - root - INFO - Health check called
2026-07-26 05:56:49 - root - INFO - Health check called
2026-07-26 05:57:19 - root - INFO - Health check called
2026-07-26 05:57:49 - root - INFO - Health check called
2026-07-26 05:58:19 - root - INFO - Health check called
2026-07-26 05:58:49 - root - INFO - Health check called
2026-07-26 05:59:19 - root - INFO - Health check called
2026-07-26 05:59:49 - root - INFO - Health check called
2026-07-26 06:00:20 - root - INFO - Health check called
2026-07-26 06:00:50 - root - INFO - Health check called
2026-07-26 06:01:20 - root - INFO - Health check called
2026-07-26 06:01:50 - root - INFO - Health check called
2026-07-26 06:02:20 - root - INFO - Health check called
2026-07-26 06:02:50 - root - INFO - Health check called
2026-07-26 06:03:20 - root - INFO - Health check called
2026-07-26 06:03:51 - root - INFO - Health check called
2026-07-26 06:04:21 - root - INFO - Health check called
2026-07-26 06:04:51 - root - INFO - Health check called
2026-07-26 06:05:21 - root - INFO - Health check called
2026-07-26 06:05:51 - root - INFO - Health check called
2026-07-26 06:06:21 - root - INFO - Health check called
2026-07-26 06:06:51 - root - INFO - Health check called
2026-07-26 06:07:21 - root - INFO - Health check called
2026-07-26 06:07:52 - root - INFO - Health check called
2026-07-26 06:08:22 - root - INFO - Health check called
2026-07-26 06:08:52 - root - INFO - Health check called
2026-07-26 06:09:22 - root - INFO - Health check called
2026-07-26 06:09:52 - root - INFO - Health check called
2026-07-26 06:10:22 - root - INFO - Health check called
2026-07-26 06:10:52 - root - INFO - Health check called
2026-07-26 06:11:23 - root - INFO - Health check called
2026-07-26 06:11:53 - root - INFO - Health check called
2026-07-26 06:12:23 - root - INFO - Health check called
2026-07-26 06:12:53 - root - INFO - Health check called
2026-07-26 06:13:23 - root - INFO - Health check called
2026-07-26 06:13:53 - root - INFO - Health check called
2026-07-26 06:14:23 - root - INFO - Health check called
2026-07-26 06:14:54 - root - INFO - Health check called
2026-07-26 06:15:24 - root - INFO - Health check called
2026-07-26 06:15:54 - root - INFO - Health check called
2026-07-26 06:16:24 - root - INFO - Health check called
2026-07-26 06:16:54 - root - INFO - Health check called
2026-07-26 06:17:24 - root - INFO - Health check called
2026-07-26 06:17:54 - root - INFO - Health check called
2026-07-26 06:18:24 - root - INFO - Health check called
2026-07-26 06:18:55 - root - INFO - Health check called
2026-07-26 06:19:25 - root - INFO - Health check called
2026-07-26 06:19:55 - root - INFO - Health check called
2026-07-26 06:20:25 - root - INFO - Health check called
2026-07-26 06:20:55 - root - INFO - Health check called
2026-07-26 06:21:25 - root - INFO - Health check called
2026-07-26 06:21:55 - root - INFO - Health check called
2026-07-26 06:22:26 - root - INFO - Health check called
2026-07-26 06:22:56 - root - INFO - Health check called
2026-07-26 06:23:26 - root - INFO - Health check called
2026-07-26 06:23:56 - root - INFO - Health check called
2026-07-26 06:24:26 - root - INFO - Health check called
2026-07-26 06:24:56 - root - INFO - Health check called
2026-07-26 06:25:26 - root - INFO - Health check called
2026-07-26 06:25:57 - root - INFO - Health check called
2026-07-26 06:26:27 - root - INFO - Health check called
2026-07-26 06:26:57 - root - INFO - Health check called
2026-07-26 06:27:27 - root - INFO - Health check called
2026-07-26 06:27:57 - root - INFO - Health check called
2026-07-26 06:28:27 - root - INFO - Health check called
2026-07-26 06:28:57 - root - INFO - Health check called
2026-07-26 06:29:28 - root - INFO - Health check called
2026-07-26 06:29:58 - root - INFO - Health check called
2026-07-26 06:30:28 - root - INFO - Health check called
2026-07-26 06:30:58 - root - INFO - Health check called
2026-07-26 06:31:28 - root - INFO - Health check called
2026-07-26 06:31:58 - root - INFO - Health check called
2026-07-26 06:32:28 - root - INFO - Health check called
2026-07-26 06:32:59 - root - INFO - Health check called
2026-07-26 06:33:29 - root - INFO - Health check called
2026-07-26 06:33:59 - root - INFO - Health check called
2026-07-26 06:34:29 - root - INFO - Health check called
2026-07-26 06:34:59 - root - INFO - Health check called
2026-07-26 06:35:29 - root - INFO - Health check called
2026-07-26 06:35:59 - root - INFO - Health check called
2026-07-26 06:36:30 - root - INFO - Health check called
2026-07-26 06:37:00 - root - INFO - Health check called
2026-07-26 06:37:30 - root - INFO - Health check called
2026-07-26 06:38:00 - root - INFO - Health check called
2026-07-26 06:38:30 - root - INFO - Health check called
2026-07-26 06:39:00 - root - INFO - Health check called
2026-07-26 06:39:30 - root - INFO - Health check called
2026-07-26 06:40:01 - root - INFO - Health check called
2026-07-26 06:40:31 - root - INFO - Health check called
2026-07-26 06:41:01 - root - INFO - Health check called
2026-07-26 06:41:31 - root - INFO - Health check called
2026-07-26 06:42:01 - root - INFO - Health check called
2026-07-26 06:42:31 - root - INFO - Health check called
2026-07-26 06:43:01 - root - INFO - Health check called
2026-07-26 06:43:31 - root - INFO - Health check called
2026-07-26 06:44:02 - root - INFO - Health check called
2026-07-26 06:44:32 - root - INFO - Health check called
2026-07-26 06:45:02 - root - INFO - Health check called
2026-07-26 06:45:32 - root - INFO - Health check called
2026-07-26 06:46:02 - root - INFO - Health check called
2026-07-26 06:46:32 - root - INFO - Health check called
2026-07-26 06:47:02 - root - INFO - Health check called
2026-07-26 06:47:33 - root - INFO - Health check called
2026-07-26 06:48:03 - root - INFO - Health check called
2026-07-26 06:48:33 - root - INFO - Health check called
2026-07-26 06:49:03 - root - INFO - Health check called
2026-07-26 06:49:33 - root - INFO - Health check called
2026-07-26 06:50:03 - root - INFO - Health check called
2026-07-26 06:50:33 - root - INFO - Health check called
2026-07-26 06:51:04 - root - INFO - Health check called
2026-07-26 06:51:34 - root - INFO - Health check called
2026-07-26 06:52:04 - root - INFO - Health check called
2026-07-26 06:52:34 - root - INFO - Health check called
2026-07-26 06:53:04 - root - INFO - Health check called
2026-07-26 06:53:34 - root - INFO - Health check called
2026-07-26 06:54:04 - root - INFO - Health check called
2026-07-26 06:54:35 - root - INFO - Health check called
2026-07-26 06:55:05 - root - INFO - Health check called
2026-07-26 06:55:35 - root - INFO - Health check called
2026-07-26 06:56:05 - root - INFO - Health check called
2026-07-26 06:56:35 - root - INFO - Health check called
2026-07-26 06:57:05 - root - INFO - Health check called
2026-07-26 06:57:35 - root - INFO - Health check called
2026-07-26 06:58:05 - root - INFO - Health check called
2026-07-26 06:58:36 - root - INFO - Health check called
2026-07-26 06:59:06 - root - INFO - Health check called
2026-07-26 06:59:36 - root - INFO - Health check called
2026-07-26 07:00:06 - root - INFO - Health check called
2026-07-26 07:00:36 - root - INFO - Health check called
2026-07-26 07:01:06 - root - INFO - Health check called
2026-07-26 07:01:36 - root - INFO - Health check called
2026-07-26 07:02:07 - root - INFO - Health check called
2026-07-26 07:02:37 - root - INFO - Health check called
2026-07-26 07:03:07 - root - INFO - Health check called
2026-07-26 07:03:37 - root - INFO - Health check called
2026-07-26 07:04:07 - root - INFO - Health check called
2026-07-26 07:04:37 - root - INFO - Health check called
2026-07-26 07:05:07 - root - INFO - Health check called
2026-07-26 07:05:38 - root - INFO - Health check called
2026-07-26 07:06:08 - root - INFO - Health check called
2026-07-26 07:06:38 - root - INFO - Health check called
2026-07-26 07:07:08 - root - INFO - Health check called
2026-07-26 07:07:38 - root - INFO - Health check called
2026-07-26 07:08:08 - root - INFO - Health check called
2026-07-26 07:08:38 - root - INFO - Health check called
2026-07-26 07:09:09 - root - INFO - Health check called
2026-07-26 07:09:39 - root - INFO - Health check called
2026-07-26 07:10:09 - root - INFO - Health check called
2026-07-26 07:10:39 - root - INFO - Health check called
2026-07-26 07:11:09 - root - INFO - Health check called
2026-07-26 07:11:39 - root - INFO - Health check called
2026-07-26 07:12:09 - root - INFO - Health check called
2026-07-26 07:12:39 - root - INFO - Health check called
2026-07-26 07:13:10 - root - INFO - Health check called
2026-07-26 07:13:40 - root - INFO - Health check called
2026-07-26 07:14:10 - root - INFO - Health check called
2026-07-26 07:14:40 - root - INFO - Health check called
2026-07-26 07:15:10 - root - INFO - Health check called
2026-07-26 07:15:40 - root - INFO - Health check called
2026-07-26 07:16:10 - root - INFO - Health check called
2026-07-26 07:16:41 - root - INFO - Health check called
2026-07-26 07:17:11 - root - INFO - Health check called
2026-07-26 07:17:41 - root - INFO - Health check called
2026-07-26 07:18:11 - root - INFO - Health check called
2026-07-26 07:18:41 - root - INFO - Health check called
2026-07-26 07:19:11 - root - INFO - Health check called
2026-07-26 07:19:41 - root - INFO - Health check called
2026-07-26 07:20:12 - root - INFO - Health check called
2026-07-26 07:36:35 - root - INFO - Health check called
2026-07-26 07:37:05 - root - INFO - Health check called
2026-07-26 07:53:01 - root - INFO - Health check called
2026-07-26 07:53:31 - root - INFO - Health check called
2026-07-26 08:11:13 - root - INFO - Health check called
2026-07-26 08:18:01 - root - INFO - Health check called
2026-07-26 08:18:31 - root - INFO - Health check called
2026-07-26 08:34:07 - root - INFO - Health check called
2026-07-26 08:34:37 - root - INFO - Health check called
2026-07-26 08:51:16 - root - INFO - Health check called
2026-07-26 09:07:30 - root - INFO - Health check called
2026-07-26 09:08:00 - root - INFO - Health check called
2026-07-26 09:19:10 - root - INFO - Health check called
2026-07-26 09:19:40 - root - INFO - Health check called
2026-07-26 09:35:53 - root - INFO - Health check called
2026-07-26 09:52:30 - root - INFO - Health check called
2026-07-26 09:53:01 - root - INFO - Health check called
2026-07-26 10:09:41 - root - INFO - Health check called
2026-07-26 10:10:11 - root - INFO - Health check called
2026-07-26 10:20:19 - root - INFO - Health check called
2026-07-26 10:20:49 - root - INFO - Health check called
2026-07-26 10:36:52 - root - INFO - Health check called
2026-07-26 10:52:23 - root - INFO - Health check called
2026-07-26 10:52:53 - root - INFO - Health check called
2026-07-26 11:03:24 - root - INFO - Health check called
2026-07-26 11:03:54 - root - INFO - Health check called
2026-07-26 11:04:24 - root - INFO - Health check called
2026-07-26 11:04:55 - root - INFO - Health check called
2026-07-26 11:05:25 - root - INFO - Health check called
2026-07-26 11:05:55 - root - INFO - Health check called
2026-07-26 11:06:25 - root - INFO - Health check called
2026-07-26 11:06:55 - root - INFO - Health check called
2026-07-26 11:07:25 - root - INFO - Health check called
2026-07-26 11:07:56 - root - INFO - Health check called
2026-07-26 11:08:26 - root - INFO - Health check called
2026-07-26 11:08:57 - root - INFO - Health check called
2026-07-26 11:09:27 - root - INFO - Health check called
2026-07-26 11:09:57 - root - INFO - Health check called
2026-07-26 11:10:27 - root - INFO - Health check called
2026-07-26 11:10:57 - root - INFO - Health check called
2026-07-26 11:11:27 - root - INFO - Health check called
2026-07-26 11:11:57 - root - INFO - Health check called
2026-07-26 11:12:28 - root - INFO - Health check called
2026-07-26 11:12:58 - root - INFO - Health check called
2026-07-26 11:13:28 - root - INFO - Health check called
2026-07-26 11:13:58 - root - INFO - Health check called
2026-07-26 11:14:28 - root - INFO - Health check called
2026-07-26 11:14:58 - root - INFO - Health check called
2026-07-26 11:15:28 - root - INFO - Health check called
2026-07-26 11:15:59 - root - INFO - Health check called
2026-07-26 11:16:29 - root - INFO - Health check called
2026-07-26 11:16:59 - root - INFO - Health check called
2026-07-26 11:17:29 - root - INFO - Health check called
2026-07-26 11:17:59 - root - INFO - Health check called
2026-07-26 11:18:29 - root - INFO - Health check called
2026-07-26 11:19:00 - root - INFO - Health check called
2026-07-26 11:19:30 - root - INFO - Health check called
2026-07-26 11:20:00 - root - INFO - Health check called
2026-07-26 11:20:30 - root - INFO - Health check called
2026-07-26 11:21:00 - root - INFO - Health check called
2026-07-26 11:21:30 - root - INFO - Health check called
2026-07-26 11:22:00 - root - INFO - Health check called
2026-07-26 11:22:31 - root - INFO - Health check called
2026-07-26 11:23:01 - root - INFO - Health check called
2026-07-26 11:23:31 - root - INFO - Health check called
2026-07-26 11:24:01 - root - INFO - Health check called
2026-07-26 11:24:31 - root - INFO - Health check called
2026-07-26 11:25:01 - root - INFO - Health check called
2026-07-26 11:25:31 - root - INFO - Health check called
2026-07-26 11:26:02 - root - INFO - Health check called
2026-07-26 11:26:32 - root - INFO - Health check called
2026-07-26 11:27:02 - root - INFO - Health check called
2026-07-26 11:27:32 - root - INFO - Health check called
2026-07-26 11:28:02 - root - INFO - Health check called
2026-07-26 11:28:32 - root - INFO - Health check called
2026-07-26 11:29:02 - root - INFO - Health check called
2026-07-26 11:29:32 - root - INFO - Health check called
2026-07-26 11:30:03 - root - INFO - Health check called
2026-07-26 11:30:33 - root - INFO - Health check called
2026-07-26 11:31:03 - root - INFO - Health check called
2026-07-26 11:31:33 - root - INFO - Health check called
2026-07-26 11:32:03 - root - INFO - Health check called
2026-07-26 11:32:33 - root - INFO - Health check called
2026-07-26 11:33:03 - root - INFO - Health check called
2026-07-26 11:33:34 - root - INFO - Health check called
2026-07-26 11:34:04 - root - INFO - Health check called
2026-07-26 11:34:34 - root - INFO - Health check called
2026-07-26 11:35:04 - root - INFO - Health check called
2026-07-26 11:35:34 - root - INFO - Health check called
2026-07-26 11:36:04 - root - INFO - Health check called
2026-07-26 11:36:34 - root - INFO - Health check called
2026-07-26 11:37:05 - root - INFO - Health check called
2026-07-26 11:37:35 - root - INFO - Health check called
2026-07-26 11:38:05 - root - INFO - Health check called
2026-07-26 11:38:35 - root - INFO - Health check called
2026-07-26 11:39:05 - root - INFO - Health check called
2026-07-26 11:39:35 - root - INFO - Health check called
2026-07-26 11:40:05 - root - INFO - Health check called
2026-07-26 11:40:36 - root - INFO - Health check called
2026-07-26 11:41:06 - root - INFO - Health check called
2026-07-26 11:41:36 - root - INFO - Health check called
2026-07-26 11:42:06 - root - INFO - Health check called
2026-07-26 11:42:36 - root - INFO - Health check called
2026-07-26 11:43:06 - root - INFO - Health check called
2026-07-26 11:43:36 - root - INFO - Health check called
2026-07-26 11:44:07 - root - INFO - Health check called
2026-07-26 11:44:37 - root - INFO - Health check called
2026-07-26 11:45:07 - root - INFO - Health check called
2026-07-26 11:45:37 - root - INFO - Health check called
2026-07-26 11:46:07 - root - INFO - Health check called
2026-07-26 11:46:37 - root - INFO - Health check called
2026-07-26 11:47:07 - root - INFO - Health check called
2026-07-26 11:47:38 - root - INFO - Health check called
2026-07-26 11:48:08 - root - INFO - Health check called
2026-07-26 11:48:38 - root - INFO - Health check called
2026-07-26 11:49:08 - root - INFO - Health check called
2026-07-26 11:49:38 - root - INFO - Health check called
2026-07-26 11:50:08 - root - INFO - Health check called
2026-07-26 11:50:38 - root - INFO - Health check called
2026-07-26 11:51:09 - root - INFO - Health check called
2026-07-26 11:51:39 - root - INFO - Health check called
2026-07-26 11:52:09 - root - INFO - Health check called
2026-07-26 11:52:39 - root - INFO - Health check called
2026-07-26 11:53:09 - root - INFO - Health check called
2026-07-26 11:53:39 - root - INFO - Health check called
2026-07-26 11:54:09 - root - INFO - Health check called
2026-07-26 11:54:40 - root - INFO - Health check called
2026-07-26 11:55:10 - root - INFO - Health check called
2026-07-26 11:55:40 - root - INFO - Health check called
2026-07-26 11:56:10 - root - INFO - Health check called
2026-07-26 11:56:40 - root - INFO - Health check called
2026-07-26 11:57:10 - root - INFO - Health check called
2026-07-26 11:57:40 - root - INFO - Health check called
2026-07-26 11:58:11 - root - INFO - Health check called
2026-07-26 11:58:41 - root - INFO - Health check called
2026-07-26 11:59:11 - root - INFO - Health check called
2026-07-26 11:59:41 - root - INFO - Health check called
2026-07-26 12:00:11 - root - INFO - Health check called
2026-07-26 12:00:41 - root - INFO - Health check called
2026-07-26 12:01:11 - root - INFO - Health check called
2026-07-26 12:01:42 - root - INFO - Health check called
2026-07-26 12:02:12 - root - INFO - Health check called
2026-07-26 12:02:42 - root - INFO - Health check called
2026-07-26 12:03:12 - root - INFO - Health check called
2026-07-26 12:03:42 - root - INFO - Health check called
2026-07-26 12:04:12 - root - INFO - Health check called
2026-07-26 12:04:42 - root - INFO - Health check called
2026-07-26 12:05:13 - root - INFO - Health check called
2026-07-26 12:05:43 - root - INFO - Health check called
2026-07-26 12:06:13 - root - INFO - Health check called
2026-07-26 12:06:43 - root - INFO - Health check called
2026-07-26 12:07:13 - root - INFO - Health check called
2026-07-26 12:07:43 - root - INFO - Health check called
2026-07-26 12:08:13 - root - INFO - Health check called
2026-07-26 12:08:44 - root - INFO - Health check called
2026-07-26 12:09:14 - root - INFO - Health check called
2026-07-26 12:09:44 - root - INFO - Health check called
2026-07-26 12:10:14 - root - INFO - Health check called
2026-07-26 12:10:44 - root - INFO - Health check called
2026-07-26 12:11:14 - root - INFO - Health check called
2026-07-26 12:11:44 - root - INFO - Health check called
2026-07-26 12:12:15 - root - INFO - Health check called
2026-07-26 12:12:45 - root - INFO - Health check called
2026-07-26 12:13:15 - root - INFO - Health check called
2026-07-26 12:13:45 - root - INFO - Health check called
2026-07-26 12:14:15 - root - INFO - Health check called
2026-07-26 12:14:45 - root - INFO - Health check called
2026-07-26 12:15:15 - root - INFO - Health check called
2026-07-26 12:15:46 - root - INFO - Health check called
2026-07-26 12:16:16 - root - INFO - Health check called
2026-07-26 12:16:46 - root - INFO - Health check called
2026-07-26 12:17:16 - root - INFO - Health check called
2026-07-26 12:17:46 - root - INFO - Health check called
2026-07-26 12:18:16 - root - INFO - Health check called
2026-07-26 12:18:46 - root - INFO - Health check called
2026-07-26 12:19:17 - root - INFO - Health check called
2026-07-26 12:19:47 - root - INFO - Health check called
2026-07-26 12:20:17 - root - INFO - Health check called
2026-07-26 12:20:47 - root - INFO - Health check called
2026-07-26 12:21:17 - root - INFO - Health check called
2026-07-26 12:21:47 - root - INFO - Health check called
2026-07-26 12:22:17 - root - INFO - Health check called
2026-07-26 12:22:47 - root - INFO - Health check called
2026-07-26 12:23:18 - root - INFO - Health check called
2026-07-26 12:23:48 - root - INFO - Health check called
2026-07-26 12:24:18 - root - INFO - Health check called
2026-07-26 12:24:48 - root - INFO - Health check called
2026-07-26 12:25:18 - root - INFO - Health check called
2026-07-26 12:25:48 - root - INFO - Health check called
2026-07-26 12:26:18 - root - INFO - Health check called
2026-07-26 12:26:49 - root - INFO - Health check called
2026-07-26 12:27:19 - root - INFO - Health check called
2026-07-26 12:27:49 - root - INFO - Health check called
2026-07-26 12:28:19 - root - INFO - Health check called
2026-07-26 12:28:49 - root - INFO - Health check called
2026-07-26 12:29:19 - root - INFO - Health check called
2026-07-26 12:29:49 - root - INFO - Health check called
2026-07-26 12:30:20 - root - INFO - Health check called
2026-07-26 12:30:50 - root - INFO - Health check called
2026-07-26 12:31:20 - root - INFO - Health check called
2026-07-26 12:31:50 - root - INFO - Health check called
2026-07-26 12:32:20 - root - INFO - Health check called
2026-07-26 12:32:50 - root - INFO - Health check called
2026-07-26 12:33:20 - root - INFO - Health check called
2026-07-26 12:33:51 - root - INFO - Health check called
2026-07-26 12:34:21 - root - INFO - Health check called
2026-07-26 12:34:51 - root - INFO - Health check called
2026-07-26 12:35:21 - root - INFO - Health check called
2026-07-26 12:35:51 - root - INFO - Health check called
2026-07-26 12:36:21 - root - INFO - Health check called
2026-07-26 12:36:51 - root - INFO - Health check called
2026-07-26 12:37:22 - root - INFO - Health check called
2026-07-26 12:37:52 - root - INFO - Health check called
2026-07-26 12:38:22 - root - INFO - Health check called
2026-07-26 12:38:52 - root - INFO - Health check called
2026-07-26 12:39:22 - root - INFO - Health check called
2026-07-26 12:39:52 - root - INFO - Health check called
2026-07-26 12:40:22 - root - INFO - Health check called
2026-07-26 12:40:53 - root - INFO - Health check called
2026-07-26 12:41:23 - root - INFO - Health check called
2026-07-26 12:41:53 - root - INFO - Health check called
2026-07-26 12:42:23 - root - INFO - Health check called
2026-07-26 12:42:53 - root - INFO - Health check called
2026-07-26 12:43:23 - root - INFO - Health check called
2026-07-26 12:43:53 - root - INFO - Health check called
2026-07-26 12:44:24 - root - INFO - Health check called
2026-07-26 12:44:54 - root - INFO - Health check called
2026-07-26 12:45:24 - root - INFO - Health check called
2026-07-26 12:45:54 - root - INFO - Health check called
2026-07-26 12:46:24 - root - INFO - Health check called
2026-07-26 12:46:54 - root - INFO - Health check called
2026-07-26 12:47:24 - root - INFO - Health check called
2026-07-26 12:47:55 - root - INFO - Health check called
2026-07-26 12:48:25 - root - INFO - Health check called
2026-07-26 12:48:55 - root - INFO - Health check called
2026-07-26 12:49:25 - root - INFO - Health check called
2026-07-26 12:49:55 - root - INFO - Health check called
2026-07-26 12:50:25 - root - INFO - Health check called
2026-07-26 12:50:55 - root - INFO - Health check called
2026-07-26 12:51:26 - root - INFO - Health check called
2026-07-26 12:51:56 - root - INFO - Health check called
2026-07-26 12:52:26 - root - INFO - Health check called
2026-07-26 12:52:56 - root - INFO - Health check called
2026-07-26 12:53:26 - root - INFO - Health check called
2026-07-26 12:53:56 - root - INFO - Health check called
2026-07-26 12:54:27 - root - INFO - Health check called
2026-07-26 12:54:57 - root - INFO - Health check called
2026-07-26 12:55:27 - root - INFO - Health check called
2026-07-26 12:55:57 - root - INFO - Health check called
2026-07-26 12:56:27 - root - INFO - Health check called
2026-07-26 12:56:57 - root - INFO - Health check called
2026-07-26 12:57:27 - root - INFO - Health check called
2026-07-26 12:57:58 - root - INFO - Health check called
2026-07-26 12:58:28 - root - INFO - Health check called
2026-07-26 12:58:58 - root - INFO - Health check called
2026-07-26 12:59:28 - root - INFO - Health check called
2026-07-26 12:59:58 - root - INFO - Health check called
2026-07-26 13:00:28 - root - INFO - Health check called
2026-07-26 13:00:58 - root - INFO - Health check called
2026-07-26 13:01:29 - root - INFO - Health check called
2026-07-26 13:01:59 - root - INFO - Health check called
2026-07-26 13:02:29 - root - INFO - Health check called
2026-07-26 13:02:59 - root - INFO - Health check called
2026-07-26 13:03:29 - root - INFO - Health check called
2026-07-26 13:03:59 - root - INFO - Health check called
2026-07-26 13:04:29 - root - INFO - Health check called
2026-07-26 13:04:59 - root - INFO - Health check called
2026-07-26 13:05:30 - root - INFO - Health check called
2026-07-26 13:06:00 - root - INFO - Health check called
2026-07-26 13:06:30 - root - INFO - Health check called
2026-07-26 13:07:00 - root - INFO - Health check called
2026-07-26 13:07:30 - root - INFO - Health check called
2026-07-26 13:08:00 - root - INFO - Health check called
2026-07-26 13:08:30 - root - INFO - Health check called
2026-07-26 13:09:01 - root - INFO - Health check called
2026-07-26 13:09:31 - root - INFO - Health check called
2026-07-26 13:10:01 - root - INFO - Health check called
2026-07-26 13:10:31 - root - INFO - Health check called
2026-07-26 13:11:01 - root - INFO - Health check called
2026-07-26 13:11:31 - root - INFO - Health check called
2026-07-26 13:12:01 - root - INFO - Health check called
2026-07-26 13:12:32 - root - INFO - Health check called
2026-07-26 13:13:02 - root - INFO - Health check called
2026-07-26 13:13:32 - root - INFO - Health check called
2026-07-26 13:14:02 - root - INFO - Health check called
2026-07-26 13:14:32 - root - INFO - Health check called
2026-07-26 13:15:02 - root - INFO - Health check called
2026-07-26 13:15:32 - root - INFO - Health check called
2026-07-26 13:16:03 - root - INFO - Health check called
2026-07-26 13:16:33 - root - INFO - Health check called
2026-07-26 13:17:03 - root - INFO - Health check called
2026-07-26 13:17:33 - root - INFO - Health check called
2026-07-26 13:18:03 - root - INFO - Health check called
2026-07-26 13:18:33 - root - INFO - Health check called
2026-07-26 13:19:04 - root - INFO - Health check called
2026-07-26 13:19:34 - root - INFO - Health check called
2026-07-26 13:20:04 - root - INFO - Health check called
2026-07-26 13:20:34 - root - INFO - Health check called
2026-07-26 13:21:04 - root - INFO - Health check called
2026-07-26 13:21:34 - root - INFO - Health check called
2026-07-26 13:22:04 - root - INFO - Health check called
2026-07-26 13:22:35 - root - INFO - Health check called
2026-07-26 13:23:05 - root - INFO - Health check called
2026-07-26 13:23:35 - root - INFO - Health check called
2026-07-26 13:24:05 - root - INFO - Health check called
2026-07-26 13:24:35 - root - INFO - Health check called
2026-07-26 13:25:05 - root - INFO - Health check called
2026-07-26 13:25:35 - root - INFO - Health check called
2026-07-26 13:26:06 - root - INFO - Health check called
2026-07-26 13:26:36 - root - INFO - Health check called
2026-07-26 13:27:06 - root - INFO - Health check called
2026-07-26 13:27:36 - root - INFO - Health check called
2026-07-26 13:28:06 - root - INFO - Health check called
2026-07-26 13:28:36 - root - INFO - Health check called
2026-07-26 13:29:07 - root - INFO - Health check called
2026-07-26 13:29:37 - root - INFO - Health check called
2026-07-26 13:30:07 - root - INFO - Health check called
2026-07-26 13:30:37 - root - INFO - Health check called
2026-07-26 13:31:07 - root - INFO - Health check called
2026-07-26 13:31:37 - root - INFO - Health check called
2026-07-26 13:32:07 - root - INFO - Health check called
2026-07-26 13:32:38 - root - INFO - Health check called
2026-07-26 13:33:08 - root - INFO - Health check called
2026-07-26 13:33:38 - root - INFO - Health check called
2026-07-26 13:34:08 - root - INFO - Health check called
2026-07-26 13:34:38 - root - INFO - Health check called
2026-07-26 13:35:08 - root - INFO - Health check called
2026-07-26 13:35:38 - root - INFO - Health check called
2026-07-26 13:36:09 - root - INFO - Health check called
2026-07-26 13:36:39 - root - INFO - Health check called
2026-07-26 13:37:09 - root - INFO - Health check called
2026-07-26 13:37:39 - root - INFO - Health check called
2026-07-26 13:38:09 - root - INFO - Health check called
2026-07-26 13:38:39 - root - INFO - Health check called
2026-07-26 13:39:09 - root - INFO - Health check called
2026-07-26 13:39:40 - root - INFO - Health check called
2026-07-26 13:40:10 - root - INFO - Health check called
2026-07-26 13:40:40 - root - INFO - Health check called
2026-07-26 13:41:10 - root - INFO - Health check called
2026-07-26 13:41:40 - root - INFO - Health check called
2026-07-26 13:42:10 - root - INFO - Health check called
2026-07-26 13:42:40 - root - INFO - Health check called
2026-07-26 13:43:11 - root - INFO - Health check called
2026-07-26 13:43:41 - root - INFO - Health check called
2026-07-26 13:44:11 - root - INFO - Health check called
2026-07-26 13:44:41 - root - INFO - Health check called
2026-07-26 13:45:11 - root - INFO - Health check called
2026-07-26 13:45:41 - root - INFO - Health check called
2026-07-26 13:46:11 - root - INFO - Health check called
2026-07-26 13:46:42 - root - INFO - Health check called
2026-07-26 13:47:12 - root - INFO - Health check called
2026-07-26 13:47:42 - root - INFO - Health check called
2026-07-26 13:48:12 - root - INFO - Health check called
2026-07-26 13:48:42 - root - INFO - Health check called
2026-07-26 13:49:12 - root - INFO - Health check called
2026-07-26 13:49:42 - root - INFO - Health check called
2026-07-26 13:50:13 - root - INFO - Health check called
2026-07-26 13:50:43 - root - INFO - Health check called
2026-07-26 13:51:13 - root - INFO - Health check called
2026-07-26 13:51:43 - root - INFO - Health check called
2026-07-26 13:52:13 - root - INFO - Health check called
2026-07-26 13:52:43 - root - INFO - Health check called
2026-07-26 13:53:13 - root - INFO - Health check called
2026-07-26 13:53:44 - root - INFO - Health check called
2026-07-26 13:54:14 - root - INFO - Health check called
2026-07-26 13:54:44 - root - INFO - Health check called
2026-07-26 13:55:14 - root - INFO - Health check called
2026-07-26 13:55:44 - root - INFO - Health check called
2026-07-26 13:56:14 - root - INFO - Health check called
2026-07-26 13:56:44 - root - INFO - Health check called
2026-07-26 13:57:15 - root - INFO - Health check called
2026-07-26 13:57:45 - root - INFO - Health check called
2026-07-26 13:58:15 - root - INFO - Health check called
2026-07-26 13:58:45 - root - INFO - Health check called
2026-07-26 13:59:15 - root - INFO - Health check called
2026-07-26 13:59:45 - root - INFO - Health check called
2026-07-26 14:00:15 - root - INFO - Health check called
2026-07-26 14:00:45 - root - INFO - Health check called
2026-07-26 14:01:16 - root - INFO - Health check called
2026-07-26 14:01:46 - root - INFO - Health check called
2026-07-26 14:02:16 - root - INFO - Health check called
2026-07-26 14:02:46 - root - INFO - Health check called
2026-07-26 14:03:16 - root - INFO - Health check called
2026-07-26 14:03:46 - root - INFO - Health check called
2026-07-26 14:04:16 - root - INFO - Health check called
2026-07-26 14:04:47 - root - INFO - Health check called
2026-07-26 14:05:17 - root - INFO - Health check called
2026-07-26 14:05:47 - root - INFO - Health check called
2026-07-26 14:06:17 - root - INFO - Health check called
2026-07-26 14:06:47 - root - INFO - Health check called
2026-07-26 14:07:17 - root - INFO - Health check called
2026-07-26 14:07:47 - root - INFO - Health check called
2026-07-26 14:08:18 - root - INFO - Health check called
2026-07-26 14:08:48 - root - INFO - Health check called
2026-07-26 14:09:18 - root - INFO - Health check called
2026-07-26 14:09:48 - root - INFO - Health check called
2026-07-26 14:10:18 - root - INFO - Health check called
2026-07-26 14:10:48 - root - INFO - Health check called
2026-07-26 14:11:18 - root - INFO - Health check called
2026-07-26 14:11:49 - root - INFO - Health check called
2026-07-26 14:12:19 - root - INFO - Health check called
2026-07-26 14:12:49 - root - INFO - Health check called
2026-07-26 14:13:19 - root - INFO - Health check called
2026-07-26 14:13:49 - root - INFO - Health check called
2026-07-26 14:14:19 - root - INFO - Health check called
2026-07-26 14:14:49 - root - INFO - Health check called
2026-07-26 14:15:20 - root - INFO - Health check called
2026-07-26 14:15:50 - root - INFO - Health check called
2026-07-26 14:16:20 - root - INFO - Health check called
2026-07-26 14:16:50 - root - INFO - Health check called
2026-07-26 14:17:20 - root - INFO - Health check called
2026-07-26 14:17:50 - root - INFO - Health check called
2026-07-26 14:18:20 - root - INFO - Health check called
2026-07-26 14:18:51 - root - INFO - Health check called
2026-07-26 14:19:21 - root - INFO - Health check called
2026-07-26 14:19:51 - root - INFO - Health check called
2026-07-26 14:20:21 - root - INFO - Health check called
2026-07-26 14:20:51 - root - INFO - Health check called
2026-07-26 14:21:21 - root - INFO - Health check called
2026-07-26 14:21:51 - root - INFO - Health check called
2026-07-26 14:22:22 - root - INFO - Health check called
2026-07-26 14:22:52 - root - INFO - Health check called
2026-07-26 14:23:22 - root - INFO - Health check called
2026-07-26 14:23:52 - root - INFO - Health check called
2026-07-26 14:24:22 - root - INFO - Health check called
2026-07-26 14:24:52 - root - INFO - Health check called
2026-07-26 14:25:22 - root - INFO - Health check called
2026-07-26 14:25:53 - root - INFO - Health check called
2026-07-26 14:26:23 - root - INFO - Health check called
2026-07-26 14:26:53 - root - INFO - Health check called
2026-07-26 14:27:23 - root - INFO - Health check called
2026-07-26 14:27:53 - root - INFO - Health check called
2026-07-26 14:28:23 - root - INFO - Health check called
2026-07-26 14:28:53 - root - INFO - Health check called
2026-07-26 14:29:24 - root - INFO - Health check called
2026-07-26 14:29:54 - root - INFO - Health check called
2026-07-26 14:30:24 - root - INFO - Health check called
2026-07-26 14:30:54 - root - INFO - Health check called
2026-07-26 14:31:24 - root - INFO - Health check called
2026-07-26 14:31:54 - root - INFO - Health check called
2026-07-26 14:32:24 - root - INFO - Health check called
2026-07-26 14:32:55 - root - INFO - Health check called
2026-07-26 14:33:25 - root - INFO - Health check called
2026-07-26 14:33:55 - root - INFO - Health check called
2026-07-26 14:34:25 - root - INFO - Health check called
2026-07-26 14:34:55 - root - INFO - Health check called
2026-07-26 14:35:25 - root - INFO - Health check called
2026-07-26 14:35:55 - root - INFO - Health check called
2026-07-26 14:36:25 - root - INFO - Health check called
2026-07-26 14:36:56 - root - INFO - Health check called
2026-07-26 14:37:26 - root - INFO - Health check called
2026-07-26 14:37:56 - root - INFO - Health check called
2026-07-26 14:38:26 - root - INFO - Health check called
2026-07-26 14:38:56 - root - INFO - Health check called
2026-07-26 14:39:26 - root - INFO - Health check called
2026-07-26 14:39:56 - root - INFO - Health check called
2026-07-26 14:40:27 - root - INFO - Health check called
2026-07-26 14:40:57 - root - INFO - Health check called
2026-07-26 14:41:27 - root - INFO - Health check called
2026-07-26 14:41:57 - root - INFO - Health check called
2026-07-26 14:42:27 - root - INFO - Health check called
2026-07-26 14:42:57 - root - INFO - Health check called
2026-07-26 14:43:27 - root - INFO - Health check called
2026-07-26 14:43:58 - root - INFO - Health check called
2026-07-26 14:44:28 - root - INFO - Health check called
2026-07-26 14:44:58 - root - INFO - Health check called
2026-07-26 14:45:28 - root - INFO - Health check called
2026-07-26 14:45:58 - root - INFO - Health check called
2026-07-26 14:46:28 - root - INFO - Health check called
2026-07-26 14:46:58 - root - INFO - Health check called
2026-07-26 14:47:29 - root - INFO - Health check called
2026-07-26 14:47:59 - root - INFO - Health check called
2026-07-26 14:48:29 - root - INFO - Health check called
2026-07-26 14:48:59 - root - INFO - Health check called
2026-07-26 14:49:29 - root - INFO - Health check called
2026-07-26 14:49:59 - root - INFO - Health check called
2026-07-26 14:50:29 - root - INFO - Health check called
2026-07-26 14:51:00 - root - INFO - Health check called
2026-07-26 14:51:30 - root - INFO - Health check called
2026-07-26 14:52:00 - root - INFO - Health check called
2026-07-26 14:52:30 - root - INFO - Health check called
2026-07-26 14:53:00 - root - INFO - Health check called
2026-07-26 14:53:30 - root - INFO - Health check called
2026-07-26 14:54:00 - root - INFO - Health check called
2026-07-26 14:54:31 - root - INFO - Health check called
2026-07-26 14:55:01 - root - INFO - Health check called
2026-07-26 14:55:31 - root - INFO - Health check called
2026-07-26 14:56:01 - root - INFO - Health check called
2026-07-26 14:56:31 - root - INFO - Health check called
2026-07-26 14:57:01 - root - INFO - Health check called
2026-07-26 14:57:31 - root - INFO - Health check called
2026-07-26 14:58:02 - root - INFO - Health check called
2026-07-26 14:58:32 - root - INFO - Health check called
2026-07-26 14:59:02 - root - INFO - Health check called
2026-07-26 14:59:32 - root - INFO - Health check called
2026-07-26 15:00:02 - root - INFO - Health check called
2026-07-26 15:00:32 - root - INFO - Health check called
2026-07-26 15:01:02 - root - INFO - Health check called
2026-07-26 15:01:33 - root - INFO - Health check called
2026-07-26 15:02:03 - root - INFO - Health check called
2026-07-26 15:02:33 - root - INFO - Health check called
2026-07-26 15:03:03 - root - INFO - Health check called
2026-07-26 15:03:33 - root - INFO - Health check called
2026-07-26 15:04:03 - root - INFO - Health check called
2026-07-26 15:04:33 - root - INFO - Health check called
2026-07-26 15:05:04 - root - INFO - Health check called
2026-07-26 15:05:34 - root - INFO - Health check called
2026-07-26 15:06:04 - root - INFO - Health check called
2026-07-26 15:06:34 - root - INFO - Health check called
2026-07-26 15:07:04 - root - INFO - Health check called
2026-07-26 15:07:34 - root - INFO - Health check called
2026-07-26 15:08:04 - root - INFO - Health check called
2026-07-26 15:08:35 - root - INFO - Health check called
2026-07-26 15:09:05 - root - INFO - Health check called
2026-07-26 15:09:35 - root - INFO - Health check called
2026-07-26 15:10:05 - root - INFO - Health check called
2026-07-26 15:10:35 - root - INFO - Health check called
2026-07-26 15:11:05 - root - INFO - Health check called
2026-07-26 15:11:35 - root - INFO - Health check called
2026-07-26 15:12:06 - root - INFO - Health check called
2026-07-26 15:12:36 - root - INFO - Health check called
2026-07-26 15:13:06 - root - INFO - Health check called
2026-07-26 15:13:36 - root - INFO - Health check called
2026-07-26 15:14:06 - root - INFO - Health check called
2026-07-26 15:14:36 - root - INFO - Health check called
2026-07-26 15:15:06 - root - INFO - Health check called
2026-07-26 15:15:37 - root - INFO - Health check called
2026-07-26 15:16:07 - root - INFO - Health check called
2026-07-26 15:16:37 - root - INFO - Health check called
2026-07-26 15:17:07 - root - INFO - Health check called
2026-07-26 15:17:37 - root - INFO - Health check called
2026-07-26 15:18:07 - root - INFO - Health check called
2026-07-26 15:18:37 - root - INFO - Health check called
2026-07-26 15:19:08 - root - INFO - Health check called
2026-07-26 15:19:38 - root - INFO - Health check called
2026-07-26 15:20:08 - root - INFO - Health check called
2026-07-26 15:20:38 - root - INFO - Health check called
2026-07-26 15:21:08 - root - INFO - Health check called
2026-07-26 15:21:38 - root - INFO - Health check called
2026-07-26 15:22:08 - root - INFO - Health check called
2026-07-26 15:22:39 - root - INFO - Health check called
2026-07-26 15:23:09 - root - INFO - Health check called
2026-07-26 15:23:39 - root - INFO - Health check called
2026-07-26 15:24:09 - root - INFO - Health check called
2026-07-26 15:24:39 - root - INFO - Health check called
2026-07-26 15:25:09 - root - INFO - Health check called
2026-07-26 15:25:39 - root - INFO - Health check called
2026-07-26 15:26:10 - root - INFO - Health check called
2026-07-26 15:26:40 - root - INFO - Health check called
2026-07-26 15:27:10 - root - INFO - Health check called
2026-07-26 15:27:40 - root - INFO - Health check called
2026-07-26 15:28:10 - root - INFO - Health check called
2026-07-26 15:28:40 - root - INFO - Health check called
2026-07-26 15:29:10 - root - INFO - Health check called
2026-07-26 15:29:41 - root - INFO - Health check called
2026-07-26 15:30:11 - root - INFO - Health check called
2026-07-26 15:30:41 - root - INFO - Health check called
2026-07-26 15:31:11 - root - INFO - Health check called
2026-07-26 15:31:41 - root - INFO - Health check called
2026-07-26 15:32:11 - root - INFO - Health check called
2026-07-26 15:32:41 - root - INFO - Health check called
2026-07-26 15:33:12 - root - INFO - Health check called
2026-07-26 15:33:42 - root - INFO - Health check called
2026-07-26 15:34:12 - root - INFO - Health check called
2026-07-26 15:34:42 - root - INFO - Health check called
2026-07-26 15:35:12 - root - INFO - Health check called
2026-07-26 15:35:42 - root - INFO - Health check called
2026-07-26 15:36:12 - root - INFO - Health check called
2026-07-26 15:36:43 - root - INFO - Health check called
2026-07-26 15:37:13 - root - INFO - Health check called
2026-07-26 15:37:43 - root - INFO - Health check called
2026-07-26 15:38:13 - root - INFO - Health check called
2026-07-26 15:38:43 - root - INFO - Health check called
2026-07-26 15:39:13 - root - INFO - Health check called
2026-07-26 15:39:44 - root - INFO - Health check called
2026-07-26 15:40:14 - root - INFO - Health check called
2026-07-26 15:40:44 - root - INFO - Health check called
2026-07-26 15:41:14 - root - INFO - Health check called
2026-07-26 15:41:44 - root - INFO - Health check called
2026-07-26 15:42:14 - root - INFO - Health check called
2026-07-26 15:42:44 - root - INFO - Health check called
2026-07-26 15:43:15 - root - INFO - Health check called
2026-07-26 15:43:45 - root - INFO - Health check called
2026-07-26 15:44:15 - root - INFO - Health check called
2026-07-26 15:44:45 - root - INFO - Health check called
2026-07-26 15:45:15 - root - INFO - Health check called
2026-07-26 15:45:45 - root - INFO - Health check called
2026-07-26 15:46:15 - root - INFO - Health check called
2026-07-26 15:46:46 - root - INFO - Health check called
2026-07-26 15:47:16 - root - INFO - Health check called
2026-07-26 15:47:46 - root - INFO - Health check called
2026-07-26 15:48:16 - root - INFO - Health check called
2026-07-26 15:48:46 - root - INFO - Health check called
2026-07-26 15:49:16 - root - INFO - Health check called
2026-07-26 15:49:46 - root - INFO - Health check called
2026-07-26 15:50:16 - root - INFO - Health check called
2026-07-26 15:50:47 - root - INFO - Health check called
2026-07-26 15:51:17 - root - INFO - Health check called
2026-07-26 15:51:47 - root - INFO - Health check called
2026-07-26 15:52:17 - root - INFO - Health check called
2026-07-26 15:52:47 - root - INFO - Health check called
2026-07-26 15:53:17 - root - INFO - Health check called
2026-07-26 15:53:47 - root - INFO - Health check called
2026-07-26 15:54:18 - root - INFO - Health check called
2026-07-26 15:54:48 - root - INFO - Health check called
2026-07-26 15:55:18 - root - INFO - Health check called
2026-07-26 15:55:48 - root - INFO - Health check called
2026-07-26 15:56:18 - root - INFO - Health check called
2026-07-26 15:56:48 - root - INFO - Health check called
2026-07-26 15:57:18 - root - INFO - Health check called
2026-07-26 15:57:49 - root - INFO - Health check called
2026-07-26 15:58:19 - root - INFO - Health check called
2026-07-26 15:58:49 - root - INFO - Health check called
2026-07-26 15:59:19 - root - INFO - Health check called
2026-07-26 15:59:49 - root - INFO - Health check called
2026-07-26 16:00:19 - root - INFO - Health check called
2026-07-26 16:00:49 - root - INFO - Health check called
2026-07-26 16:01:20 - root - INFO - Health check called
2026-07-26 16:01:50 - root - INFO - Health check called
2026-07-26 16:02:20 - root - INFO - Health check called
2026-07-26 16:02:50 - root - INFO - Health check called
2026-07-26 16:03:20 - root - INFO - Health check called
2026-07-26 16:03:50 - root - INFO - Health check called
2026-07-26 16:04:20 - root - INFO - Health check called
2026-07-26 16:04:51 - root - INFO - Health check called
2026-07-26 16:05:21 - root - INFO - Health check called
2026-07-26 16:05:51 - root - INFO - Health check called
2026-07-26 16:06:21 - root - INFO - Health check called
2026-07-26 16:06:51 - root - INFO - Health check called
2026-07-26 16:07:21 - root - INFO - Health check called
2026-07-26 16:07:51 - root - INFO - Health check called
2026-07-26 16:08:22 - root - INFO - Health check called
2026-07-26 16:08:52 - root - INFO - Health check called
2026-07-26 16:09:22 - root - INFO - Health check called
2026-07-26 16:09:52 - root - INFO - Health check called
2026-07-26 16:10:22 - root - INFO - Health check called
2026-07-26 16:10:52 - root - INFO - Health check called
2026-07-26 16:11:22 - root - INFO - Health check called
2026-07-26 16:11:53 - root - INFO - Health check called
2026-07-26 16:12:23 - root - INFO - Health check called
2026-07-26 16:12:53 - root - INFO - Health check called
2026-07-26 16:13:23 - root - INFO - Health check called
2026-07-26 16:13:53 - root - INFO - Health check called
2026-07-26 16:14:23 - root - INFO - Health check called
2026-07-26 16:14:53 - root - INFO - Health check called
2026-07-26 16:15:24 - root - INFO - Health check called
2026-07-26 16:15:54 - root - INFO - Health check called
2026-07-26 16:16:24 - root - INFO - Health check called
2026-07-26 16:16:54 - root - INFO - Health check called
2026-07-26 16:17:24 - root - INFO - Health check called
2026-07-26 16:17:54 - root - INFO - Health check called
2026-07-26 16:18:24 - root - INFO - Health check called
2026-07-26 16:18:55 - root - INFO - Health check called
2026-07-26 16:19:25 - root - INFO - Health check called
2026-07-26 16:19:55 - root - INFO - Health check called
2026-07-26 16:20:25 - root - INFO - Health check called
2026-07-26 16:20:55 - root - INFO - Health check called
2026-07-26 16:21:25 - root - INFO - Health check called
2026-07-26 16:21:55 - root - INFO - Health check called
2026-07-26 16:22:26 - root - INFO - Health check called
2026-07-26 16:22:56 - root - INFO - Health check called
2026-07-26 16:23:26 - root - INFO - Health check called
2026-07-26 16:23:56 - root - INFO - Health check called
2026-07-26 16:24:26 - root - INFO - Health check called
2026-07-26 16:24:56 - root - INFO - Health check called
2026-07-26 16:25:26 - root - INFO - Health check called
2026-07-26 16:25:57 - root - INFO - Health check called
2026-07-26 16:26:27 - root - INFO - Health check called
2026-07-26 16:26:57 - root - INFO - Health check called
2026-07-26 16:27:27 - root - INFO - Health check called
2026-07-26 16:27:57 - root - INFO - Health check called
2026-07-26 16:28:27 - root - INFO - Health check called
2026-07-26 16:28:57 - root - INFO - Health check called
2026-07-26 16:29:28 - root - INFO - Health check called
2026-07-26 16:29:58 - root - INFO - Health check called
2026-07-26 16:30:28 - root - INFO - Health check called
2026-07-26 16:30:58 - root - INFO - Health check called
2026-07-26 16:31:28 - root - INFO - Health check called
2026-07-26 16:31:58 - root - INFO - Health check called
2026-07-26 16:32:28 - root - INFO - Health check called
2026-07-26 16:32:59 - root - INFO - Health check called
2026-07-26 16:33:29 - root - INFO - Health check called
2026-07-26 16:33:59 - root - INFO - Health check called
2026-07-26 16:34:29 - root - INFO - Health check called
2026-07-26 16:34:59 - root - INFO - Health check called
2026-07-26 16:35:29 - root - INFO - Health check called
2026-07-26 16:35:59 - root - INFO - Health check called
2026-07-26 16:36:30 - root - INFO - Health check called
2026-07-26 16:37:00 - root - INFO - Health check called
2026-07-26 16:37:30 - root - INFO - Health check called
2026-07-26 16:38:00 - root - INFO - Health check called
2026-07-26 16:38:30 - root - INFO - Health check called
2026-07-26 16:39:00 - root - INFO - Health check called
2026-07-26 16:39:30 - root - INFO - Health check called
2026-07-26 16:40:01 - root - INFO - Health check called
2026-07-26 16:40:31 - root - INFO - Health check called
2026-07-26 16:41:01 - root - INFO - Health check called
2026-07-26 16:41:31 - root - INFO - Health check called
2026-07-26 16:42:01 - root - INFO - Health check called
2026-07-26 16:42:31 - root - INFO - Health check called
2026-07-26 16:43:01 - root - INFO - Health check called
2026-07-26 16:43:32 - root - INFO - Health check called
2026-07-26 16:44:02 - root - INFO - Health check called
2026-07-26 16:44:32 - root - INFO - Health check called
2026-07-26 16:45:02 - root - INFO - Health check called
2026-07-26 16:45:32 - root - INFO - Health check called
2026-07-26 16:46:02 - root - INFO - Health check called
2026-07-26 16:46:32 - root - INFO - Health check called
2026-07-26 16:47:03 - root - INFO - Health check called
2026-07-26 16:47:33 - root - INFO - Health check called
2026-07-26 16:48:03 - root - INFO - Health check called
2026-07-26 16:48:33 - root - INFO - Health check called
2026-07-26 16:49:03 - root - INFO - Health check called
2026-07-26 16:49:33 - root - INFO - Health check called
2026-07-26 16:50:03 - root - INFO - Health check called
2026-07-26 16:50:34 - root - INFO - Health check called
2026-07-26 16:51:04 - root - INFO - Health check called
2026-07-26 16:51:34 - root - INFO - Health check called
2026-07-26 16:52:04 - root - INFO - Health check called
2026-07-26 16:52:34 - root - INFO - Health check called
2026-07-26 16:53:04 - root - INFO - Health check called
2026-07-26 16:53:34 - root - INFO - Health check called
2026-07-26 16:54:05 - root - INFO - Health check called
2026-07-26 16:54:35 - root - INFO - Health check called
2026-07-26 16:55:05 - root - INFO - Health check called
2026-07-26 16:55:35 - root - INFO - Health check called
2026-07-26 16:56:05 - root - INFO - Health check called
2026-07-26 16:56:35 - root - INFO - Health check called
2026-07-26 16:57:05 - root - INFO - Health check called
2026-07-26 16:57:36 - root - INFO - Health check called
2026-07-26 16:58:06 - root - INFO - Health check called
2026-07-26 16:58:36 - root - INFO - Health check called
2026-07-26 16:59:06 - root - INFO - Health check called
2026-07-26 16:59:36 - root - INFO - Health check called
2026-07-26 17:00:06 - root - INFO - Health check called
2026-07-26 17:00:36 - root - INFO - Health check called
2026-07-26 17:01:07 - root - INFO - Health check called
2026-07-26 17:01:37 - root - INFO - Health check called
2026-07-26 17:02:07 - root - INFO - Health check called
2026-07-26 17:02:37 - root - INFO - Health check called
2026-07-26 17:03:07 - root - INFO - Health check called
2026-07-26 17:03:37 - root - INFO - Health check called
2026-07-26 17:04:07 - root - INFO - Health check called
2026-07-26 17:04:38 - root - INFO - Health check called
2026-07-26 17:05:08 - root - INFO - Health check called
2026-07-26 17:05:38 - root - INFO - Health check called
2026-07-26 17:06:08 - root - INFO - Health check called
2026-07-26 17:06:38 - root - INFO - Health check called
2026-07-26 17:07:08 - root - INFO - Health check called
2026-07-26 17:07:38 - root - INFO - Health check called
2026-07-26 17:08:09 - root - INFO - Health check called
2026-07-26 17:08:39 - root - INFO - Health check called
2026-07-26 17:09:09 - root - INFO - Health check called
2026-07-26 17:09:39 - root - INFO - Health check called
2026-07-26 17:10:09 - root - INFO - Health check called
2026-07-26 17:10:39 - root - INFO - Health check called
2026-07-26 17:11:09 - root - INFO - Health check called
2026-07-26 17:11:40 - root - INFO - Health check called
2026-07-26 17:12:10 - root - INFO - Health check called
2026-07-26 17:12:40 - root - INFO - Health check called
2026-07-26 17:13:10 - root - INFO - Health check called
2026-07-26 17:13:40 - root - INFO - Health check called
2026-07-26 17:14:10 - root - INFO - Health check called
2026-07-26 17:14:40 - root - INFO - Health check called
2026-07-26 17:15:11 - root - INFO - Health check called
2026-07-26 17:15:41 - root - INFO - Health check called
2026-07-26 17:16:11 - root - INFO - Health check called
2026-07-26 17:16:41 - root - INFO - Health check called
2026-07-26 17:17:11 - root - INFO - Health check called
2026-07-26 17:17:42 - root - INFO - Health check called
2026-07-26 17:18:13 - root - INFO - Health check called
2026-07-26 17:18:45 - root - INFO - Health check called
2026-07-26 17:19:18 - root - INFO - Health check called
2026-07-26 17:19:50 - root - INFO - Health check called
2026-07-26 17:20:22 - root - INFO - Health check called
2026-07-26 17:20:55 - root - INFO - Health check called
2026-07-26 17:21:27 - root - INFO - Health check called
2026-07-26 17:21:59 - root - INFO - Health check called
2026-07-26 17:22:32 - root - INFO - Health check called
2026-07-26 17:22:53 - app.api.v1.endpoints.users - INFO - MODIFIED get_garage called, has_new_code=True
2026-07-26 17:23:02 - root - INFO - Health check called
2026-07-26 17:23:32 - root - INFO - Health check called
2026-07-26 17:24:02 - root - INFO - Health check called
2026-07-26 17:24:32 - root - INFO - Health check called
2026-07-26 17:25:02 - root - INFO - Health check called
2026-07-26 17:25:32 - root - INFO - Health check called
2026-07-26 17:26:03 - root - INFO - Health check called
2026-07-26 17:26:33 - root - INFO - Health check called
2026-07-26 17:27:03 - root - INFO - Health check called
2026-07-26 17:27:33 - root - INFO - Health check called
2026-07-26 17:28:03 - root - INFO - Health check called
2026-07-26 17:28:33 - root - INFO - Health check called
2026-07-26 17:29:04 - root - INFO - Health check called
2026-07-26 17:29:34 - root - INFO - Health check called
2026-07-26 17:30:04 - root - INFO - Health check called
2026-07-26 17:30:34 - root - INFO - Health check called
2026-07-26 17:31:04 - root - INFO - Health check called
2026-07-26 17:31:34 - root - INFO - Health check called
2026-07-26 17:32:05 - root - INFO - Health check called
2026-07-26 17:32:35 - root - INFO - Health check called
2026-07-26 17:33:05 - root - INFO - Health check called
2026-07-26 17:33:35 - root - INFO - Health check called
2026-07-26 17:34:05 - root - INFO - Health check called
2026-07-26 17:34:35 - root - INFO - Health check called
2026-07-26 17:35:05 - root - INFO - Health check called
2026-07-26 17:35:36 - root - INFO - Health check called
2026-07-26 17:36:06 - root - INFO - Health check called
2026-07-26 17:36:36 - root - INFO - Health check called
2026-07-26 17:37:06 - root - INFO - Health check called
2026-07-26 17:37:36 - root - INFO - Health check called
2026-07-26 17:38:06 - root - INFO - Health check called
2026-07-26 17:38:37 - root - INFO - Health check called
2026-07-26 17:39:07 - root - INFO - Health check called
2026-07-26 17:39:37 - root - INFO - Health check called
2026-07-26 17:40:07 - root - INFO - Health check called
2026-07-26 17:40:37 - root - INFO - Health check called
2026-07-26 17:41:07 - root - INFO - Health check called
2026-07-26 17:41:38 - root - INFO - Health check called
2026-07-26 17:42:08 - root - INFO - Health check called
2026-07-26 17:42:38 - root - INFO - Health check called
2026-07-26 17:43:08 - root - INFO - Health check called
2026-07-26 17:43:38 - root - INFO - Health check called
2026-07-26 17:44:08 - root - INFO - Health check called
2026-07-26 17:44:39 - root - INFO - Health check called
2026-07-26 17:45:09 - root - INFO - Health check called
2026-07-26 17:45:39 - root - INFO - Health check called
2026-07-26 17:46:09 - root - INFO - Health check called
2026-07-26 17:46:39 - root - INFO - Health check called
2026-07-26 17:47:09 - root - INFO - Health check called
2026-07-26 17:47:39 - root - INFO - Health check called
2026-07-26 17:48:10 - root - INFO - Health check called
2026-07-26 17:48:40 - root - INFO - Health check called
2026-07-26 17:49:10 - root - INFO - Health check called
2026-07-26 17:49:40 - root - INFO - Health check called
2026-07-26 17:50:10 - root - INFO - Health check called
2026-07-26 17:50:40 - root - INFO - Health check called
2026-07-26 17:51:11 - root - INFO - Health check called
2026-07-26 17:51:41 - root - INFO - Health check called
2026-07-26 17:52:11 - root - INFO - Health check called
2026-07-26 17:52:41 - root - INFO - Health check called
2026-07-26 17:53:11 - root - INFO - Health check called
2026-07-26 17:53:41 - root - INFO - Health check called
2026-07-26 17:54:11 - root - INFO - Health check called
2026-07-26 17:54:42 - root - INFO - Health check called
2026-07-26 17:55:12 - root - INFO - Health check called
2026-07-26 17:55:42 - root - INFO - Health check called
2026-07-26 17:56:12 - root - INFO - Health check called
2026-07-26 17:56:42 - root - INFO - Health check called
2026-07-26 17:57:12 - root - INFO - Health check called
2026-07-26 17:57:43 - root - INFO - Health check called
2026-07-26 17:58:13 - root - INFO - Health check called
2026-07-26 17:58:43 - root - INFO - Health check called
2026-07-26 17:59:13 - root - INFO - Health check called
2026-07-26 17:59:43 - root - INFO - Health check called
2026-07-26 18:00:13 - root - INFO - Health check called
2026-07-26 18:00:44 - root - INFO - Health check called
2026-07-26 18:01:14 - root - INFO - Health check called
2026-07-26 18:01:44 - root - INFO - Health check called
2026-07-26 18:02:14 - root - INFO - Health check called
2026-07-26 18:02:44 - root - INFO - Health check called
2026-07-26 18:03:14 - root - INFO - Health check called
2026-07-26 18:03:44 - root - INFO - Health check called
2026-07-26 18:04:15 - root - INFO - Health check called
2026-07-26 18:04:45 - root - INFO - Health check called
2026-07-26 18:05:15 - root - INFO - Health check called
2026-07-26 18:05:45 - root - INFO - Health check called
2026-07-26 18:06:15 - root - INFO - Health check called
2026-07-26 18:06:45 - root - INFO - Health check called
2026-07-26 18:07:16 - root - INFO - Health check called
2026-07-26 18:07:46 - root - INFO - Health check called
2026-07-26 18:08:16 - root - INFO - Health check called
2026-07-26 18:08:46 - root - INFO - Health check called
2026-07-26 18:09:16 - root - INFO - Health check called
2026-07-26 18:09:46 - root - INFO - Health check called
2026-07-26 18:10:17 - root - INFO - Health check called
2026-07-26 18:10:47 - root - INFO - Health check called
2026-07-26 18:11:17 - root - INFO - Health check called
2026-07-26 18:11:47 - root - INFO - Health check called
2026-07-26 18:12:17 - root - INFO - Health check called
2026-07-26 18:12:47 - root - INFO - Health check called
2026-07-26 18:13:17 - root - INFO - Health check called
2026-07-26 18:13:48 - root - INFO - Health check called
2026-07-26 18:14:18 - root - INFO - Health check called
2026-07-26 18:14:48 - root - INFO - Health check called
2026-07-26 18:15:18 - root - INFO - Health check called
2026-07-26 18:15:48 - root - INFO - Health check called
2026-07-26 18:16:18 - root - INFO - Health check called
2026-07-26 18:16:48 - root - INFO - Health check called
2026-07-26 18:17:18 - root - INFO - Health check called
2026-07-26 18:17:49 - root - INFO - Health check called
2026-07-26 18:18:19 - root - INFO - Health check called
2026-07-26 18:18:49 - root - INFO - Health check called
2026-07-26 18:19:19 - root - INFO - Health check called
2026-07-26 18:19:49 - root - INFO - Health check called
2026-07-26 18:20:19 - root - INFO - Health check called
2026-07-26 18:20:50 - root - INFO - Health check called
2026-07-26 18:21:20 - root - INFO - Health check called
2026-07-26 18:21:50 - root - INFO - Health check called
2026-07-26 18:22:20 - root - INFO - Health check called
2026-07-26 18:22:50 - root - INFO - Health check called
2026-07-26 18:23:20 - root - INFO - Health check called
2026-07-26 18:23:50 - root - INFO - Health check called
2026-07-26 18:24:21 - root - INFO - Health check called
2026-07-26 18:24:51 - root - INFO - Health check called
2026-07-26 18:25:21 - root - INFO - Health check called
2026-07-26 18:25:51 - root - INFO - Health check called
2026-07-26 18:26:21 - root - INFO - Health check called
2026-07-26 18:26:51 - root - INFO - Health check called
2026-07-26 18:27:22 - root - INFO - Health check called
2026-07-26 18:27:52 - root - INFO - Health check called
2026-07-26 18:28:22 - root - INFO - Health check called
2026-07-26 18:28:52 - root - INFO - Health check called
2026-07-26 18:29:22 - root - INFO - Health check called
2026-07-26 18:29:52 - root - INFO - Health check called
2026-07-26 18:30:22 - root - INFO - Health check called
2026-07-26 18:30:53 - root - INFO - Health check called
2026-07-26 18:31:23 - root - INFO - Health check called
2026-07-26 18:31:53 - root - INFO - Health check called
2026-07-26 18:32:23 - root - INFO - Health check called
2026-07-26 18:32:53 - root - INFO - Health check called
2026-07-26 18:33:23 - root - INFO - Health check called
2026-07-26 18:33:54 - root - INFO - Health check called
2026-07-26 18:34:24 - root - INFO - Health check called
2026-07-26 18:34:54 - root - INFO - Health check called
2026-07-26 18:35:24 - root - INFO - Health check called
2026-07-26 18:35:54 - root - INFO - Health check called
2026-07-26 18:36:24 - root - INFO - Health check called
2026-07-26 18:36:54 - root - INFO - Health check called
2026-07-26 18:37:25 - root - INFO - Health check called
2026-07-26 18:37:55 - root - INFO - Health check called
2026-07-26 18:38:25 - root - INFO - Health check called
2026-07-26 18:38:55 - root - INFO - Health check called
2026-07-26 18:39:25 - root - INFO - Health check called
2026-07-26 18:39:55 - root - INFO - Health check called
2026-07-26 18:40:26 - root - INFO - Health check called
2026-07-26 18:40:56 - root - INFO - Health check called
2026-07-26 18:41:26 - root - INFO - Health check called
2026-07-26 18:41:56 - root - INFO - Health check called
2026-07-26 18:42:26 - root - INFO - Health check called
2026-07-26 18:42:56 - root - INFO - Health check called
2026-07-26 18:43:26 - root - INFO - Health check called
2026-07-26 18:43:57 - root - INFO - Health check called
2026-07-26 18:44:27 - root - INFO - Health check called
2026-07-26 18:44:57 - root - INFO - Health check called
2026-07-26 18:45:27 - root - INFO - Health check called
2026-07-26 18:45:58 - root - INFO - Health check called
2026-07-26 18:46:28 - root - INFO - Health check called
2026-07-26 18:46:58 - root - INFO - Health check called
2026-07-26 18:47:28 - root - INFO - Health check called
2026-07-26 18:47:58 - root - INFO - Health check called
2026-07-26 18:48:28 - root - INFO - Health check called
2026-07-26 18:48:59 - root - INFO - Health check called
2026-07-26 18:49:29 - root - INFO - Health check called
2026-07-26 18:49:59 - root - INFO - Health check called
2026-07-26 18:50:29 - root - INFO - Health check called
2026-07-26 18:50:59 - root - INFO - Health check called
2026-07-26 18:51:29 - root - INFO - Health check called
2026-07-26 18:52:00 - root - INFO - Health check called
2026-07-26 18:52:30 - root - INFO - Health check called
2026-07-26 18:53:00 - root - INFO - Health check called
2026-07-26 18:53:30 - root - INFO - Health check called
2026-07-26 18:54:00 - root - INFO - Health check called
2026-07-26 18:54:30 - root - INFO - Health check called
2026-07-26 18:55:00 - root - INFO - Health check called
2026-07-26 18:55:31 - root - INFO - Health check called
2026-07-26 18:56:01 - root - INFO - Health check called
2026-07-26 18:56:31 - root - INFO - Health check called
2026-07-26 18:57:01 - root - INFO - Health check called
2026-07-26 18:57:31 - root - INFO - Health check called
2026-07-26 18:58:01 - root - INFO - Health check called
2026-07-26 18:58:32 - root - INFO - Health check called
2026-07-26 18:59:02 - root - INFO - Health check called
2026-07-26 18:59:32 - root - INFO - Health check called
2026-07-26 19:00:02 - root - INFO - Health check called
2026-07-26 19:00:32 - root - INFO - Health check called
2026-07-26 19:01:02 - root - INFO - Health check called
2026-07-26 19:01:33 - root - INFO - Health check called
2026-07-26 19:02:03 - root - INFO - Health check called
2026-07-26 19:02:33 - root - INFO - Health check called
2026-07-26 19:03:03 - root - INFO - Health check called
2026-07-26 19:03:33 - root - INFO - Health check called
2026-07-26 19:04:03 - root - INFO - Health check called
2026-07-26 19:04:33 - root - INFO - Health check called
2026-07-26 19:05:04 - root - INFO - Health check called
2026-07-26 19:05:34 - root - INFO - Health check called
2026-07-26 19:06:04 - root - INFO - Health check called
2026-07-26 19:06:34 - root - INFO - Health check called
2026-07-26 19:07:04 - root - INFO - Health check called
2026-07-26 19:07:34 - root - INFO - Health check called
2026-07-26 19:08:05 - root - INFO - Health check called
2026-07-26 19:08:35 - root - INFO - Health check called
2026-07-26 19:09:05 - root - INFO - Health check called
2026-07-26 19:09:35 - root - INFO - Health check called
2026-07-26 19:10:05 - root - INFO - Health check called
2026-07-26 19:10:36 - root - INFO - Health check called
2026-07-26 19:11:06 - root - INFO - Health check called
2026-07-26 19:11:36 - root - INFO - Health check called
2026-07-26 19:12:06 - root - INFO - Health check called
2026-07-26 19:12:36 - root - INFO - Health check called
2026-07-26 19:13:06 - root - INFO - Health check called
2026-07-26 19:13:36 - root - INFO - Health check called
2026-07-26 19:14:07 - root - INFO - Health check called
2026-07-26 19:14:37 - root - INFO - Health check called
2026-07-26 19:15:07 - root - INFO - Health check called
2026-07-26 19:15:37 - root - INFO - Health check called
2026-07-26 19:16:07 - root - INFO - Health check called
2026-07-26 19:16:37 - root - INFO - Health check called
2026-07-26 19:17:08 - root - INFO - Health check called
2026-07-26 19:17:38 - root - INFO - Health check called
2026-07-26 19:18:08 - root - INFO - Health check called
2026-07-26 19:18:38 - root - INFO - Health check called
2026-07-26 19:19:08 - root - INFO - Health check called
2026-07-26 19:19:38 - root - INFO - Health check called
2026-07-26 19:20:09 - root - INFO - Health check called
2026-07-26 19:20:39 - root - INFO - Health check called
2026-07-26 19:21:09 - root - INFO - Health check called
2026-07-26 19:21:39 - root - INFO - Health check called
2026-07-26 19:22:09 - root - INFO - Health check called
2026-07-26 19:22:39 - root - INFO - Health check called
2026-07-26 19:23:09 - root - INFO - Health check called
2026-07-26 19:23:40 - root - INFO - Health check called
2026-07-26 19:24:10 - root - INFO - Health check called
2026-07-26 19:24:40 - root - INFO - Health check called
2026-07-26 19:25:10 - root - INFO - Health check called
2026-07-26 19:25:40 - root - INFO - Health check called
2026-07-26 19:26:10 - root - INFO - Health check called
2026-07-26 19:26:41 - root - INFO - Health check called
2026-07-26 19:27:11 - root - INFO - Health check called
2026-07-26 19:27:41 - root - INFO - Health check called
2026-07-26 19:28:11 - root - INFO - Health check called
2026-07-26 19:28:41 - root - INFO - Health check called
2026-07-26 19:29:11 - root - INFO - Health check called
2026-07-26 19:29:41 - root - INFO - Health check called
2026-07-26 19:30:12 - root - INFO - Health check called
2026-07-26 19:30:42 - root - INFO - Health check called
2026-07-26 19:31:12 - root - INFO - Health check called
2026-07-26 19:31:42 - root - INFO - Health check called
2026-07-26 19:32:01 - app.api.v1.endpoints.users - INFO - MODIFIED get_garage called, has_new_code=True
2026-07-26 19:32:12 - root - INFO - Health check called
2026-07-26 19:32:42 - root - INFO - Health check called
2026-07-26 19:33:13 - root - INFO - Health check called
2026-07-26 19:33:43 - root - INFO - Health check called
2026-07-26 19:34:13 - root - INFO - Health check called
2026-07-26 19:34:43 - root - INFO - Health check called
2026-07-26 19:34:49 - app.api.v1.endpoints.users - INFO - MODIFIED get_garage called, has_new_code=True
2026-07-26 19:35:14 - root - INFO - Health check called
2026-07-26 19:35:44 - root - INFO - Health check called
